<?xml version="1.0" encoding="UTF-8" standalone="yes"?>
<addon id="plugin.video.htpt.kids" name="HTPT KIDS" version="0.0.19" provider-name="finalmakerr">
  <requires>
    <import addon="xbmc.python" version="2.1.0"/>
	<import addon="plugin.video.youtube" version="5.1.0"/>
  </requires>
  <extension point="xbmc.python.pluginsource" library="default.py">
    <provides>video</provides>
  </extension>
  <extension point="xbmc.addon.metadata">
    <language>he</language>
	<platform>all</platform>
    <summary lang="en">My kids are loving it!</summary>
	<summary lang="he">הילדים שלי אוהבים את זה!</summary>
    <description lang="en">This addon is updated by Kodi's users (See sources in addon.xml file).[CR]Visit HTPT Facebook Page for support</description>
	<description lang="he">הרחבה זו מתוחזקת ע"י משתמשי קודי (ראה מקור בקובץ addon.xml).[CR]בקר אותנו בפייסבוק לתמיכה!</description>
    <disclaimer lang="en">The author does not host or distribute any of the content displayed by this addon. The author does not have any affiliation with the content provider.</disclaimer>
	<forum>http://www.hometheater.co.il/vp2330471#2330471</forum>
	<source>https://github.com/htpthtpt/htpt/tree/master/master/plugin.video.htpt.kids</source>
	<email>infohtpt@gmail.com</email>
	<website>https://www.facebook.com/pages/HTPT/934744346549707</website>
  </extension>
</addon>
