<?xml version="1.0" encoding="UTF-8" standalone="yes"?>
<addon id="service.subtitles.thewiz" name="TheWiz Subs" version="1.1.4" provider-name="TheWiz">
  <requires>
    <import addon="xbmc.python" version="2.14.0"/>
	<import addon="script.module.requests" version="2.4.3" />
  </requires>
  <extension point="xbmc.subtitle.module" library="service.py"/>
  <extension point="xbmc.addon.metadata">
    <summary lang="en">TheWiz Subs</summary>
    <description lang="en">TheWiz Subs - Hebrew Only</description>
    <language>en</language>
    <license>GNU GENERAL PUBLIC LICENSE. Version 2, June 1991</license>
  </extension>
</addon>
