<?xml version="1.0" encoding="UTF-8" standalone="yes"?>
<addon id="plugin.video.snooker" name="[COLOR green]Snooker - סנוקר[/COLOR]" version="1.0.4" provider-name="Abeksis">
  <requires>
    <import addon="xbmc.python" version="2.1.0"/>
    <import addon="script.module.addon.common" version="2.0.0"/>
    <import addon="plugin.video.youtube" version="5.0.0"/>
  </requires>
  <extension point="xbmc.python.pluginsource" library="default.py">
    <provides>video</provides>
  </extension>
  <extension point="xbmc.addon.metadata">
    <summary lang="en">Vod Snooker</summary>
    <summary lang="he">סנוקר VOD</summary>
    <description lang="en">Vod Snooker All major, Ronnie O'Sulliva, Jimmy White, Judd TRUMP, Neil ROBERTSON, Mark SELBY, John HIGGINS, 147 Break, Welsh Open 2016, Ronnie O'Sullivan's show, Shaun Murphy, amd mor.</description>
    <description lang="he">מגוון עצום של משחקי סנוקר, הדרכות, משחקים מלאים, סרטונים של כל שחקן ושחקן, הכל בקליק.</description>
    <platform>all</platform>
    <forum>n/a</forum>
    <website>n/a</website>
  </extension>
</addon>