﻿<?xml version="1.0" encoding="UTF-8" standalone="yes"?>
<addon id="resource.images.skinbackgrounds.FilmDesign" name="Skin Backgrounds - Film Desgin (Hebrew)" version="1.0.0" provider-name="Adir Abutbul, Benny Buchnik">
	<extension point="kodi.resource.images" compile="false" type="skinbackgrounds" />
	<requires>
		<import addon="kodi.resource" version="1.0.0"/>
	</requires>
	<extension point="xbmc.addon.metadata">
		<summary lang="en">Skin backgrounds Pack - Film Desgin</summary>
		<description lang="en">Skin backgrounds Pack - Film Desgin</description>
		<summary lang="he">Film Desginם - סגנון וייב</summary>
		<description lang="he">Film Desgin ם - סגנון וייב</description>
		<platform>all</platform>
	</extension>
</addon>
