<?xml version="1.0" encoding="UTF-8"?>
<colors>
    
    <!-- System Colors -->
    <color name="Black">FF000000</color>
    <color name="Pink">FFe533b5</color>
    <color name="Green">FF85b503</color>
    
    <!-- Home Tile Colors -->
    <color name="HomeCustom1">bF33b5e5</color>
    <color name="HomeCustom2">bFb5e533</color>
    <color name="HomeCustom3">bfe533b5</color>  
    <color name="HomeCustom4">bfe5b533</color>  
    <color name="HomeCustom5">bfb533e5</color>
    <color name="HomeCustom6">bf33e5b5</color>
    <color name="HomeCustom7">ff666666</color>
    <color name="HomeCustom8">ff777777</color>
    
    <!-- Home/Video Header -->
    <color name="MainLabel">FFededed</color>
    <color name="SubLabel">BFededed</color>
    
    <!-- Library View Header -->
    <color name="MainLabel2">FFededed</color>
    <color name="SubLabel2">FFFFFFFF</color>
    
    <color name="OSD-NF">6fededed</color>
    
    <!-- Top Bar in Library-->
    <color name="TopBar">FFFFFFFF</color>
    <color name="TopBarIcon">FFFFFFFF</color>
    
    <!-- Top Bar Home -->
    <color name="TopBarDark">ff181818</color>
    <color name="TopBarDarkIcon">ffededed</color>
    
    <!-- Highlight Colors -->
    <color name="PosterHighlight">AF266e86</color>
    <color name="Highlight">FF33b5e5</color>

    <!-- Keyboard -->
    <color name="Keyboard">FFe533b5</color>
    <color name="Keyboard-BG">ff474747</color>
    <color name="Keyboard-Keys">9f000000</color>
    
    <!-- Background Colour -->
    <color name="Background">5f181818</color>
    <color name="Background2">ff181818</color>
    
    <!-- Selected Text Colour -->
    <color name="Selected">FFFFFFFF</color>
    <color name="Selected2">ffdddddd</color>
    
    <!-- Main Colours -->
    <color name="SideLabel">FFFFFFFF</color>
    <color name="PosterBorder">3e888888</color>
    <color name="PosterBorder-NF">1e888888</color>
    <color name="BorderColor">7f181818</color>
    <color name="PanelBG">ff181818</color>
    <color name="PanelBG2">ff333333</color>
    <color name="RadioFO">ffffffff</color>
    <color name="PanelFG">ffdddddd</color>
    <color name="PanelFG-NF">FFFFFFFF</color>
    <color name="Disabled">3fededed</color>
    
    <!-- Home Bar -->
    <color name="HomeBarBG">ff181818</color>
    <color name="HomeBarFG">FFFFFFFF</color><!-- צבע הכיתוב של השורת בר בדף הבית כולל פרטי הסרט-->
    <color name="HomeBarSide">ff181818</color>
    <color name="TileDefault">ff2a2a2a</color>
</colors>
