<?xml version="1.0" encoding="UTF-8"?>
<colors>
    <!-- Home/Video Header -->
	<color name="MainLabel">CFededed</color>
    <color name="SubLabel">DFededed</color>
	
	<!-- Library View Header -->
	<color name="MainLabel2">FFd1621d</color>
    <color name="SubLabel2">FFd1621d</color>
    <color name="OSD-NF">FFE96D21</color>
	
	<!-- Top Bar in Library-->
	<color name="TopBar">CF1c1c1c</color>
	<color name="TopBarIcon">FFeb7b37</color>
	
	<!-- Top Bar Home -->
	<color name="TopBarDark">B5000000</color>
	<color name="TopBarDarkIcon">ffeb7b37</color>

	<!-- Highlight Colors -->
    <color name="Highlight">FF5588ff</color>
    <color name="PosterHighlight">FFba571a</color>
    
    <!-- Keyboard -->
    <color name="Keyboard">FF5588ff</color>

    <!-- Background Colour -->
     <color name="Background">ff070707</color>
	
	<!-- Selected Text Colour -->
    <color name="Selected3">ffE96D21</color>

    <!-- Main Colors -->
	<color name="PosterBorder">CF1c1c1c</color>
    <color name="PosterBorder-NF">CF1c1c1c</color>
	<color name="PanelBG">ff000000</color>
	<color name="PanelBG2">ff333333</color>
	<color name="PanelFG">ffE96D21</color>
	<color name="PanelFG-NF">FFE96D21</color>	
	<color name="Disabled">9ff1a779</color>
	
	<!-- Home Bar -->
    <color name="HomeBarBG">E5000000</color>
    <color name="HomeBarSide">E5000000</color>
    <color name="HomeBarFG">ffededed</color>
	<color name="TileDefault">26eb7b37</color>
</colors>
