<?xml version="1.0" encoding="UTF-8"?>
<colors>
   <!-- Home/Video Header -->
	<color name="MainLabel">CFededed</color>
    <color name="SubLabel">DFededed</color>
	
	<!-- Library View Header -->
    <color name="MainLabel2">F5e55f5f</color>
    <color name="SubLabel2">F5e55f5f</color>
	<color name="OSD-NF">FFff6a6a</color>
	
	<!-- Top Bar in Library-->
	<color name="TopBar">CF1c1c1c</color>
	<color name="TopBarIcon">FFff7878</color>
	
	<!-- Top Bar Home -->
	<color name="TopBarDark">B5000000</color>
	<color name="TopBarDarkIcon">FFff7878</color>

	<!-- Highlight Colors -->
    <color name="Highlight">FF3d95d8</color>
    <color name="PosterHighlight">FFcc5454</color>
    
    <!-- Keyboard -->
    <color name="Keyboard">FF3d95d8</color>

    <!-- Background Colour -->
    <color name="Background">ff070707</color>
	
	<!-- Selected Text Colour -->
    <color name="Selected3">ffff6a6a</color>

    <!-- Main Colors -->
    <color name="PosterBorder">CF1c1c1c</color>
    <color name="PosterBorder-NF">CF1c1c1c</color>
	<color name="PanelBG">ff000000</color>
	<color name="PanelBG2">ff333333</color>
	<color name="PanelFG">ffff6a6a</color>
	<color name="PanelFG-NF">FFff6a6a</color>
	<color name="Disabled">9fffb4b4</color> 	
	
	<!-- Home Bar -->
    <color name="HomeBarBG">E5000000</color>
    <color name="HomeBarFG">ffededed</color>
	<color name="HomeBarSide">E5000000</color>
    <color name="TileDefault">26ff7878</color>
</colors>
