<?xml version="1.0" encoding="UTF-8"?>
<colors>
    <!-- Home/Video Header -->
	<color name="MainLabel">CFededed</color>
    <color name="SubLabel">DFededed</color>
	
	<!-- Library View Header -->
    <color name="MainLabel2">FFc23636</color>
    <color name="SubLabel2">FFc23636</color>
    <color name="OSD-NF">FFd83d3d</color>
	
	<!-- Top Bar in Library-->
	<color name="TopBar">CF1c1c1c</color>
	<color name="TopBarIcon">FFdb5050</color>
	
	<!-- Top Bar Home -->
	<color name="TopBarDark">B5000000</color>
	<color name="TopBarDarkIcon">ffdb5050</color>

	<!-- Highlight Colors -->
    <color name="Highlight">FF5588ff</color>
    <color name="PosterHighlight">FFac3030</color>
    
    <!-- Keyboard -->
	<color name="Keyboard">FF5588ff</color>

    <!-- Background Colour -->
    <color name="Background">ff070707</color>
	
	<!-- Selected Text Colour -->
    <color name="Selected3">ffd83d3d</color>

    <!-- Main Colors -->    
	<color name="PosterBorder">CF1c1c1c</color>
    <color name="PosterBorder-NF">CF1c1c1c</color>
	<color name="PanelBG">ff000000</color>
	<color name="PanelBG2">ff333333</color>
	<color name="PanelFG">ffd83d3d</color>
	<color name="PanelFG-NF">FFd83d3d</color>	
	<color name="Disabled">9feb9e9e</color>
	
	<!-- Home Bar -->
    <color name="HomeBarBG">E5000000</color>
    <color name="HomeBarSide">E5000000</color>
    <color name="HomeBarFG">ffededed</color>
	<color name="TileDefault">26db5050</color>
</colors>
