<?xml version="1.0" encoding="UTF-8"?>
<colors>
        <!-- Home/Video Header -->
	<color name="MainLabel">CFededed</color>
    <color name="SubLabel">DFededed</color>
	
	<!-- Library View Header -->
    <color name="MainLabel2">FE7fa958</color>
    <color name="SubLabel2">FE7fa958</color>
    <color name="OSD-NF">FF8ebc62</color>
	
	<!-- Top Bar in Library-->
	<color name="TopBar">CF1c1c1c</color>
    <color name="TopBarIcon">FF99c271</color>
	
	<!-- Top Bar Home -->
	<color name="TopBarDark">B5000000</color>
	<color name="TopBarDarkIcon">FF99c271</color>

	<!-- Highlight Colors -->
    <color name="Highlight">FFc97100</color>
    <color name="PosterHighlight">FF71964e</color>
    
    <!-- Keyboard -->
    <color name="Keyboard">FFc97100</color>

    <!-- Background Colour -->
    <color name="Background">ff070707</color>
	
	<!-- Selected Text Colour -->
    <color name="Selected3">ff8ebc62</color>
	
    <!-- Main Colors -->
	<color name="PosterBorder">CF1c1c1c</color>
    <color name="PosterBorder-NF">CF1c1c1c</color>
	<color name="PanelBG">ff000000</color>
	<color name="PanelBG2">ff333333</color>
	<color name="PanelFG">ff8ebc62</color>
	<color name="PanelFG-NF">FF8ebc62</color>	
	<color name="Disabled">9fc6ddb0</color>
	
	<!-- Home Bar -->
    <color name="HomeBarBG">E5000000</color>
    <color name="HomeBarSide">E5000000</color>
    <color name="HomeBarFG">ffededed</color>
	<color name="TileDefault">2699c271</color>
</colors>
