<?xml version="1.0" encoding="UTF-8"?>
<colors>
    <!-- Home/Video Header -->
	<color name="MainLabel">CFededed</color>
    <color name="SubLabel">DFededed</color>
	
	<!-- Library View Header -->
    <color name="MainLabel2">F5c26767</color>
    <color name="SubLabel2">F5c26767</color>
	<color name="OSD-NF">FFd87373</color>
	
	<!-- Top Bar in Library-->
	<color name="TopBar">CF1c1c1c</color>
	<color name="TopBarIcon">FFdb8181</color>
	
	<!-- Top Bar Home -->
	<color name="TopBarDark">B5000000</color>
	<color name="TopBarDarkIcon">FFdb8181</color>

	<!-- Highlight Colors -->
    <color name="Highlight">FF3d95d8</color>
    <color name="PosterHighlight">FFac5c5c</color>
    
    <!-- Keyboard -->
    <color name="Keyboard">FF3d95d8</color>

    <!-- Background Colour -->
    <color name="Background">ff070707</color>
	
	<!-- Selected Text Colour -->
   <color name="Selected3">ffd87373</color>

    <!-- Main Colors -->
    <color name="PosterBorder">CF1c1c1c</color>
    <color name="PosterBorder-NF">CF1c1c1c</color>
	<color name="PanelBG">ff000000</color>
	<color name="PanelBG2">ff333333</color>
	<color name="PanelFG">ffd87373</color>
	<color name="PanelFG-NF">FFd87373</color>
	<color name="Disabled">9febb9b9</color> 	

	<!-- Home Bar -->
    <color name="HomeBarBG">E5000000</color>
    <color name="HomeBarFG">ffededed</color>
	<color name="HomeBarSide">E5000000</color>
    <color name="TileDefault">26db8181</color>
</colors>
