<?xml version="1.0" encoding="UTF-8"?>
<colors>
    <!-- Home/Video Header -->
	<color name="MainLabel">CFededed</color>
    <color name="SubLabel">DFededed</color>
	
	<!-- Library View Header -->
    <color name="MainLabel2">FF5caeae</color>
    <color name="SubLabel2">FF5caeae</color>
    <color name="OSD-NF">FF67c2c2</color>
	
	<!-- Top Bar in Library-->
	<color name="TopBar">CF1c1c1c</color>
    <color name="TopBarIcon">FF76c8c8</color>
	
	<!-- Top Bar Home -->
	<color name="TopBarDark">C5000000</color>
	<color name="TopBarDarkIcon">FF76c8c8</color>

	<!-- Highlight Colors -->
    <color name="Highlight">FFc97100</color>
    <color name="PosterHighlight">FF529b9b</color>
    
    <!-- Keyboard -->
    <color name="Keyboard">FFc97100</color>

    <!-- Background Colour -->
    <color name="Background">ff070707</color>
	
	<!-- Selected Text Colour -->
    <color name="Selected3">ff67c2c2</color>
	
	<!-- Main Colors -->
	<color name="PosterBorder">CF1c1c1c</color>
    <color name="PosterBorder-NF">CF1c1c1c</color>
	<color name="PanelBG">ff000000</color>
	<color name="PanelBG2">ff333333</color>
	<color name="PanelFG">ff67c2c2</color>
	<color name="PanelFG-NF">FF67c2c2</color>	
	<color name="Disabled">99b3e0e0</color>
	
	<!-- Home Bar -->
    <color name="HomeBarBG">E5000000</color>
    <color name="HomeBarFG">ffededed</color>
	<color name="HomeBarSide">E5000000</color>
	<color name="TileDefault">2676c8c8</color>
</colors>
