<?xml version="1.0" encoding="UTF-8"?>
<colors>
    <!-- Home/Video Header -->
	<color name="MainLabel">CFededed</color>
    <color name="SubLabel">DFededed</color>
	
	<!-- Library View Header -->
    <color name="MainLabel2">F5aa672d</color>
    <color name="SubLabel2">F5aa672d</color>
	<color name="OSD-NF">FFc38147</color>
	
	<!-- Top Bar in Library-->
	<color name="TopBar">CF1c1c1c</color>
	<color name="TopBarIcon">FFc38147</color>
	
	<!-- Top Bar Home -->
	<color name="TopBarDark">B5000000</color>
	<color name="TopBarDarkIcon">FFc38147</color>

	<!-- Highlight Colors -->
    <color name="Highlight">FFd65514</color>
    <color name="PosterHighlight">FF975c28</color>
    
    <!-- Keyboard -->
	<color name="Keyboard">FFd65514</color>

    <!-- Background Colour -->
    <color name="Background">ff070707</color>
	
	<!-- Selected Text Colour -->
    <color name="Selected3">ffc38147</color>

    <!-- Main Colors -->
    <color name="PosterBorder">CF1c1c1c</color>
    <color name="PosterBorder-NF">CF1c1c1c</color>
	<color name="PanelBG">ff000000</color>
	<color name="PanelBG2">ff333333</color>
	<color name="PanelFG">ffbd7333</color>
	<color name="PanelFG-NF">FFbd7333</color>
	<color name="Disabled">9ff1c27d</color> 	

	<!-- Home Bar -->
    <color name="HomeBarBG">E5000000</color>
    <color name="HomeBarFG">ffededed</color>
	<color name="HomeBarSide">E5000000</color>
    <color name="TileDefault">269c6738</color>
</colors>
