<?xml version="1.0" encoding="UTF-8"?>
<colors>
    <!-- Home/Video Header -->
	<color name="MainLabel">CFededed</color>
    <color name="SubLabel">DFededed</color>
	
	<!-- Library View Header -->
    <color name="MainLabel2">FFb96a02</color>
    <color name="SubLabel2">FFb96a02</color>
    <color name="OSD-NF">FFce7603</color>
	
	<!-- Top Bar in Library-->
	<color name="TopBar">CF1c1c1c</color>
	<color name="TopBarIcon">FFd2831c</color>
	
	<!-- Top Bar Home -->
	<color name="TopBarDark">B5000000</color>
	<color name="TopBarDarkIcon">ffd2831c</color>

	<!-- Highlight Colors -->
	<color name="Highlight">FF5588ff</color>
    <color name="PosterHighlight">FFa45e02</color>
    
    <!-- Keyboard -->
    <color name="Keyboard">FF5588ff</color>

    <!-- Background Colour -->
    <color name="Background">ff070707</color>
	
	<!-- Selected Text Colour -->
    <color name="Selected3">ffce7603</color>

    <!-- Main Colors -->
	<color name="PosterBorder">CF1c1c1c</color>
    <color name="PosterBorder-NF">CF1c1c1c</color>
	<color name="PanelBG">ff000000</color>
	<color name="PanelBG2">ff333333</color>
	<color name="PanelFG">ffce7603</color>
	<color name="PanelFG-NF">FFce7603</color>	
	<color name="Disabled">9fe1ac67</color>
	
	<!-- Home Bar -->
    <color name="HomeBarBG">E5000000</color>
    <color name="HomeBarSide">E5000000</color>
    <color name="HomeBarFG">ffededed</color>
	<color name="TileDefault">26d2831c</color>
</colors>
