<?xml version="1.0" encoding="UTF-8"?>
<overrides>

    <!-- WIDGET DEFAULTS -->
    <widget label="31031" icon="special://skin/extras/icons/film.png" path="special://skin/extras/playlists/NewMovies.xsp">special://skin/extras/playlists/NewMovies.xsp</widget>
    <widget label="31054" icon="special://skin/extras/icons/film.png" path="special://skin/extras/playlists/RandomMovies.xsp">special://skin/extras/playlists/RandomMovies.xsp</widget>
    <widget label="31032" icon="special://skin/extras/icons/film.png" path="plugin://script.skin.helper.service/?action=recommendedmovies&amp;limit=20&amp;reload=$INFO[Window(Home).Property(widgetreload)]">plugin://script.skin.helper.service/?action=recommendedmovies&amp;limit=20&amp;reload=$INFO[Window(Home).Property(widgetreload)]</widget>
    <widget label="31124" icon="special://skin/extras/icons/film.png" path="plugin://script.skin.helper.service/?action=similarmovies&amp;limit=20&amp;reload=$INFO[Window(Home).Property(widgetreload)]">plugin://script.skin.helper.service/?action=similarmovies&amp;limit=20&amp;reload=$INFO[Window(Home).Property(widgetreload)]</widget>
    <widget label="31055" icon="special://skin/extras/icons/tv.png" path="special://skin/extras/playlists/RandomEpisodes.xsp">special://skin/extras/playlists/RandomEpisodes.xsp</widget>
    <widget label="31035" icon="special://skin/extras/icons/tv.png" path="special://skin/extras/playlists/NewEpisodes.xsp">special://skin/extras/playlists/NewEpisodes.xsp</widget>
    <widget label="31036" icon="special://skin/extras/icons/tv.png" path="plugin://script.skin.helper.service/?action=nextepisodes&amp;limit=20&amp;reload=$INFO[Window(Home).Property(widgetreload)]">plugin://script.skin.helper.service/?action=nextepisodes&amp;limit=20&amp;reload=$INFO[Window(Home).Property(widgetreload)]</widget>
    <widget label="31077" icon="special://skin/extras/icons/film.png" path="plugin://script.extendedinfo?info=trendingmovies">plugin://script.extendedinfo?info=trendingmovies</widget>
    <widget label="31091" icon="special://skin/extras/icons/tv.png" path="plugin://script.extendedinfo?info=trendingshows">plugin://script.extendedinfo?info=trendingshows</widget>
    <widget label="31078" icon="special://skin/extras/icons/film.png" path="plugin://script.extendedinfo?info=incinemas">plugin://script.extendedinfo?info=incinemas</widget>
    <widget label="31079" icon="special://skin/extras/icons/film.png" path="plugin://script.extendedinfo?info=upcoming">plugin://script.extendedinfo?info=upcoming</widget>
    <widget label="31080" icon="special://skin/extras/icons/film.png" path="plugin://script.extendedinfo?info=popularmovies">plugin://script.extendedinfo?info=popularmovies</widget>
    <widget label="31081" icon="special://skin/extras/icons/film.png" path="plugin://script.extendedinfo?info=topratedmovies">plugin://script.extendedinfo?info=topratedmovies</widget>
    <widget label="31082" icon="special://skin/extras/icons/tv.png" path="plugin://script.extendedinfo?info=populartvshows">plugin://script.extendedinfo?info=populartvshows</widget>
    <widget label="31083" icon="special://skin/extras/icons/tv.png" path="plugin://script.extendedinfo?info=topratedtvshows">plugin://script.extendedinfo?info=topratedtvshows</widget>
    <widget label="31084" icon="special://skin/extras/icons/tv.png" path="plugin://script.extendedinfo?info=onairtvshows">plugin://script.extendedinfo?info=onairtvshows</widget>
    <widget label="31085" icon="special://skin/extras/icons/tv.png" path="plugin://script.extendedinfo?info=airingtodaytvshows">plugin://script.extendedinfo?info=airingtodaytvshows</widget>
    <widget label="8" condition="!IsEmpty(Skin.String(weather.fanart))">Weather</widget>
    <widgetPlaylists>True</widgetPlaylists>
        
    <!-- BACKGROUND SETTINGS -->
    <backgroundBrowse>True</backgroundBrowse>
    <background label="::PLAYLIST::">playlistBackground</background>
    
    <!-- REMOVE SETTINGS WARNING -->
    <warn heading="31103" message="31104">ActivateWindow(Settings)</warn>

    <!-- ADDITIONAL ON CLICK -->
    <!-- Hack for Kaitoast and ExtendedProgress -->
    <groupoverride group="mainmenu" condition="SubString(Container(9000).ListItem.Property(path),ActivateWindow,left) + !SubString(Container(9000).ListItem.Property(path),DialogFavourites) + !SubString(Container(9000).ListItem.Property(path),DialogButtonMenu) + !SubString(Container(9000).ListItem.Property(path),shutdownmenu) + !SubString(Container(9000).ListItem.Property(path),favourites)">SetProperty(FO9001,2,home)</groupoverride>

    <!-- Need to Fix this -->
    <groupoverride group="submenu" condition="SubString(Container(9002).ListItem.Property(path),ActivateWindow,left)">SetProperty(FO9001,2,home)</groupoverride>

    <!-- For Player Controls -->
    <groupoverride group="mainmenu" condition="Window.IsActive(PlayerControls.xml)">Close</groupoverride>

    <!-- For Power Menu -->
    <groupoverride group="powermenu" condition="Window.IsActive(DialogButtonMenu.xml)">Close</groupoverride>

    <!-- ICON DIRECTORY -->
    <thumbnailBrowseDefault>special://skin/extras/icons/</thumbnailBrowseDefault>

    <!-- ICON OVERRIDES -->
    <icon labelID="x1102">special://skin/extras/icons/tv.png</icon>
    <icon labelID="x1101">special://skin/extras/icons/film.png</icon>
    <icon labelID="livetv">special://skin/extras/icons/livetv.png</icon>
    <icon labelID="radio">special://skin/extras/icons/radio.png</icon>
    <icon labelID="weather">special://skin/extras/icons/sun.png</icon>
    <icon labelID="settings">special://skin/extras/icons/settings.png</icon>
    <icon labelID="13200">special://skin/extras/icons/actor.png</icon>
    <icon labelID="10007">special://skin/extras/icons/sysinfo.png</icon>
    <icon labelID="1036">special://skin/extras/icons/favourites.png</icon>
    <icon labelID="626">special://skin/extras/icons/recentlyadded.png</icon>
    <icon labelID="10504">special://skin/extras/icons/top100.png</icon>
    <icon labelID="10505">special://skin/extras/icons/top100.png</icon>
    <icon labelID="480">special://skin/extras/icons/eye.png</icon>
    <icon labelID="3">special://skin/extras/icons/video-addons.png</icon>
    <icon labelID="19020">special://skin/extras/icons/livetv.png</icon>
    <icon labelID="2">special://skin/extras/icons/songs.png</icon>
    <icon labelID="1">special://skin/extras/icons/pictures.png</icon>
    <icon labelID="8">special://skin/extras/icons/sun.png</icon>
    <icon labelID="24001">special://skin/extras/icons/addons.png</icon>
    <icon labelID="14036">special://skin/extras/icons/network.png</icon>
    <icon labelID="13000">special://skin/extras/icons/configure.png</icon>
    <icon labelID="20077">special://skin/extras/icons/year.png</icon>
    <icon labelID="13013">special://skin/extras/icons/power.png</icon>
    <icon labelID="13005">special://skin/extras/icons/power.png</icon>
    <icon labelID="13016">special://skin/extras/icons/power.png</icon>
    <icon labelID="13009">special://skin/extras/icons/power.png</icon>
    <icon labelID="13010">special://skin/extras/icons/power.png</icon>
    <icon labelID="13011">special://skin/extras/icons/power.png</icon>
    <icon labelID="20126">special://skin/extras/icons/power.png</icon>
    <icon labelID="360">special://skin/extras/icons/eye.png</icon>
    <icon labelID="13014">special://skin/extras/icons/sort-up.png</icon>
    <icon labelID="20045">special://skin/extras/icons/artist.png</icon>
    <icon labelID="600">special://skin/extras/icons/cd.png</icon>
    <icon labelID="32046">special://skin/extras/icons/update.png</icon>
    <icon labelID="32047">special://skin/extras/icons/update.png</icon>
    <icon labelID="32055">special://skin/extras/icons/wand.png</icon>
    <icon labelID="32056">special://skin/extras/icons/wand.png</icon>
    <icon image="DefaultShortcut.png">special://skin/extras/icons/addon.png</icon>
    <icon image="DefaultVideo.png">special://skin/extras/icons/video.png</icon>
    <icon image="DefaultMovies.png">special://skin/extras/icons/film.png</icon>
    <icon image="DefaultTVShows.png">special://skin/extras/icons/tv.png</icon>
    <icon image="DefaultAudio.png">special://skin/extras/icons/songs.png</icon>
    <icon image="DefaultMusicAlbums.png">special://skin/extras/icons/songs.png</icon>
    <icon image="DefaultMusicVideos.png">special://skin/extras/icons/musicvideo.png</icon>
    <icon image="DefaultPicture.png">special://skin/extras/icons/pictures.png</icon>
    <icon image="DefaultProgram.png">special://skin/extras/icons/addons.png</icon>
    <icon image="DefaultDVDFull.png">special://skin/extras/icons/cd.png</icon>
    <icon image="DefaultFolder.png">special://skin/extras/icons/files.png</icon>
    <icon image="UnknownUser.png">special://skin/extras/icons/actor.png</icon>
    <icon image="DefaultVideoPlaylists.png">special://skin/extras/icons/playlist.png</icon>
    <icon image="DefaultMusicPlaylists.png">special://skin/extras/icons/playlist.png</icon>
    <icon image="DefaultRecentlyAddedMovies.png">special://skin/extras/icons/recentlyadded.png</icon>
    <icon image="DefaultActor.png">special://skin/extras/icons/artist.png</icon>
    <icon image="DefaultCountry.png">special://skin/extras/icons/world.png</icon>
    <icon image="DefaultDirector.png">special://skin/extras/icons/director.png</icon>
    <icon image="DefaultGenre.png">special://skin/extras/icons/genre.png</icon>
    <icon image="DefaultMusicGenre.png">special://skin/extras/icons/audiogenre.png</icon>
    <icon image="DefaultSets.png">special://skin/extras/icons/sets.png</icon>
    <icon image="DefaultStudios.png">special://skin/extras/icons/director.png</icon>
    <icon image="DefaultTags.png">special://skin/extras/icons/tags.png</icon>
    <icon image="DefaultMovieTitle.png">special://skin/extras/icons/film.png</icon>
    <icon image="DefaultTVShowTitle.png">special://skin/extras/icons/tv.png</icon>
    <icon image="DefaultMusicVideoTitle.png">special://skin/extras/icons/musicvideo.png</icon>
    <icon image="DefaultYear.png">special://skin/extras/icons/year.png</icon>
    <icon image="DefaultRecentlyAddedEpisodes.png">special://skin/extras/icons/recentlyadded.png</icon>
    <icon image="DefaultRecentlyAddedMusicVideos.png">special://skin/extras/icons/recentlyadded.png</icon>
    <icon image="DefaultInProgressShows.png">special://skin/extras/icons/recentlyadded.png</icon>
    <icon image="DefaultMusicArtists.png">special://skin/extras/icons/artist.png</icon>
    <icon image="DefaultMusicGenres.png">special://skin/extras/icons/audiogenre.png</icon>
    <icon image="DefaultMusicSongs.png">special://skin/extras/icons/song.png</icon>
    <icon image="DefaultMusicYears.png">special://skin/extras/icons/years.png</icon>
    <icon image="DefaultMusicTop100.png">special://skin/extras/icons/top100.png</icon>
    <icon image="DefaultMusicRecentlyAdded.png">special://skin/extras/icons/recentlyadded.png</icon>
    <icon image="DefaultMusicRecentlyPlayed.png">special://skin/extras/icons/recent.png</icon>
    <icon image="DefaultAddonVideo.png">special://skin/extras/icons/video-addons.png</icon>
    <icon image="DefaultAddonMusic.png">special://skin/extras/icons/songs.png</icon>
    <icon image="DefaultAddonProgram.png">special://skin/extras/icons/addons.png</icon>

    <!-- GROUPINGS -->
    <!-- Main Grouping -->
    <groupings>
        
        <node label="31139">
            <shortcut label="31093" type="Hub 1101" icon="special://skin/extras/icons/film.png">ActivateWindow(1101)</shortcut>
            <shortcut label="31094" type="Hub 1102" icon="special://skin/extras/icons/tv.png">ActivateWindow(1102)</shortcut>
            <shortcut label="31123" type="Hub 1103" icon="special://skin/extras/icons/addon.png">ActivateWindow(1103)</shortcut>
            <shortcut label="31261" type="Hub 1104" icon="special://skin/extras/icons/addon.png">ActivateWindow(1104)</shortcut>
            <shortcut label="31262" type="Hub 1105" icon="special://skin/extras/icons/addon.png">ActivateWindow(1105)</shortcut>
            <shortcut label="31263" type="Hub 1106" icon="special://skin/extras/icons/addon.png">ActivateWindow(1106)</shortcut>
            <shortcut label="31264" type="Hub 1107" icon="special://skin/extras/icons/addon.png">ActivateWindow(1107)</shortcut>
            <shortcut label="31265" type="Hub 1108" icon="special://skin/extras/icons/addon.png">ActivateWindow(1108)</shortcut>
            <shortcut label="31266" type="Hub 1109" icon="special://skin/extras/icons/addon.png">ActivateWindow(1109)</shortcut>
            <shortcut label="31292" type="Hub 1110" icon="special://skin/extras/icons/addon.png">ActivateWindow(1110)</shortcut>
            <shortcut label="31293" type="Hub 1111" icon="special://skin/extras/icons/addon.png">ActivateWindow(1111)</shortcut>
            <shortcut label="31294" type="Hub 1112" icon="special://skin/extras/icons/addon.png">ActivateWindow(1112)</shortcut>
            <shortcut label="31295" type="Hub 1113" icon="special://skin/extras/icons/addon.png">ActivateWindow(1113)</shortcut>
            <shortcut label="31296" type="Hub 1114" icon="special://skin/extras/icons/addon.png">ActivateWindow(1114)</shortcut>
            <shortcut label="31297" type="Hub 1115" icon="special://skin/extras/icons/addon.png">ActivateWindow(1115)</shortcut>
            <shortcut label="31298" type="Hub 1116" icon="special://skin/extras/icons/addon.png">ActivateWindow(1116)</shortcut>
            <shortcut label="31299" type="Hub 1117" icon="special://skin/extras/icons/addon.png">ActivateWindow(1117)</shortcut>
            <shortcut label="31300" type="Hub 1118" icon="special://skin/extras/icons/addon.png">ActivateWindow(1118)</shortcut>
            <shortcut label="31301" type="Hub 1119" icon="special://skin/extras/icons/addon.png">ActivateWindow(1119)</shortcut>
            <shortcut label="31302" type="Hub 1120" icon="special://skin/extras/icons/addon.png">ActivateWindow(1120)</shortcut>
        </node>
        <node label="32029">
            <content>common</content>
            <shortcut label="$ADDON[script.skin.helper.service 32062]" type="32010" condition="System.HasAddon(script.skin.helper.service)">||BROWSE||script.skin.helper.service/?action=smartshortcuts</shortcut>
        </node>
        <node label="32030">
            <content>video</content>
            <node label="32040">
                <content>playlist-video</content>
            </node>
            <node label="32010">
                <shortcut label="1037" type="32014" icon="DefaultAddonVideo.png">ActivateWindow(Videos,Addons,return)</shortcut>
                <content>addon-video</content>
            </node>
            <node label="32075">
                <content>videosources</content>
                <content>upnp-video</content>
            </node>
        </node>
        <node label="32031">
            <content>music</content>
            <node label="32040">
                <content>playlist-audio</content>
            </node>
            <node label="32011">
                <shortcut label="1038" type="32019" icon="DefaultAddonMusic.png">ActivateWindow(MusicLibrary,Addons,return)</shortcut>
                <content>addon-audio</content>
            </node>
            <node label="32075">
                <content>musicsources</content>
                <content>upnp-music</content>
            </node>
        </node>
        <node label="32017" condition="System.GetBool(pvrmanager.enabled)" version="13">
            <content>pvr</content>
            <node label="19023">
                <content>pvr-tv</content>
            </node>
            <node label="19024">
                <content>pvr-radio</content>
            </node>
        </node>
        <node label="32017" condition="PVR.HasTVChannels" version="14">
            <content>pvr</content>
            <node label="19023">
                <content>pvr-tv</content>
            </node>
        </node>
        <node label="32087" condition="PVR.HasRadioChannels" version="14">
            <content>radio</content>
            <node label="19024">
                <content>pvr-radio</content>
            </node>
        </node>
        <node label="32020">
            <content>picturesources</content>
        </node>
        <node label="32007">
            <node label="32009">
                <shortcut label="10001" type="32021" icon="DefaultAddonProgram.png">ActivateWindow(Programs,Addons,return)</shortcut>
                <content>addon-program</content>
            </node>
            <node label="32010">
                <shortcut label="1037" type="32014" icon="DefaultAddonVideo.png">ActivateWindow(Videos,Addons,return)</shortcut>
                <content>addon-video</content>
            </node>
            <node label="32011">
                <shortcut label="1038" type="32019" icon="DefaultAddonMusic.png">ActivateWindow(MusicLibrary,Addons,return)</shortcut>
                <content>addon-audio</content>
            </node>
            <node label="32012">
                <shortcut label="1039" type="32020" icon="DefaultAddonPicture.png">ActivateWindow(Pictures,Addons,return)</shortcut>
                <content>addon-image</content>
            </node>
        </node>
        <node label="32006">
            <content>favourite</content>
        </node>
        <node label="10004">
            <content>settings</content>
        </node>
        <node label="32054">
            <content>commands</content>
        </node>
    </groupings>
    
    <!-- Parental control  בקרת הורים-->
	<override action="globaloverride">
		<condition>SubString(Container(9000).ListItem.Property(ParentalControl),yes) + !StringCompare(Skin.String(mypassword),Skin.String(passcode))</condition>
		<action>Skin.SetString(dialog_action,::ACTION::)</action>
		<action>ActivateWindow(1132)</action> 
		<action>AlarmClock(parental,Skin.Reset(mypassword),$VAR[password_time],Silent)</action>	
	</override>
	<override action="globaloverride">
		<condition>[IsEmpty(Container(9000).ListItem.Property(ParentalControl)) | SubString(Container(9000).ListItem.Property(ParentalControl),no)] | StringCompare(Skin.String(mypassword),Skin.String(passcode))</condition>
		<action>AlarmClock(parental,Skin.Reset(mypassword),$VAR[password_time],Silent)</action>
		<action>::ACTION::</action>
	</override>

	<propertySettings property="ParentalControl" buttonID="993" title="$LOCALIZE[31284]" showNone="False" imageBrowse="False" />
	<property property="ParentalControl" label="$LOCALIZE[106]" icon="special://skin/extras/icons/lock.png">No</property>
	<property property="ParentalControl" label="$LOCALIZE[107]" icon="special://skin/extras/icons/lock.png">Yes</property>
	<alwaysReset>True</alwaysReset>    
    
</overrides>

