<?xml version="1.0" encoding="UTF-8" standalone="yes"?>
<addon
  id="plugin.video.kodi-101"
  name="101 - The Best of Kodi Tutorials"
  version="0.1.0"
  provider-name="Nir Elbaz">
    <requires>
        <import addon="xbmc.python" version="2.20.0"/>
        <import addon="script.module.requests" version="2.8.1"/>
        <import addon="script.module.routing" version="0.2.0"/>
        <import addon="plugin.video.youtube" version="5.1.10"/>
    </requires>
    <extension point="xbmc.python.pluginsource" library="addon.py">
        <provides>video</provides>
    </extension>
    <extension point="xbmc.addon.metadata">
        <summary lang="en">Index of Kodi video tutorials</summary>
        <description lang="en">Getting started with Kodi? Don't know how to perform some tasks on your Kodi? Install this addon to find the best how-to videos which were submitted by Kodi community members</description>
        <disclaimer lang="en"></disclaimer>
        <language>he</language>
        <platform>all</platform>
        <license>GNU GENERAL PUBLIC LICENSE Version 2, June 1991</license>
        <website>http://nirelbaz.com/</website>
        <email>nir@nirelbaz.com</email>
    </extension>
</addon>