<?xml version="1.0" encoding="UTF-8" standalone="yes"?>
<addon id="plugin.video.anarchitv"
       name="[COLOR yellow]Televiz[/COLOR]"
       version="1.1.5"
       provider-name="Kodi Senyor and Acidia Kodi">
  <requires>
 <import addon="xbmc.python" version="2.1.0"/>
  </requires>
  <extension point="xbmc.python.pluginsource" library="default.py">
    <provides>video</provides>
  </extension>
  <extension point="xbmc.addon.metadata">
    <summary>Televiz</summary>
    <description>
	Televiz Live tv channels
    </description>
	<disclaimer lang="en">
	The author does not host or distribute any of the content displayed by this addon or have any affiliation with the website owners
	</disclaimer>
	<license></license>
    <website>Televiz.net</website>
    <email></email>
    <platform>all</platform>
  </extension>
</addon>
