<?xml version="1.0" encoding="UTF-8" standalone="yes"?>
<addon id="plugin.video.quasar" name="Quasar" version="0.9.62" provider-name="scakemyer">
    <requires>
        <import addon="xbmc.python" version="2.1.0" />
        <import addon="script.quasar.burst" optional="true" />
    </requires>
    <extension point="xbmc.python.pluginsource" library="navigation.py">
        <provides>video</provides>
    </extension>
    <extension point="xbmc.service" library="service.py" start="startup" />
    <extension point="xbmc.python.module" library="resources/site-packages" />
    <extension point="xbmc.subtitle.module" library="navigation.py" />
    <extension point="xbmc.addon.metadata">
        <summary lang="en">Quasar: Torrent streaming</summary>
        <description lang="en">Stream torrent files</description>
        <language>en el es de fi fr he hr it nl pt ro sk</language>
        <platform>all</platform>
        <website>https://github.com/scakemyer/plugin.video.quasar</website>
        <source>https://github.com/scakemyer/plugin.video.quasar</source>
        <forum>http://forum.kodi.tv/showthread.php?tid=257967</forum>
        <license>Non commercial. See https://github.com/scakemyer/plugin.video.quasar/blob/master/LICENSE</license>
        <assets>
            <icon>icon.png</icon>
            <fanart>fanart.jpg</fanart>
        </assets>
    </extension>
</addon>
