<?xml version="1.0" encoding="UTF-8" standalone="yes"?>
<addon id="script.eztvapi2kd" name="[COLOR FFC0392B]EZTVapi[/COLOR]2KD" version="1.0.3" provider-name="mancuniancol">
	<requires>
		<import addon="xbmc.python" version="2.12.0"/>
	</requires>
	<extension point="xbmc.python.script" library="main.py">
		<provides>executable</provides>
	</extension>
	<extension point="xbmc.service" library="service.py" start="login">
	</extension>
	<extension point="xbmc.addon.metadata">
		<summary lang="en">EZTVapi2KD</summary>
		<description lang="en">This script creates .strm files from personalize list to be play for pulsar, kmediatorrent, xbmctorrent or torrenter V2 from the local library</description>
		<language></language>
		<platform>all</platform>
		<forum>http://forum.xbmc.org/showthread.php?tid=204728</forum>
		<disclaimer lang="en">It is just for educational purpose[CR]Check if it is illegal in your country to use.</disclaimer>
		<license>GNU GENERAL PUBLIC LICENSE. Version 2, June 1991</license>
	</extension>
</addon>
