<?xml version="1.0" encoding="UTF-8"?>
<!-- Foundation -->
<window id="20">
    <defaultcontrol always="true">50</defaultcontrol>
    <views>50,51,500,53,54,55,56,57,58</views>
    <allowoverlay>yes</allowoverlay>
    <background>ff181818</background>

    <controls>

        <include>GlobalBackground</include>
        
        <include>DefMyNavViews</include>
        
        <include>GlobalTopBar</include>
        
        
        
        <control type="group">   
            <include>DefMyNavBar</include>    
            <control type="grouplist" id="9000">
                <include>DefMyNavBarGroupList</include>
                <control type="button" id="2">
                    <description>View</description>
                    <include>DefNavMenuButton</include>
                </control>

                <control type="button" id="3">
                    <description>Sort</description>
                    <include>DefNavMenuButton</include>
                </control>

                <control type="togglebutton" id="4">
                    <description>Ascending/Descending</description>
                    <label>584</label>
                    <altlabel>585</altlabel>
                    <include>DefNavMenuButton</include>
                </control>

                <control type="button" id="5">
                    <description>Enable auto-updates</description>
                    <label>24063</label>
                    <radioposx>370</radioposx>
                    <include>DefNavMenuButton</include>
                    
                </control>

                <control type="radiobutton" id="6">
                    <description>No notifications</description>
                    <label>25000</label>
                    <radioposx>370</radioposx>
                    <include>DefNavMenuButton</include>
                </control>
            </control>
        </control>

    </controls>

</window>
