<?xml version="1.0" encoding="UTF-8"?>
<!-- Foundation -->
<window type="dialog" id="3061">
    <defaultcontrol always="true">9200</defaultcontrol>
    <onunload>ClearProperty(item,3061)</onunload>
    <allowoverlay>true</allowoverlay>
    <controls>
        <control type="group">
            
            
            <control type="group">
                <visible>!Window.IsVisible(DialogSelect.xml)</visible>
                <visible>!Window.IsVisible(FileBrowser.xml)</visible>
                <visible>!Window.IsVisible(3062)</visible>
                <visible>!Window.IsVisible(3065)</visible>
                <include>Animation.FadeIn</include>
                <include>Animation.FadeOut</include>

                <control type="panel" id="9200">
                    <posx>14</posx>
                    <posy>200</posy>
                    <width>1904</width>
                    <height>600</height>
                    <onleft>9200</onleft>
                    <onright>9200</onright>
                    <onup>9200</onup>
                    <ondown>9200</ondown>
                    <pagecontrol>60</pagecontrol>
                    <viewtype label="539">list</viewtype>
                    <scrolltime tween="quadratic">400</scrolltime>
                    <orientation>vertical</orientation>

                    <itemlayout width="476" height="100">

                        <control type="image">
                            <width>464</width>
                            <height>89</height>
                            <texture colordiffuse="PosterBorder" border="5">common/border-inner.png</texture>
                        </control>
                        <control type="image">
                            <width>89</width>
                            <height>89</height>
                            <texture>$INFO[ListItem.Icon]</texture>
                            <aspectratio>scale</aspectratio>
                        </control>
                        <control type="label">
                            <right>30</right>
                            <posy>-5</posy>
                            <width>300</width>
                            <align>right</align>
                            <aligny>center</aligny>
                            <textcolor>PanelFG</textcolor>
                            <label>$INFO[ListItem.Label]</label>
                            <animation effect="slide" end="0,18" condition="IsEmpty(ListItem.Label2)">Conditional</animation>
                        </control>
                        <control type="label">
                            <right>30</right>
                            <posy>28</posy>
                            <width>300</width>
                            <align>right</align>
                            <aligny>center</aligny>
                            <textcolor>PanelFG</textcolor>
                            <font>Font-ListInfo-Small</font>
                            <label>$INFO[ListItem.Label2]</label>
                        </control>

                    </itemlayout>

                    <focusedlayout width="476" height="100">

                        <control type="image">
                            <width>464</width>
                            <height>89</height>
                            <texture colordiffuse="PosterHighlight" border="5">common/white.png</texture>
                        </control>
                        <control type="image">
                            <width>89</width>
                            <height>89</height>
                            <texture>$INFO[ListItem.Icon]</texture>
                            <aspectratio>scale</aspectratio>
                        </control>
                        <control type="label">
                            <right>30</right>
                            <posy>-5</posy>
                            <width>300</width>
                            <align>right</align>
                            <aligny>center</aligny>
                            <textcolor>Selected</textcolor>
                            <label>$INFO[ListItem.Label]</label>
                            <animation effect="slide" end="0,18" condition="IsEmpty(ListItem.Label2)">Conditional</animation>
                        </control>
                        <control type="label">
                            <right>30</right>
                            <posy>28</posy>
                            <width>300</width>
                            <align>right</align>
                            <aligny>center</aligny>
                            <textcolor>Selected</textcolor>
                            <font>Font-ListInfo-Small</font>
                            <label>$INFO[ListItem.Label2]</label>
                        </control>

                    </focusedlayout>
                    <content>
                        <item id="0">
                            <description>Movies Hub</description>
                            <label>20342</label>
                            <icon>special://skin/extras/icons/film.png</icon>
                            <onclick>Skin.SetString($INFO[Window(3061).Property(item),,.label],$LOCALIZE[20342])</onclick>
                            <onclick>Skin.SetString($INFO[Window(3061).Property(item),,.Path],ActivateWindow(3201))</onclick>
                            <onclick>Skin.SetString($INFO[Window(3061).Property(item),,.icon],special://skin/extras/icons/film.png)</onclick>
                            <onclick>Skin.SetBool($INFO[Window(3061).Property(item),,.enabled])</onclick>
                            
                            
                            
                        </item>
                        <item id="1">
                            <description>Tv Shows Hub</description>
                            <label>20343</label>
                            <icon>special://skin/extras/icons/tv.png</icon>
                            <onclick>Skin.SetString($INFO[Window(3061).Property(item),,.label],$LOCALIZE[20343])</onclick>
                            <onclick>Skin.SetString($INFO[Window(3061).Property(item),,.Path],ActivateWindow(3202))</onclick>
                            <onclick>Skin.SetString($INFO[Window(3061).Property(item),,.icon],special://skin/extras/icons/tv.png)</onclick>
                            <onclick>Skin.SetBool($INFO[Window(3061).Property(item),,.enabled])</onclick>
                            
                            
                            
                        </item>
                        <item id="2">
                            <description>Music Hub</description>
                            <label>2</label>
                            <icon>special://skin/extras/icons/songs.png</icon>
                            <onclick>Skin.SetString($INFO[Window(3061).Property(item),,.label],$LOCALIZE[2])</onclick>
                            <onclick>Skin.SetString($INFO[Window(3061).Property(item),,.Path],ActivateWindow(3203))</onclick>
                            <onclick>Skin.SetString($INFO[Window(3061).Property(item),,.icon],special://skin/extras/icons/songs.png)</onclick>
                            <onclick>Skin.SetBool($INFO[Window(3061).Property(item),,.enabled])</onclick>
                            
                            
                            
                        </item>
                        <item id="3">
                            <description>Live TV</description>
                            <label>31104</label>
                            <icon>special://skin/extras/icons/livetv.png</icon>
                            <onclick>Skin.SetString($INFO[Window(3061).Property(item),,.label],$LOCALIZE[31104])</onclick>
                            <onclick>Skin.SetString($INFO[Window(3061).Property(item),,.Path],ActivateWindow(3204))</onclick>
                            <onclick>Skin.SetString($INFO[Window(3061).Property(item),,.icon],special://skin/extras/icons/livetv.png)</onclick>
                            <onclick>Skin.SetBool($INFO[Window(3061).Property(item),,.enabled])</onclick>
                            
                            
                            
                        </item>
                        <item id="4">
                            <description>Pictures</description>
                            <label>1</label>
                            <icon>special://skin/extras/icons/pictures.png</icon>
                            <onclick>Skin.SetString($INFO[Window(3061).Property(item),,.label],$LOCALIZE[1])</onclick>
                            <onclick>Skin.SetString($INFO[Window(3061).Property(item),,.Path],ActivateWindow(Pictures))</onclick>
                            <onclick>Skin.SetString($INFO[Window(3061).Property(item),,.icon],special://skin/extras/icons/pictures.png)</onclick>
                            <onclick>Skin.SetBool($INFO[Window(3061).Property(item),,.enabled])</onclick>
                            
                            
                            
                        </item>
                        <item id="5">
                            <description>Programs</description>
                            <label>0</label>
                            <icon>special://skin/extras/icons/addons.png</icon>
                            <onclick>Skin.SetString($INFO[Window(3061).Property(item),,.label],$LOCALIZE[0])</onclick>
                            <onclick>Skin.SetString($INFO[Window(3061).Property(item),,.Path],ActivateWindow(Programs))</onclick>
                            <onclick>Skin.SetString($INFO[Window(3061).Property(item),,.icon],special://skin/extras/icons/addons.png)</onclick>
                            <onclick>Skin.SetBool($INFO[Window(3061).Property(item),,.enabled])</onclick>
                            
                            
                            
                        </item>
                        <item id="6">
                            <description>Weather</description>
                            <label>8</label>
                            <icon>special://skin/extras/icons/sun.png</icon>
                            <onclick>Skin.SetString($INFO[Window(3061).Property(item),,.label],$LOCALIZE[8])</onclick>
                            <onclick>Skin.SetString($INFO[Window(3061).Property(item),,.Path],ActivateWindow(Weather))</onclick>
                            <onclick>Skin.SetString($INFO[Window(3061).Property(item),,.icon],special://skin/extras/icons/sun.png)</onclick>
                            <onclick>Skin.SetBool($INFO[Window(3061).Property(item),,.enabled])</onclick>
                            
                            
                            
                        </item>
                        <item id="7">
                            <description>Search</description>
                            <label>137</label>
                            <icon>special://skin/extras/icons/search.png</icon>
                            <onclick>Skin.SetString($INFO[Window(3061).Property(item),,.label],$LOCALIZE[137])</onclick>
                            <onclick>Skin.SetString($INFO[Window(3061).Property(item),,.Path],RunScript(script.globalsearch))</onclick>
                            <onclick>Skin.SetString($INFO[Window(3061).Property(item),,.icon],special://skin/extras/icons/search.png)</onclick>
                            <onclick>Skin.SetBool($INFO[Window(3061).Property(item),,.enabled])</onclick>
                            
                            
                            
                        </item>
                        <item id="8">
                            <description>Video Addons</description>
                            <label>24001</label>
                            <icon>special://skin/extras/icons/video-addons.png</icon>
                            <onclick>Skin.SetString($INFO[Window(3061).Property(item),,.label],$LOCALIZE[24001])</onclick>
                            <onclick>Skin.SetString($INFO[Window(3061).Property(item),,.Path],ActivateWindow(Videos,addons://sources/video/,return))</onclick>
                            <onclick>Skin.SetString($INFO[Window(3061).Property(item),,.icon],special://skin/extras/icons/video-addons.png)</onclick>
                            <onclick>Skin.SetBool($INFO[Window(3061).Property(item),,.enabled])</onclick>
                            
                            
                            
                        </item>
                         <item id="9">
                            <description>Kids</description><!-- ילדים -->
                            <label>31312</label>
                            <icon>special://skin/extras/icons/kids4.png</icon>
                            <onclick>Skin.SetString($INFO[Window(3061).Property(item),,.label],$LOCALIZE[31312])</onclick>
                            <onclick>Skin.SetString($INFO[Window(3061).Property(item),,.Path],ActivateWindow(3205))</onclick>
                            <onclick>Skin.SetString($INFO[Window(3061).Property(item),,.icon],special://skin/extras/icons/kids4.png)</onclick>
                            <onclick>Skin.SetBool($INFO[Window(3061).Property(item),,.enabled])</onclick>
                            
                            
                            
                        </item>
                         <item id="10">
                            <description>Pulsar - סרטים</description><!-- פוליסר -->
                            <label>31314</label>
                            <label2>31317</label2>
                            <icon>special://skin/extras/icons/Pulsarmovies.png</icon>
                            <onclick>Skin.SetString($INFO[Window(3061).Property(item),,.label],$LOCALIZE[31314])</onclick>
                            <onclick>Skin.SetString($INFO[Window(3061).Property(item),,.Path],ActivateWindow(3207))</onclick>
                            <onclick>Skin.SetString($INFO[Window(3061).Property(item),,.icon],special://skin/extras/icons/Pulsarmovies.png)</onclick>
                            <onclick>Skin.SetBool($INFO[Window(3061).Property(item),,.enabled])</onclick>
                           
                            
                        </item>  
                         <item id="11">
                            <description>Pulsar - סדרות</description><!-- פוליסר -->
                            <label>31315</label>
                            <label2>31316</label2>
                            <icon>special://skin/extras/icons/PulsarTv.png</icon>
                            <onclick>Skin.SetString($INFO[Window(3061).Property(item),,.label],$LOCALIZE[31315])</onclick>
                            <onclick>Skin.SetString($INFO[Window(3061).Property(item),,.Path],ActivateWindow(3208))</onclick>
                            <onclick>Skin.SetString($INFO[Window(3061).Property(item),,.icon],special://skin/extras/icons/PulsarTv.png)</onclick>
                            <onclick>Skin.SetBool($INFO[Window(3061).Property(item),,.enabled])</onclick>
                            
                            
                            
                        </item>  
                        <item id="12">
                            <description>Genesis - סרטים</description><!-- סרטים ג'נסיס -->
                            <label>31319</label>
                            <label2>31318</label2>
                            <icon>special://skin/extras/icons/genesisMovies.png</icon>
                            <onclick>Skin.SetString($INFO[Window(3061).Property(item),,.label],$LOCALIZE[31319])</onclick>
                            <onclick>Skin.SetString($INFO[Window(3061).Property(item),,.Path],ActivateWindow(3209))</onclick>
                            <onclick>Skin.SetString($INFO[Window(3061).Property(item),,.icon],special://skin/extras/icons/genesisMovies.png)</onclick>
                            <onclick>Skin.SetBool($INFO[Window(3061).Property(item),,.enabled])</onclick>
                            
                            
                            
                        </item> 
                        <item id="13">
                            <description>Genesis - סדרות</description><!-- ג'נסיס סדרות -->
                            <label>31320</label>
                            <label2>31321</label2>
                            <icon>special://skin/extras/icons/genesissdarot.png</icon>
                            <onclick>Skin.SetString($INFO[Window(3061).Property(item),,.label],$LOCALIZE[31320])</onclick>
                            <onclick>Skin.SetString($INFO[Window(3061).Property(item),,.Path],ActivateWindow(3210))</onclick>
                            <onclick>Skin.SetString($INFO[Window(3061).Property(item),,.icon],special://skin/extras/icons/genesissdarot.png)</onclick>
                            <onclick>Skin.SetBool($INFO[Window(3061).Property(item),,.enabled])</onclick>
                            
                            
                            
                        </item>                                                

                        <item id="14">
                            <description>FileManager</description><!-- מנהל קבצים -->
                            <label>31322</label>
                            <label2>31323</label2>
                            <icon>special://skin/extras/icons/files.png</icon>
                            <onclick>Skin.SetString($INFO[Window(3061).Property(item),,.label],$LOCALIZE[31322])</onclick>
                            <onclick>Skin.SetString($INFO[Window(3061).Property(item),,.Path],ActivateWindow(3))</onclick>
                            <onclick>Skin.SetString($INFO[Window(3061).Property(item),,.icon],special://skin/extras/icons/files.png)</onclick>
                            <onclick>Skin.SetBool($INFO[Window(3061).Property(item),,.enabled])</onclick>
                            
                            
                            
                        </item>

                        <item id="15">
                            <description>Favorites</description><!-- מועדפים -->
                            <label>31324</label>
                            <icon>special://skin/extras/icons/favourites.png</icon>
                            <onclick>Skin.SetString($INFO[Window(3061).Property(item),,.label],$LOCALIZE[31324])</onclick>  
                            <onclick>Skin.SetString($INFO[Window(3061).Property(item),,.Path],ActivateWindow(Favourites))</onclick>
                            <onclick>Skin.SetString($INFO[Window(3061).Property(item),,.icon],special://skin/extras/icons/favourites.png)</onclick>
                            <onclick>Skin.SetBool($INFO[Window(3061).Property(item),,.enabled])</onclick>
                            
                            
                            
                        </item>


                        <item id="12">
                            <description>Custom Addon</description>
                            <label>31163</label>
                            <label2>24001</label2>
                            <icon>special://skin/extras/icons/configure.png</icon>
                            <onclick>Skin.SetAddon(HomeAddon.Path,xbmc.addon.audio,xbmc.addon.video,xbmc.addon.image,xbmc.addon.executable)</onclick>
                            <onclick>Skin.SetString($INFO[Window(3061).Property(item),,.Path],RunAddon($INFO[Skin.String(HomeAddon.Path)]))</onclick>
                            <onclick>Skin.SetString($INFO[Window(3061).Property(item),,.label],$INFO[System.AddonTitle($INFO[Skin.String(HomeAddon.Path)])])</onclick>
                            <onclick>Skin.SetString($INFO[Window(3061).Property(item),,.icon],$INFO[System.AddonIcon($INFO[Skin.String(HomeAddon.Path)])])</onclick>
                            <onclick>Skin.SetString($INFO[Window(3061).Property(item),,.label])</onclick>
                            <onclick>SetProperty(showimages,1,home)</onclick>
                            <onclick>Skin.SetFile($INFO[Window(3061).Property(item),,.icon],.png|.jpg|.gif,special://skin/extras/icons/)</onclick>
                            <onclick>Skin.SetBool($INFO[Window(3061).Property(item),,.enabled])</onclick>
                           
                        </item>
                        
                        <item id="13">
                            <description>Custom Fav</description>
                            <label>31163</label>
                            <label2>1036</label2>
                            <icon>special://skin/extras/icons/favourites.png</icon>
                            <onclick>RunScript(script.favourites,property=$INFO[Window(3061).Property(item)])</onclick>
                            <onclick>Skin.SetBool($INFO[Window(3061).Property(item),,.enabled])</onclick>
                        </item>
                        
                        <item id="14">
                            <description>Custom Video Playlist</description>
                            <label>31163</label>
                            <label2>20012</label2>
                            <icon>special://skin/extras/icons/playlist.png</icon>
                            <onclick>Skin.SetFile(item.addon,.xsp|.m3u,special://profile/playlists/video/)</onclick>
                            <onclick>Skin.SetString($INFO[Window(3061).Property(item),,.Path],ActivateWindow(Videos,$INFO[Skin.String(item.addon)],return))</onclick>
                            <onclick>Skin.SetString($INFO[Window(3061).Property(item),,.label])</onclick>
                            <onclick>SetProperty(showimages,1,home)</onclick>
                            <onclick>Skin.SetFile($INFO[Window(3061).Property(item),,.icon],.png|.jpg|.gif,special://skin/extras/icons/)</onclick>                      
                            <onclick>Skin.SetBool($INFO[Window(3061).Property(item),,.enabled])</onclick>
                        </item>
                        
                        <item id="15">
                            <description>Custom Music Playlist</description>
                            <label>31163</label>
                            <label2>20011</label2>
                            <icon>special://skin/extras/icons/playlist.png</icon>
                            <onclick>Skin.SetFile(item.addon,.xsp|.m3u,special://profile/playlists/music/)</onclick>
                            <onclick>Skin.SetString($INFO[Window(3061).Property(item),,.Path],ActivateWindow(MusicLibrary,$INFO[Skin.String(item.addon)],return))</onclick>
                            <onclick>Skin.SetString($INFO[Window(3061).Property(item),,.label])</onclick>
                            <onclick>SetProperty(showimages,1,home)</onclick>
                            <onclick>Skin.SetFile($INFO[Window(3061).Property(item),,.icon],.png|.jpg|.gif,special://skin/extras/icons/)</onclick>                      
                            <onclick>Skin.SetBool($INFO[Window(3061).Property(item),,.enabled])</onclick>
                            
                            
                            
                        </item>
                        
                        <item id="15">
                            <description>Custom Path</description>
                            <label>31164</label>
                            <label2>748</label2>
                            <icon>special://skin/extras/icons/files.png</icon>
                            <onclick>Skin.SetString($INFO[Window(3061).Property(item),,.Path])</onclick>
                            <onclick>Skin.SetBool($INFO[Window(3061).Property(item),,.enabled])</onclick>
                        </item>
                        
                        <item id="16">
                            <description>Custom Label</description>
                            <label>31164</label>
                            <label2>13334</label2>
                            <icon>special://skin/extras/icons/keyboard.png</icon>
                            <onclick>Skin.SetString($INFO[Window(3061).Property(item),,.label])</onclick>
                        </item>
 
                        <item id="17">
                            <description>Custom Icon</description>
                            <label>31164</label>
                            <label2>31165</label2>
                            <icon>special://skin/extras/icons/rocket2.png</icon>
                            <onclick>SetProperty(showimages,1,home)</onclick>
                            <onclick>Skin.SetFile($INFO[Window(3061).Property(item),,.icon],.png|.jpg|.gif,special://skin/extras/icons/)</onclick>                      
                            
                            
                        </item>
                        
                        <item id="25">
                            <description>Widget / Background</description>
                            <label>31181</label>
                            <icon>special://skin/extras/icons/eye.png</icon>
                            <onclick>SetProperty(item,$INFO[Window(3061).Property(item)],3065)</onclick>
                            <onclick>ActivateWindow(3065)</onclick>
                            <visible>!Skin.HasSetting(home.usemixedglobalwidget)</visible>
                        </item>
 
                         <item id="26">
                            <description>Change background image</description>
                            <label>31304</label>
                            <label2>31305</label2>
                            <icon>special://skin/extras/icons/pictures.png</icon>
                            <onclick>Skin.SetImage($INFO[Window(3061).Property(item),,.bg])</onclick>
                            <visible>Skin.HasSetting(home.singleimage)</visible>                              
                            <onclick>Close</onclick>
                        </item>   
                        
                        <item id="18">
                            <description>Color</description>
                            <label>31164</label>
                            <label2>31201</label2>
                            <icon>special://skin/extras/icons/flask2.png</icon>
                            <onclick>SetProperty(item,$INFO[Window(3061).Property(item)],3062)</onclick>
                            <onclick>ActivateWindow(3062)</onclick>
                        </item>
                        
                        <item id="60">
                            <description>Move</description>
                            <label>31211</label>
                            <label2>31212</label2>
                            <icon>special://skin/extras/icons/signpost.png</icon>
                            <onclick>SetProperty(item,$INFO[Window(3061).Property(item)],3064)</onclick>
                            <onclick>Close</onclick>
                            <onclick>ActivateWindow(3064)</onclick>
                        </item>
                        
                        <item id="61">
                            <description>Insert</description>
                            <label>31219</label>
                            <icon>special://skin/extras/icons/wand.png</icon>
                            <onclick>RunScript(script.eminencefunctions,inserttile,$INFO[Window(3061).Property(item)])</onclick>
                        </item>
                        
                        <item id="19">
                            <description>Remove</description>
                            <label>117</label>
                            <icon>special://skin/extras/icons/forbidden.png</icon>
                            <onclick>Skin.Reset($INFO[Window(3061).Property(item),,.label])</onclick>
                            <onclick>Skin.Reset($INFO[Window(3061).Property(item),,.icon])</onclick>
                            <onclick>Skin.Reset($INFO[Window(3061).Property(item),,.enabled])</onclick> 
                            <onclick>Close</onclick>
                            <visible>!substring(Window(3061).Property(item),301)</visible>
                        </item>
                        
                        <item id="20">
                            <description>Done</description>
                            <label>186</label>
                            <icon>special://skin/extras/icons/close.png</icon>
                            <onclick>Close</onclick>
                                                
                        </item>
                        
                        
                        
                        

                    </content>

                </control>

            </control>

        </control>
        
        
        
    </controls>
</window>
