<?xml version="1.0" encoding="UTF-8"?>
<!-- Foundation -->
<window type="dialog" id="3063">
    <defaultcontrol>9301</defaultcontrol>
    <onunload>ClearProperty(item,3061)</onunload>
    <onunload>ClearProperty(item,3062)</onunload>
    <allowoverlay>true</allowoverlay>
    <controls>
        <control type="group">
            <visible>!Window.IsVisible(DialogSelect.xml)</visible>
            <visible>!Window.IsVisible(FileBrowser.xml)</visible>
            <control type="image">
                <width>1920</width>
                <height>1080</height>
                <texture colordiffuse="Background2">common/white.png</texture>
            </control>
            <control type="group">
                <left>350</left>
                <width>1220</width>
                <posy>320</posy>
                <visible>![Window.IsVisible(3064) | Window.IsVisible(3061) | Window.IsVisible(3062)]</visible>
                <include>Home-Menu-Button-BG2</include><!-- מיקום האריח השחור בהגדרות האריחים -->
                <control type="button"><!-- מיקום האריח בהגדרות האריחים -->
	                <posx>1320</posx>
                    <include>Home-Menu-Button</include>
                    <colordiffuse>ff555555</colordiffuse>
                </control>
                <control type="image">
                    <include>Home-Menu-Button</include>
                    <texture diffuse="home/tile.png" aligny="center" align="center">special://skin/extras/icons/info.png</texture>
                </control>
                <control type="label"><!-- מיקום כיתוב ההסבר בהגדרות האריחים -->	                
                    <posx>1230</posx>
                    <posy>157</posy>
                    <align>right</align>
                    <width>1370</width>
                    <include>Home-Menu-Button</include>
                    <aligny>center</aligny>
                    <font>Font-ListInfo</font>
                    <wrapmultiline>true</wrapmultiline>
                    <label>[B]$LOCALIZE[31214][/B][CR]$LOCALIZE[31213]</label>
                </control>
            </control>
            <control type="image">
                <include condition="!Skin.HasSetting(home.talltiles)">Short-Home-BG-Y</include>
                <include condition="Skin.HasSetting(home.talltiles)">Tall-Home-BG-Y</include>
                <width>1920</width>
                <height>376</height>
                <texture colordiffuse="PanelBG">common/white.png</texture>
            </control>
            <control type="grouplist" id="9300">
                <orientation>horizontal</orientation>
                <include condition="!Skin.HasSetting(home.talltiles)">Short-Home-Grouplist</include>
                <include condition="Skin.HasSetting(home.talltiles)">Tall-Home-Grouplist</include>
                                              
                 <control type="group">
                    <include>Home-Button-Group-Width</include>
                    <include>Home-Menu-Button-BG</include>
                    <control type="button" id="9301">
                        <include>Home-Menu-Button</include>
                        <onclick>SetProperty(item,home.301,3061)</onclick>
                        <onclick>ActivateWindow(3061)</onclick>
                        <colordiffuse>$INFO[Skin.String(home.301.bgcolor)]</colordiffuse>
                        <onleft>9331</onleft>
                        <onright>9302</onright>
                        <animation effect="fade" start="100" end="45" time="100" condition="!Control.HasFocus(9301)">Conditional</animation>
                    </control>
                    <control type="image">
                           <posy>135</posy>
	                       <aligny>top</aligny>
                        <include>Home-Menu-Button</include>
                        <texture diffuse="home/tile.png" fallback="special://skin/extras/icons/addtile.png" aligny="center" align="center">$INFO[Skin.String(home.301.Icon)]</texture>
                        <animation effect="fade" start="100" end="45" time="100" condition="!Control.HasFocus(9301)">Conditional</animation>
                    </control>
                    <control type="label">
                        <include>Home-Menu-Label</include>
                        <label fallback="31169">$INFO[Skin.String(home.301.Label)]</label>
                        <animation effect="fade" start="100" end="45" time="100" condition="!Control.HasFocus(9301)">Conditional</animation>
                    </control>
                </control>
                <control type="group">
                    <include>Home-Button-Group-Width</include>
                    <visible>Skin.HasSetting(home.301.enabled) | Skin.HasSetting(home.302.enabled)</visible>
                    <include>Home-Menu-Button-BG</include>
                    <control type="button" id="9302">
                        <include>Home-Menu-Button</include>
                        <onclick>SetProperty(item,home.302,3061)</onclick>
                        <onclick>ActivateWindow(3061)</onclick>
                        <colordiffuse>$INFO[Skin.String(home.302.bgcolor)]</colordiffuse>
                        <onleft>9301</onleft>
                        <onright>9303</onright>
                        <animation effect="fade" start="100" end="45" time="100" condition="!Control.HasFocus(9302)">Conditional</animation>
                    </control>
                    <control type="image">
                           <posy>135</posy>
	                       <aligny>top</aligny>
                        <include>Home-Menu-Button</include>
                        <texture diffuse="home/tile.png" fallback="special://skin/extras/icons/addtile.png" aligny="center" align="center">$INFO[Skin.String(home.302.Icon)]</texture>
                        <animation effect="fade" start="100" end="45" time="100" condition="!Control.HasFocus(9302)">Conditional</animation>
                    </control>
                    <control type="label">
                        <include>Home-Menu-Label</include>
                        <label fallback="31169">$INFO[Skin.String(home.302.Label)]</label>
                        <animation effect="fade" start="100" end="45" time="100" condition="!Control.HasFocus(9302)">Conditional</animation>
                    </control>
                </control>
                <control type="group">
                    <include>Home-Button-Group-Width</include>
                    <visible>Skin.HasSetting(home.302.enabled) | Skin.HasSetting(home.303.enabled)</visible>
                    <include>Home-Menu-Button-BG</include>
                    <control type="button" id="9303">
                        <include>Home-Menu-Button</include>
                        <onclick>SetProperty(item,home.303,3061)</onclick>
                        <onclick>ActivateWindow(3061)</onclick>
                        <colordiffuse>$INFO[Skin.String(home.303.bgcolor)]</colordiffuse>
                        <onleft>9302</onleft>
                        <onright>9304</onright>
                        <animation effect="fade" start="100" end="45" time="100" condition="!Control.HasFocus(9303)">Conditional</animation>
                    </control>
                    <control type="image">
                           <posy>135</posy>
	                       <aligny>top</aligny>
                        <include>Home-Menu-Button</include>
                        <texture diffuse="home/tile.png" fallback="special://skin/extras/icons/addtile.png" aligny="center" align="center">$INFO[Skin.String(home.303.Icon)]</texture>
                        <animation effect="fade" start="100" end="45" time="100" condition="!Control.HasFocus(9303)">Conditional</animation>
                    </control>
                    <control type="label">
                        <include>Home-Menu-Label</include>
                        <label fallback="31169">$INFO[Skin.String(home.303.Label)]</label>
                        <animation effect="fade" start="100" end="45" time="100" condition="!Control.HasFocus(9303)">Conditional</animation>
                    </control>
                </control>
                <control type="group">
                    <include>Home-Button-Group-Width</include>
                    <visible>Skin.HasSetting(home.303.enabled) | Skin.HasSetting(home.304.enabled)</visible>
                    <include>Home-Menu-Button-BG</include>
                    <control type="button" id="9304">
                        <include>Home-Menu-Button</include>
                        <onclick>SetProperty(item,home.304,3061)</onclick>
                        <onclick>ActivateWindow(3061)</onclick>
                        <colordiffuse>$INFO[Skin.String(home.304.bgcolor)]</colordiffuse>
                        <onleft>9303</onleft>
                        <onright>9305</onright>
                        <animation effect="fade" start="100" end="45" time="100" condition="!Control.HasFocus(9304)">Conditional</animation>
                    </control>
                    <control type="image">
                           <posy>135</posy>
	                       <aligny>top</aligny>
                        <include>Home-Menu-Button</include>
                        <texture diffuse="home/tile.png" fallback="special://skin/extras/icons/addtile.png" aligny="center" align="center">$INFO[Skin.String(home.304.Icon)]</texture>
                        <animation effect="fade" start="100" end="45" time="100" condition="!Control.HasFocus(9304)">Conditional</animation>
                    </control>
                    <control type="label">
                        <include>Home-Menu-Label</include>
                        <label fallback="31169">$INFO[Skin.String(home.304.Label)]</label>
                        <animation effect="fade" start="100" end="45" time="100" condition="!Control.HasFocus(9304)">Conditional</animation>
                    </control>
                </control>
                <control type="group">
                    <include>Home-Button-Group-Width</include>
                    <visible>Skin.HasSetting(home.304.enabled) | Skin.HasSetting(home.305.enabled)</visible>
                    <include>Home-Menu-Button-BG</include>
                    <control type="button" id="9305">
                        <include>Home-Menu-Button</include>
                        <onclick>SetProperty(item,home.305,3061)</onclick>
                        <onclick>ActivateWindow(3061)</onclick>
                        <colordiffuse>$INFO[Skin.String(home.305.bgcolor)]</colordiffuse>
                        <onleft>9304</onleft>
                        <onright>9306</onright>
                        <animation effect="fade" start="100" end="45" time="100" condition="!Control.HasFocus(9305)">Conditional</animation>
                    </control>
                    <control type="image">
                           <posy>135</posy>
	                       <aligny>top</aligny>
                        <include>Home-Menu-Button</include>
                        <texture diffuse="home/tile.png" fallback="special://skin/extras/icons/addtile.png" aligny="center" align="center">$INFO[Skin.String(home.305.Icon)]</texture>
                        <animation effect="fade" start="100" end="45" time="100" condition="!Control.HasFocus(9305)">Conditional</animation>
                    </control>
                    <control type="label">
                        <include>Home-Menu-Label</include>
                        <label fallback="31169">$INFO[Skin.String(home.305.Label)]</label>
                        <animation effect="fade" start="100" end="45" time="100" condition="!Control.HasFocus(9305)">Conditional</animation>
                    </control>
                </control>
                <control type="group">
                    <include>Home-Button-Group-Width</include>
                    <visible>Skin.HasSetting(home.305.enabled) | Skin.HasSetting(home.306.enabled)</visible>
                    <include>Home-Menu-Button-BG</include>
                    <control type="button" id="9306">
                        <include>Home-Menu-Button</include>
                        <onclick>SetProperty(item,home.306,3061)</onclick>
                        <onclick>ActivateWindow(3061)</onclick>
                        <colordiffuse>$INFO[Skin.String(home.306.bgcolor)]</colordiffuse>
                        <onleft>9305</onleft>
                        <onright>9307</onright>
                        <animation effect="fade" start="100" end="45" time="100" condition="!Control.HasFocus(9306)">Conditional</animation>
                    </control>
                    <control type="image">
                           <posy>135</posy>
	                       <aligny>top</aligny>
                        <include>Home-Menu-Button</include>
                        <texture diffuse="home/tile.png" fallback="special://skin/extras/icons/addtile.png" aligny="center" align="center">$INFO[Skin.String(home.306.Icon)]</texture>
                        <animation effect="fade" start="100" end="45" time="100" condition="!Control.HasFocus(9306)">Conditional</animation>
                    </control>
                    <control type="label">
                        <include>Home-Menu-Label</include>
                        <label fallback="31169">$INFO[Skin.String(home.306.Label)]</label>
                        <animation effect="fade" start="100" end="45" time="100" condition="!Control.HasFocus(9306)">Conditional</animation>
                    </control>
                </control>
                <control type="group">
                    <include>Home-Button-Group-Width</include>
                    <visible>Skin.HasSetting(home.306.enabled) | Skin.HasSetting(home.307.enabled)</visible>
                    <include>Home-Menu-Button-BG</include>
                    <control type="button" id="9307">
                        <include>Home-Menu-Button</include>
                        <onclick>SetProperty(item,home.307,3061)</onclick>
                        <onclick>ActivateWindow(3061)</onclick>
                        <colordiffuse>$INFO[Skin.String(home.307.bgcolor)]</colordiffuse>
                        <onleft>9306</onleft>
                        <onright>9308</onright>
                        <animation effect="fade" start="100" end="45" time="100" condition="!Control.HasFocus(9307)">Conditional</animation>
                    </control>
                    <control type="image">
                           <posy>135</posy>
	                       <aligny>top</aligny>
                        <include>Home-Menu-Button</include>
                        <texture diffuse="home/tile.png" fallback="special://skin/extras/icons/addtile.png" aligny="center" align="center">$INFO[Skin.String(home.307.Icon)]</texture>
                        <animation effect="fade" start="100" end="45" time="100" condition="!Control.HasFocus(9307)">Conditional</animation>
                    </control>
                    <control type="label">
                        <include>Home-Menu-Label</include>
                        <label fallback="31169">$INFO[Skin.String(home.307.Label)]</label>
                        <animation effect="fade" start="100" end="45" time="100" condition="!Control.HasFocus(9307)">Conditional</animation>
                    </control>
                </control>
                <control type="group">
                    <include>Home-Button-Group-Width</include>
                    <visible>Skin.HasSetting(home.307.enabled) | Skin.HasSetting(home.308.enabled)</visible>
                    <include>Home-Menu-Button-BG</include>
                    <control type="button" id="9308">
                        <include>Home-Menu-Button</include>
                        <onclick>SetProperty(item,home.308,3061)</onclick>
                        <onclick>ActivateWindow(3061)</onclick>
                        <colordiffuse>$INFO[Skin.String(home.308.bgcolor)]</colordiffuse>
                        <onleft>9307</onleft>
                        <onright>9309</onright>
                        <animation effect="fade" start="100" end="45" time="100" condition="!Control.HasFocus(9308)">Conditional</animation>
                    </control>
                    <control type="image">
                           <posy>135</posy>
	                       <aligny>top</aligny>
                        <include>Home-Menu-Button</include>
                        <texture diffuse="home/tile.png" fallback="special://skin/extras/icons/addtile.png" aligny="center" align="center">$INFO[Skin.String(home.308.Icon)]</texture>
                        <animation effect="fade" start="100" end="45" time="100" condition="!Control.HasFocus(9308)">Conditional</animation>
                    </control>
                    <control type="label">
                        <include>Home-Menu-Label</include>
                        <label fallback="31169">$INFO[Skin.String(home.308.Label)]</label>
                        <animation effect="fade" start="100" end="45" time="100" condition="!Control.HasFocus(9308)">Conditional</animation>
                    </control>
                </control>
                <control type="group">
                    <include>Home-Button-Group-Width</include>
                    <visible>Skin.HasSetting(home.308.enabled) | Skin.HasSetting(home.309.enabled)</visible>
                    <include>Home-Menu-Button-BG</include>
                    <control type="button" id="9309">
                        <include>Home-Menu-Button</include>
                        <onclick>SetProperty(item,home.309,3061)</onclick>
                        <onclick>ActivateWindow(3061)</onclick>
                        <colordiffuse>$INFO[Skin.String(home.309.bgcolor)]</colordiffuse>
                        <onleft>9308</onleft>
                        <onright>9310</onright>
                        <animation effect="fade" start="100" end="45" time="100" condition="!Control.HasFocus(9309)">Conditional</animation>
                    </control>
                    <control type="image">
                           <posy>135</posy>
	                       <aligny>top</aligny> 
                        <include>Home-Menu-Button</include>
                        <texture diffuse="home/tile.png" fallback="special://skin/extras/icons/addtile.png" aligny="center" align="center">$INFO[Skin.String(home.309.Icon)]</texture>
                        <animation effect="fade" start="100" end="45" time="100" condition="!Control.HasFocus(9309)">Conditional</animation>
                    </control>
                    <control type="label">
                        <include>Home-Menu-Label</include>
                        <label fallback="31169">$INFO[Skin.String(home.309.Label)]</label>
                        <animation effect="fade" start="100" end="45" time="100" condition="!Control.HasFocus(9309)">Conditional</animation>
                    </control>
                </control>
                <control type="group">
                    <include>Home-Button-Group-Width</include>
                    <visible>Skin.HasSetting(home.309.enabled) | Skin.HasSetting(home.310.enabled)</visible>
                    <include>Home-Menu-Button-BG</include>
                    <control type="button" id="9310">
                        <include>Home-Menu-Button</include>
                        <onclick>SetProperty(item,home.310,3061)</onclick>
                        <onclick>ActivateWindow(3061)</onclick>
                        <colordiffuse>$INFO[Skin.String(home.310.bgcolor)]</colordiffuse>
                        <onleft>9309</onleft>
                        <onright>9311</onright>
                        <animation effect="fade" start="100" end="45" time="100" condition="!Control.HasFocus(9310)">Conditional</animation>
                    </control>
                    <control type="image">
                           <posy>135</posy>
	                       <aligny>top</aligny>	
                        <include>Home-Menu-Button</include>
                        <texture diffuse="home/tile.png" fallback="special://skin/extras/icons/addtile.png" aligny="center" align="center">$INFO[Skin.String(home.310.Icon)]</texture>
                        <animation effect="fade" start="100" end="45" time="100" condition="!Control.HasFocus(9310)">Conditional</animation>
                    </control>
                    <control type="label">
                        <include>Home-Menu-Label</include>
                        <label fallback="31169">$INFO[Skin.String(home.310.Label)]</label>
                        <animation effect="fade" start="100" end="45" time="100" condition="!Control.HasFocus(9310)">Conditional</animation>
                    </control>
                </control>
                <control type="group">
                    <include>Home-Button-Group-Width</include>
                    <visible>Skin.HasSetting(home.310.enabled) | Skin.HasSetting(home.311.enabled)</visible>
                    <include>Home-Menu-Button-BG</include>
                    <control type="button" id="9311">
                        <include>Home-Menu-Button</include>
                        <onclick>SetProperty(item,home.311,3061)</onclick>
                        <onclick>ActivateWindow(3061)</onclick>
                        <colordiffuse>$INFO[Skin.String(home.311.bgcolor)]</colordiffuse>
                        <onleft>9310</onleft>
                        <onright>9312</onright>
                        <animation effect="fade" start="100" end="45" time="100" condition="!Control.HasFocus(9311)">Conditional</animation>
                    </control>
                    <control type="image">
                           <posy>135</posy>
	                       <aligny>top</aligny>	
                        <include>Home-Menu-Button</include>
                        <texture diffuse="home/tile.png" fallback="special://skin/extras/icons/addtile.png" aligny="center" align="center">$INFO[Skin.String(home.311.Icon)]</texture>
                        <animation effect="fade" start="100" end="45" time="100" condition="!Control.HasFocus(9311)">Conditional</animation>
                    </control>
                    <control type="label">
                        <include>Home-Menu-Label</include>
                        <label fallback="31169">$INFO[Skin.String(home.311.Label)]</label>
                        <animation effect="fade" start="100" end="45" time="100" condition="!Control.HasFocus(9311)">Conditional</animation>
                    </control>
                </control>
                <control type="group">
                    <include>Home-Button-Group-Width</include>
                    <visible>Skin.HasSetting(home.311.enabled) | Skin.HasSetting(home.312.enabled)</visible>
                    <include>Home-Menu-Button-BG</include>
                    <control type="button" id="9312">
                        <include>Home-Menu-Button</include>
                        <onclick>SetProperty(item,home.312,3061)</onclick>
                        <onclick>ActivateWindow(3061)</onclick>
                        <colordiffuse>$INFO[Skin.String(home.312.bgcolor)]</colordiffuse>
                        <onleft>9311</onleft>
                        <onright>9320</onright>
                        <animation effect="fade" start="100" end="45" time="100" condition="!Control.HasFocus(9312)">Conditional</animation>
                    </control>
                    <control type="image">
                           <posy>135</posy>
	                       <aligny>top</aligny>	
                        <include>Home-Menu-Button</include>
                        <texture diffuse="home/tile.png" fallback="special://skin/extras/icons/addtile.png" aligny="center" align="center">$INFO[Skin.String(home.312.Icon)]</texture>
                        <animation effect="fade" start="100" end="45" time="100" condition="!Control.HasFocus(9312)">Conditional</animation>
                    </control>
                    <control type="label">
                        <include>Home-Menu-Label</include>
                        <label fallback="31169">$INFO[Skin.String(home.312.Label)]</label>
                        <animation effect="fade" start="100" end="45" time="100" condition="!Control.HasFocus(9312)">Conditional</animation>
                    </control>
                </control>
                <control type="group">
                    <include>Home-Button-Group-Width</include>
                    <visible>Skin.HasSetting(home.312.enabled) | Skin.HasSetting(home.320.enabled)</visible>
                    <include>Home-Menu-Button-BG</include>
                    <control type="button" id="9320">
                        <include>Home-Menu-Button</include>
                        <onclick>SetProperty(item,home.320,3061)</onclick>
                        <onclick>ActivateWindow(3061)</onclick>
                        <colordiffuse>$INFO[Skin.String(home.320.bgcolor)]</colordiffuse>
                        <onleft>9312</onleft>
                        <onright>9321</onright>
                        <animation effect="fade" start="100" end="45" time="100" condition="!Control.HasFocus(9320)">Conditional</animation>
                    </control>
                    <control type="image">
                           <posy>135</posy>
	                       <aligny>top</aligny>	                    
                        <include>Home-Menu-Button</include>
                        <texture diffuse="home/tile.png" fallback="special://skin/extras/icons/addtile.png" aligny="center" align="center">$INFO[Skin.String(home.320.Icon)]</texture>
                        <animation effect="fade" start="100" end="45" time="100" condition="!Control.HasFocus(9320)">Conditional</animation>
                    </control>
                    <control type="label">
                        <include>Home-Menu-Label</include>
                        <label fallback="31169">$INFO[Skin.String(home.320.Label)]</label>
                        <animation effect="fade" start="100" end="45" time="100" condition="!Control.HasFocus(9320)">Conditional</animation>
                    </control>
                </control>
                
                <control type="group">
                    <include>Home-Button-Group-Width</include>
                    <visible>Skin.HasSetting(home.320.enabled) | Skin.HasSetting(home.321.enabled)</visible>
                    <include>Home-Menu-Button-BG</include>
                    <control type="button" id="9321">
                        <include>Home-Menu-Button</include>
                        <onclick>SetProperty(item,home.321,3061)</onclick>
                        <onclick>ActivateWindow(3061)</onclick>
                        <colordiffuse>$INFO[Skin.String(home.321.bgcolor)]</colordiffuse>
                        <onleft>9320</onleft>
                        <onright>9322</onright>
                        <animation effect="fade" start="100" end="45" time="100" condition="!Control.HasFocus(9321)">Conditional</animation>
                    </control>
                    <control type="image">
                           <posy>135</posy>
	                       <aligny>top</aligny>	                    
                        <include>Home-Menu-Button</include>
                        <texture diffuse="home/tile.png" fallback="special://skin/extras/icons/addtile.png" aligny="center" align="center">$INFO[Skin.String(home.321.Icon)]</texture>
                        <animation effect="fade" start="100" end="45" time="100" condition="!Control.HasFocus(9321)">Conditional</animation>
                    </control>
                    <control type="label">
                        <include>Home-Menu-Label</include>
                        <label fallback="31169">$INFO[Skin.String(home.321.Label)]</label>
                        <animation effect="fade" start="100" end="45" time="100" condition="!Control.HasFocus(9321)">Conditional</animation>
                    </control>
                </control>
                
                <control type="group">
                    <include>Home-Button-Group-Width</include>
                    <visible>Skin.HasSetting(home.321.enabled) | Skin.HasSetting(home.322.enabled)</visible>
                    <include>Home-Menu-Button-BG</include>
                    <control type="button" id="9322">
                        <include>Home-Menu-Button</include>
                        <onclick>SetProperty(item,home.322,3061)</onclick>
                        <onclick>ActivateWindow(3061)</onclick>
                        <colordiffuse>$INFO[Skin.String(home.322.bgcolor)]</colordiffuse>
                        <onleft>9321</onleft>
                        <onright>9323</onright>
                        <animation effect="fade" start="100" end="45" time="100" condition="!Control.HasFocus(9322)">Conditional</animation>
                    </control>
                    <control type="image">
                           <posy>135</posy>
	                       <aligny>top</aligny>
                        <include>Home-Menu-Button</include>                      
                        <texture diffuse="home/tile.png" fallback="special://skin/extras/icons/addtile.png" aligny="center" align="center">$INFO[Skin.String(home.322.Icon)]</texture>
                        <animation effect="fade" start="100" end="45" time="100" condition="!Control.HasFocus(9322)">Conditional</animation>
                    </control>
                    <control type="label">
                        <include>Home-Menu-Label</include>
                        <label fallback="31169">$INFO[Skin.String(home.322.Label)]</label>
                        <animation effect="fade" start="100" end="45" time="100" condition="!Control.HasFocus(9322)">Conditional</animation>
                    </control>
                </control>
                <control type="group">
                    <include>Home-Button-Group-Width</include>
                    <visible>Skin.HasSetting(home.322.enabled) | Skin.HasSetting(home.323.enabled)</visible>
                    <include>Home-Menu-Button-BG</include>
                    <control type="button" id="9323">
                        <include>Home-Menu-Button</include>
                        <onclick>SetProperty(item,home.323,3061)</onclick>
                        <onclick>ActivateWindow(3061)</onclick>
                        <colordiffuse>$INFO[Skin.String(home.323.bgcolor)]</colordiffuse>
                        <onleft>9322</onleft>
                        <onright>9324</onright>
                        <animation effect="fade" start="100" end="45" time="100" condition="!Control.HasFocus(9323)">Conditional</animation>
                    </control>
                    <control type="image">
                          <posy>135</posy>
	                      <aligny>top</aligny>	                    
                        <include>Home-Menu-Button</include>
                        <texture diffuse="home/tile.png" fallback="special://skin/extras/icons/addtile.png" aligny="center" align="center">$INFO[Skin.String(home.323.Icon)]</texture>
                        <animation effect="fade" start="100" end="45" time="100" condition="!Control.HasFocus(9323)">Conditional</animation>
                    </control>
                    <control type="label">
                        <include>Home-Menu-Label</include>
                        <label fallback="31169">$INFO[Skin.String(home.323.Label)]</label>
                        <animation effect="fade" start="100" end="45" time="100" condition="!Control.HasFocus(9323)">Conditional</animation>
                    </control>
                </control>
                <control type="group">
                    <include>Home-Button-Group-Width</include>
                    <visible>Skin.HasSetting(home.323.enabled) | Skin.HasSetting(home.324.enabled)</visible>
                    <include>Home-Menu-Button-BG</include>
                    <control type="button" id="9324">
                        <include>Home-Menu-Button</include>
                        <onclick>SetProperty(item,home.324,3061)</onclick>
                        <onclick>ActivateWindow(3061)</onclick>
                        <colordiffuse>$INFO[Skin.String(home.324.bgcolor)]</colordiffuse>
                        <onleft>9323</onleft>
                        <onright>9325</onright>
                        <animation effect="fade" start="100" end="45" time="100" condition="!Control.HasFocus(9324)">Conditional</animation>
                    </control>
                    <control type="image">
                           <posy>135</posy>
	                       <aligny>top</aligny>	                    
                        <include>Home-Menu-Button</include>
                        <texture diffuse="home/tile.png" fallback="special://skin/extras/icons/addtile.png" aligny="center" align="center">$INFO[Skin.String(home.324.Icon)]</texture>
                        <animation effect="fade" start="100" end="45" time="100" condition="!Control.HasFocus(9324)">Conditional</animation>
                    </control>
                    <control type="label">
                        <include>Home-Menu-Label</include>
                        <label fallback="31169">$INFO[Skin.String(home.324.Label)]</label>
                        <animation effect="fade" start="100" end="45" time="100" condition="!Control.HasFocus(9324)">Conditional</animation>
                    </control>
                </control>
                <control type="group">
                    <include>Home-Button-Group-Width</include>
                    <visible>Skin.HasSetting(home.324.enabled) | Skin.HasSetting(home.325.enabled)</visible>
                    <include>Home-Menu-Button-BG</include>
                    <control type="button" id="9325">
                        <include>Home-Menu-Button</include>
                        <onclick>SetProperty(item,home.325,3061)</onclick>
                        <onclick>ActivateWindow(3061)</onclick>
                        <colordiffuse>$INFO[Skin.String(home.325.bgcolor)]</colordiffuse>
                        <onleft>9324</onleft>
                        <onright>9326</onright>
                        <animation effect="fade" start="100" end="45" time="100" condition="!Control.HasFocus(9325)">Conditional</animation>
                    </control>
                    <control type="image">
                           <posy>135</posy>
	                       <aligny>top</aligny>
                        <include>Home-Menu-Button</include>
                        <texture diffuse="home/tile.png" fallback="special://skin/extras/icons/addtile.png" aligny="center" align="center">$INFO[Skin.String(home.325.Icon)]</texture>
                        <animation effect="fade" start="100" end="45" time="100" condition="!Control.HasFocus(9325)">Conditional</animation>
                    </control>
                    <control type="label">
                        <include>Home-Menu-Label</include>
                        <label fallback="31169">$INFO[Skin.String(home.325.Label)]</label>
                        <animation effect="fade" start="100" end="45" time="100" condition="!Control.HasFocus(9325)">Conditional</animation>
                    </control>
                </control>
                <control type="group">
                    <include>Home-Button-Group-Width</include>
                    <visible>Skin.HasSetting(home.325.enabled) | Skin.HasSetting(home.326.enabled)</visible>
                    <include>Home-Menu-Button-BG</include>
                    <control type="button" id="9326">
                        <include>Home-Menu-Button</include>
                        <onclick>SetProperty(item,home.326,3061)</onclick>
                        <onclick>ActivateWindow(3061)</onclick>
                        <colordiffuse>$INFO[Skin.String(home.326.bgcolor)]</colordiffuse>
                        <onleft>9325</onleft>
                        <onright>9327</onright>
                        <animation effect="fade" start="100" end="45" time="100" condition="!Control.HasFocus(9326)">Conditional</animation>
                    </control>
                    <control type="image">
	                       <posy>135</posy>
	                       <aligny>top</aligny>
                        <include>Home-Menu-Button</include>
                        <texture diffuse="home/tile.png" fallback="special://skin/extras/icons/addtile.png" aligny="center" align="center">$INFO[Skin.String(home.326.Icon)]</texture>
                        <animation effect="fade" start="100" end="45" time="100" condition="!Control.HasFocus(9326)">Conditional</animation>
                    </control>
                    <control type="label">
                        <include>Home-Menu-Label</include>
                        <label fallback="31169">$INFO[Skin.String(home.326.Label)]</label>
                        <animation effect="fade" start="100" end="45" time="100" condition="!Control.HasFocus(9326)">Conditional</animation>
                    </control>
                </control>
                <control type="group">
                    <include>Home-Button-Group-Width</include>
                    <visible>Skin.HasSetting(home.326.enabled) | Skin.HasSetting(home.327.enabled)</visible>
                    <include>Home-Menu-Button-BG</include>
                    <control type="button" id="9327">
                        <include>Home-Menu-Button</include>
                        <onclick>SetProperty(item,home.327,3061)</onclick>
                        <onclick>ActivateWindow(3061)</onclick>
                        <colordiffuse>$INFO[Skin.String(home.327.bgcolor)]</colordiffuse>
                        <onleft>9326</onleft>
                        <onright>9328</onright>
                        <animation effect="fade" start="100" end="45" time="100" condition="!Control.HasFocus(9327)">Conditional</animation>
                    </control>
                    <control type="image">
                           <posy>135</posy>
	                       <aligny>top</aligny>
                        <include>Home-Menu-Button</include>
                        <texture diffuse="home/tile.png" fallback="special://skin/extras/icons/addtile.png" aligny="center" align="center">$INFO[Skin.String(home.327.Icon)]</texture>
                        <animation effect="fade" start="100" end="45" time="100" condition="!Control.HasFocus(9327)">Conditional</animation>
                    </control>
                    <control type="label">
                        <include>Home-Menu-Label</include>
                        <label fallback="31169">$INFO[Skin.String(home.327.Label)]</label>
                        <animation effect="fade" start="100" end="45" time="100" condition="!Control.HasFocus(9327)">Conditional</animation>
                    </control>
                </control>
                <control type="group">
                    <include>Home-Button-Group-Width</include>
                    <visible>Skin.HasSetting(home.327.enabled) | Skin.HasSetting(home.328.enabled)</visible>
                    <include>Home-Menu-Button-BG</include>
                    <control type="button" id="9328">
                        <include>Home-Menu-Button</include>
                        <onclick>SetProperty(item,home.328,3061)</onclick>
                        <onclick>ActivateWindow(3061)</onclick>
                        <colordiffuse>$INFO[Skin.String(home.328.bgcolor)]</colordiffuse>
                        <onleft>9327</onleft>
                        <onright>9329</onright>
                        <animation effect="fade" start="100" end="45" time="100" condition="!Control.HasFocus(9328)">Conditional</animation>
                    </control>
                    <control type="image">
                           <posy>135</posy>
	                       <aligny>top</aligny>
                        <include>Home-Menu-Button</include>
                        <texture diffuse="home/tile.png" fallback="special://skin/extras/icons/addtile.png" aligny="center" align="center">$INFO[Skin.String(home.328.Icon)]</texture>
                        <animation effect="fade" start="100" end="45" time="100" condition="!Control.HasFocus(9328)">Conditional</animation>
                    </control>
                    <control type="label">
                        <include>Home-Menu-Label</include>
                        <label fallback="31169">$INFO[Skin.String(home.328.Label)]</label>
                        <animation effect="fade" start="100" end="45" time="100" condition="!Control.HasFocus(9328)">Conditional</animation>
                    </control>
                </control>
                <control type="group">
                    <include>Home-Button-Group-Width</include>
                    <visible>Skin.HasSetting(home.328.enabled) | Skin.HasSetting(home.329.enabled)</visible>
                    <include>Home-Menu-Button-BG</include>
                    <control type="button" id="9329">
                        <include>Home-Menu-Button</include>
                        <onclick>SetProperty(item,home.329,3061)</onclick>
                        <onclick>ActivateWindow(3061)</onclick>
                        <colordiffuse>$INFO[Skin.String(home.329.bgcolor)]</colordiffuse>
                        <onleft>9328</onleft>
                        <onright>9330</onright>
                        <animation effect="fade" start="100" end="45" time="100" condition="!Control.HasFocus(9329)">Conditional</animation>
                    </control>
                    <control type="image">
                           <posy>135</posy>
	                       <aligny>top</aligny>
                        <include>Home-Menu-Button</include>
                        <texture diffuse="home/tile.png" fallback="special://skin/extras/icons/addtile.png" aligny="center" align="center">$INFO[Skin.String(home.329.Icon)]</texture>
                        <animation effect="fade" start="100" end="45" time="100" condition="!Control.HasFocus(9329)">Conditional</animation>
                    </control>
                    <control type="label">
                        <include>Home-Menu-Label</include>
                        <label fallback="31169">$INFO[Skin.String(home.329.Label)]</label>
                        <animation effect="fade" start="100" end="45" time="100" condition="!Control.HasFocus(9329)">Conditional</animation>
                    </control>
                </control>


                <!-- SYSTEM BUTTONS -->
                <control type="group">
                    <include>Home-Button-Group-Width</include>
                    <include>Home-Menu-Button-BG</include>
                    <control type="button" id="9330">
                        <include>Home-Menu-Button</include>
                        <onclick>SetProperty(item,home.313,3068)</onclick>
                        <onclick>ActivateWindow(3068)</onclick>
                        <colordiffuse>$INFO[Skin.String(home.313.bgcolor)]</colordiffuse>
                        <onleft>9329</onleft>
                        <onright>9331</onright>
                        <animation effect="fade" start="100" end="45" time="100" condition="!Control.HasFocus(9330)">Conditional</animation>
                    </control>
                    <control type="image">
                           <posy>135</posy>
	                       <aligny>top</aligny>	                    
                        <include>Home-Menu-Button</include>
                        <texture diffuse="home/tile.png" fallback="special://skin/extras/icons/addtile.png" aligny="center" align="center">$INFO[Skin.String(home.313.Icon)]</texture>
                        <animation effect="fade" start="100" end="45" time="100" condition="!Control.HasFocus(9330)">Conditional</animation>
                    </control>
                    <control type="label">
                        <include>Home-Menu-Label</include>
                        <label fallback="31169">$INFO[Skin.String(home.313.Label)]</label>
                        <animation effect="fade" start="100" end="45" time="100" condition="!Control.HasFocus(9330)">Conditional</animation>
                    </control>
                </control>
                <control type="group">
                    <include>Home-Button-Group-Width</include>
                    <include>Home-Menu-Button-BG</include>
                    <control type="button" id="9331">
                        <include>Home-Menu-Button</include>
                        <onclick>SetProperty(item,home.314,3068)</onclick>
                        <onclick>ActivateWindow(3068)</onclick>
                        <colordiffuse>$INFO[Skin.String(home.314.bgcolor)]</colordiffuse>
                        <onleft>9330</onleft>
                        <onright>9301</onright>
                        <animation effect="fade" start="100" end="45" time="100" condition="!Control.HasFocus(9331)">Conditional</animation>
                    </control>
                    <control type="image">
                           <posy>135</posy>
	                       <aligny>top</aligny>
                        <include>Home-Menu-Button</include>
                        <texture diffuse="home/tile.png" fallback="special://skin/extras/icons/addtile.png" aligny="center" align="center">$INFO[Skin.String(home.314.Icon)]</texture>
                        <animation effect="fade" start="100" end="45" time="100" condition="!Control.HasFocus(9331)">Conditional</animation>
                    </control>
                    <control type="label">
                        <include>Home-Menu-Label</include>
                        <label fallback="31169">$INFO[Skin.String(home.314.Label)]</label>
                        <animation effect="fade" start="100" end="45" time="100" condition="!Control.HasFocus(9331)">Conditional</animation>
                    </control>
                </control>
               
            </control>
        </control>
        
        <include>GlobalTopBar</include>
        
    </controls>
</window>

