<?xml version="1.0" encoding="UTF-8"?>
<!-- Foundation -->
<window type="dialog" id="3067">
    <defaultcontrol always="true">9200</defaultcontrol>
    <onunload>ClearProperty(item,3067)</onunload>
    <allowoverlay>true</allowoverlay>
    <controls>
        <control type="group">
            
            
            <control type="group">
                <visible>!Window.IsVisible(DialogSelect.xml)</visible>
                <visible>!Window.IsVisible(FileBrowser.xml)</visible>
                <visible>!Window.IsVisible(3062)</visible>
                <include>Animation.FadeIn</include>
                <include>Animation.FadeOut</include>

                <control type="panel" id="9200">
                    <posx>14</posx>
                    <posy>200</posy>
                    <width>1904</width>
                    <height>800</height>
                    <onleft>9200</onleft>
                    <onright>9200</onright>
                    <onup>9200</onup>
                    <ondown>9200</ondown>
                    <pagecontrol>60</pagecontrol>
                    <viewtype label="539">list</viewtype>
                    <scrolltime tween="quadratic">400</scrolltime>
                    <orientation>vertical</orientation>

                    <itemlayout width="476" height="100">

                        <control type="image">
                            <width>464</width>
                            <height>89</height>
                            <texture colordiffuse="PosterBorder" border="5">common/border-inner.png</texture>
                        </control>
                        <control type="image">
                            <width>89</width>
                            <height>89</height>
                            <colordiffuse>PanelFG-NF</colordiffuse>
                            <texture>$INFO[ListItem.Icon]</texture>
                            <aspectratio>scale</aspectratio>
                        </control>
                        <control type="label">
                            <right>30</right>
                            <posy>-5</posy>
                            <width>350</width>
                            <align>right</align>
                            <aligny>center</aligny>
                            <label>$INFO[ListItem.Label]</label>
                            <animation effect="slide" end="0,18" condition="IsEmpty(ListItem.Label2)">Conditional</animation>
                        </control>
                        <control type="label">
                            <right>30</right>
                            <posy>28</posy>
                            <width>300</width>
                            <align>right</align>
                            <aligny>center</aligny>
                            <font>Font-ListInfo-Small</font>
                            <label>$INFO[ListItem.Label2]</label>
                        </control>

                    </itemlayout>

                    <focusedlayout width="476" height="100">

                        <control type="image">
                            <width>464</width>
                            <height>89</height>
                            <texture colordiffuse="PosterHighlight" border="5">common/white.png</texture>
                        </control>
                        <control type="image">
                            <width>89</width>
                            <height>89</height>
                            <texture>$INFO[ListItem.Icon]</texture>
                            <aspectratio>scale</aspectratio>
                        </control>
                        <control type="label">
                            <right>30</right>
                            <posy>-5</posy>
                            <width>350</width>
                            <align>right</align>
                            <aligny>center</aligny>
                            <textcolor>Selected</textcolor>
                            <label>$INFO[ListItem.Label]</label>
                            <animation effect="slide" end="0,18" condition="IsEmpty(ListItem.Label2)">Conditional</animation>
                        </control>
                        <control type="label">
                            <right>30</right>
                            <posy>28</posy>
                            <width>300</width>
                            <align>right</align>
                            <aligny>center</aligny>
                            <textcolor>Selected</textcolor>
                            <font>Font-ListInfo-Small</font>
                            <label>$INFO[ListItem.Label2]</label>
                        </control>

                    </focusedlayout>
                    <content>
                        <item id="1">
                            <description>All Movies</description>
                            <label>31156</label>
                            <icon>special://skin/extras/icons/title.png</icon>
                            <onclick>Skin.SetString($INFO[Window(3067).Property(item),,.Label],$LOCALIZE[31156])</onclick>
                            <onclick>Skin.SetString($INFO[Window(3067).Property(item),,.Icon],special://skin/extras/icons/title.png)</onclick>
                            <onclick>Skin.SetString($INFO[Window(3067).Property(item),,.Path],ActivateWindow(Videos,MovieTitles,return))</onclick>
                            <onclick>Close</onclick>
                        </item>
                        
                        <item id="2">
                            <description>Recent Movies</description>
                            <label>31109</label>
                            <label2>20342</label2>
                            <icon>special://skin/extras/icons/timer.png</icon>
                            <onclick>Skin.SetString($INFO[Window(3067).Property(item),,.Label],$LOCALIZE[31109])</onclick>
                            <onclick>Skin.SetString($INFO[Window(3067).Property(item),,.Icon],special://skin/extras/icons/timer.png)</onclick>
                            <onclick>Skin.SetString($INFO[Window(3067).Property(item),,.Path],ActivateWindow(Videos,RecentlyAddedMovies,return))</onclick>
                            <onclick>Close</onclick>
                        </item>
                        
                        <item id="3">
                            <description>Genre Movies</description>
                            <label>135</label>
                            <label2>20342</label2>
                            <icon>special://skin/extras/icons/genre.png</icon>
                            <onclick>Skin.SetString($INFO[Window(3067).Property(item),,.Label],$LOCALIZE[135])</onclick>
                            <onclick>Skin.SetString($INFO[Window(3067).Property(item),,.Icon],special://skin/extras/icons/genre.png)</onclick>
                            <onclick>Skin.SetString($INFO[Window(3067).Property(item),,.Path],ActivateWindow(Videos,MovieGenres,return))</onclick>
                            <onclick>Close</onclick>
                        </item>
                        
                        <item id="4">
                            <description>Director Movies</description>
                            <label>20339</label>
                            <label2>20342</label2>
                            <icon>special://skin/extras/icons/director.png</icon>
                            <onclick>Skin.SetString($INFO[Window(3067).Property(item),,.Label],$LOCALIZE[20339])</onclick>
                            <onclick>Skin.SetString($INFO[Window(3067).Property(item),,.Icon],special://skin/extras/icons/director.png)</onclick>
                            <onclick>Skin.SetString($INFO[Window(3067).Property(item),,.Path],ActivateWindow(Videos,MovieDirectors,return))</onclick>
                            <onclick>Close</onclick>
                        </item>
                        
                        <item id="5">
                            <description>Actor Movies</description>
                            <label>20337</label>
                            <label2>20342</label2>
                            <icon>special://skin/extras/icons/actor.png</icon>
                            <onclick>Skin.SetString($INFO[Window(3067).Property(item),,.Label],$LOCALIZE[20337])</onclick>
                            <onclick>Skin.SetString($INFO[Window(3067).Property(item),,.Icon],special://skin/extras/icons/actor.png)</onclick>
                            <onclick>Skin.SetString($INFO[Window(3067).Property(item),,.Path],ActivateWindow(Videos,MovieActors,return))</onclick>
                            <onclick>Close</onclick>
                        </item>
                        
                        <item id="6">
                            <description>Studio Movies</description>
                            <label>20388</label>
                            <label2>20342</label2>
                            <icon>special://skin/extras/icons/antenna.png</icon>
                            <onclick>Skin.SetString($INFO[Window(3067).Property(item),,.Label],$LOCALIZE[20388])</onclick>
                            <onclick>Skin.SetString($INFO[Window(3067).Property(item),,.Icon],special://skin/extras/icons/antenna.png)</onclick>
                            <onclick>Skin.SetString($INFO[Window(3067).Property(item),,.Path],ActivateWindow(Videos,MovieStudios,return))</onclick>
                            <onclick>Close</onclick>
                        </item>
                        
                        <item id="7">
                            <description>Countries Movies</description>
                            <label>20451</label>
                            <label2>20342</label2>
                            <icon>special://skin/extras/icons/world.png</icon>
                            <onclick>Skin.SetString($INFO[Window(3067).Property(item),,.Label],$LOCALIZE[20451])</onclick>
                            <onclick>Skin.SetString($INFO[Window(3067).Property(item),,.Icon],special://skin/extras/icons/world.png)</onclick>
                            <onclick>Skin.SetString($INFO[Window(3067).Property(item),,.Path],ActivateWindow(Videos,MovieCountries,return))</onclick>
                            <onclick>Close</onclick>
                        </item>
                        
                        <item id="8">
                            <description>Sets Movies</description>
                            <label>31207</label>
                            <label2>20342</label2>
                            <icon>special://skin/extras/icons/sets.png</icon>
                            <onclick>Skin.SetString($INFO[Window(3067).Property(item),,.Label],$LOCALIZE[31207])</onclick>
                            <onclick>Skin.SetString($INFO[Window(3067).Property(item),,.Icon],special://skin/extras/icons/sets.png)</onclick>
                            <onclick>Skin.SetString($INFO[Window(3067).Property(item),,.Path],ActivateWindow(Videos,MovieSets,return))</onclick>
                            <onclick>Close</onclick>
                        </item>
                        
                        <item id="9">
                            <description>All TvShows</description>
                            <label>31157</label>
                            <icon>special://skin/extras/icons/title.png</icon>
                            <onclick>Skin.SetString($INFO[Window(3067).Property(item),,.Label],$LOCALIZE[31157])</onclick>
                            <onclick>Skin.SetString($INFO[Window(3067).Property(item),,.Icon],special://skin/extras/icons/title.png)</onclick>
                            <onclick>Skin.SetString($INFO[Window(3067).Property(item),,.Path],ActivateWindow(Videos,TvShowTitles,return))</onclick>
                            <onclick>Close</onclick>
                        </item>
                        
                        <item id="10">
                            <description>Recent Shows</description>
                            <label>31109</label>
                            <label2>20343</label2>
                            <icon>special://skin/extras/icons/timer.png</icon>
                            <onclick>Skin.SetString($INFO[Window(3067).Property(item),,.Label],$LOCALIZE[31109])</onclick>
                            <onclick>Skin.SetString($INFO[Window(3067).Property(item),,.Icon],special://skin/extras/icons/timer.png)</onclick>
                            <onclick>Skin.SetString($INFO[Window(3067).Property(item),,.Path],ActivateWindow(Videos,RecentlyAddedEpisodes,return))</onclick>
                            <onclick>Close</onclick>
                        </item>
                        
                        <item id="11">
                            <description>Genre Shows</description>
                            <label>135</label>
                            <label2>20343</label2>
                            <icon>special://skin/extras/icons/genre.png</icon>
                            <onclick>Skin.SetString($INFO[Window(3067).Property(item),,.Label],$LOCALIZE[135])</onclick>
                            <onclick>Skin.SetString($INFO[Window(3067).Property(item),,.Icon],special://skin/extras/icons/genre.png)</onclick>
                            <onclick>Skin.SetString($INFO[Window(3067).Property(item),,.Path],ActivateWindow(Videos,TvShowGenres,return))</onclick>
                            <onclick>Close</onclick>
                        </item>
                        
                        <item id="12">
                            <description>Actors Shows</description>
                            <label>20337</label>
                            <label2>20343</label2>
                            <icon>special://skin/extras/icons/actor.png</icon>
                            <onclick>Skin.SetString($INFO[Window(3067).Property(item),,.Label],$LOCALIZE[20337])</onclick>
                            <onclick>Skin.SetString($INFO[Window(3067).Property(item),,.Icon],special://skin/extras/icons/actor.png)</onclick>
                            <onclick>Skin.SetString($INFO[Window(3067).Property(item),,.Path],ActivateWindow(Videos,TvShowActors,return))</onclick>
                            <onclick>Close</onclick>
                        </item>
                        
                        <item id="13">
                            <description>Actors Studios</description>
                            <label>20388</label>
                            <label2>20343</label2>
                            <icon>special://skin/extras/icons/antenna.png</icon>
                            <onclick>Skin.SetString($INFO[Window(3067).Property(item),,.Label],$LOCALIZE[20388])</onclick>
                            <onclick>Skin.SetString($INFO[Window(3067).Property(item),,.Icon],special://skin/extras/icons/antenna.png)</onclick>
                            <onclick>Skin.SetString($INFO[Window(3067).Property(item),,.Path],ActivateWindow(Videos,TvShowStudios,return))</onclick>
                            <onclick>Close</onclick>
                        </item>
                        
                        
                        <item id="14">
                            <description>Files Videos</description>
                            <label>1214</label>
                            <label2>10025</label2>
                            <icon>special://skin/extras/icons/files.png</icon>
                            <onclick>Skin.SetString($INFO[Window(3067).Property(item),,.Label],$LOCALIZE[1214])</onclick>
                            <onclick>Skin.SetString($INFO[Window(3067).Property(item),,.Icon],special://skin/extras/icons/files.png)</onclick>
                            <onclick>Skin.SetString($INFO[Window(3067).Property(item),,.Path],ActivateWindow(videos,Files,return))</onclick>
                            <onclick>Close</onclick>
                        </item>
                        
                        
                        <item id="15">
                            <description>Playlists Videos</description>
                            <label>136</label>
                            <label2>10025</label2>
                            <icon>special://skin/extras/icons/playlist.png</icon>
                            <onclick>Skin.SetString($INFO[Window(3067).Property(item),,.Label],$LOCALIZE[136])</onclick>
                            <onclick>Skin.SetString($INFO[Window(3067).Property(item),,.Icon],special://skin/extras/icons/playlist.png)</onclick>
                            <onclick>Skin.SetString($INFO[Window(3067).Property(item),,.Path],ActivateWindow(videos,special://videoplaylists/,return))</onclick>
                            <onclick>Close</onclick>
                        </item>
                        
                        <item id="16">
                            <description>Update Videos</description>
                            <label>653</label>
                            <label2>10025</label2>
                            <icon>special://skin/extras/icons/update.png</icon>
                            <onclick>Skin.SetString($INFO[Window(3067).Property(item),,.Label],$LOCALIZE[653])</onclick>
                            <onclick>Skin.SetString($INFO[Window(3067).Property(item),,.Icon],special://skin/extras/icons/update.png)</onclick>
                            <onclick>Skin.SetString($INFO[Window(3067).Property(item),,.Path],UpdateLibrary(video))</onclick>
                            <onclick>Close</onclick>
                        </item>
                        
                        <item id="17">
                            <description>Artists Music</description>
                            <label>133</label>
                            <label2>2</label2>
                            <icon>special://skin/extras/icons/artist.png</icon>
                            <onclick>Skin.SetString($INFO[Window(3067).Property(item),,.Label],$LOCALIZE[133])</onclick>
                            <onclick>Skin.SetString($INFO[Window(3067).Property(item),,.Icon],special://skin/extras/icons/artist.png)</onclick>
                            <onclick>Skin.SetString($INFO[Window(3067).Property(item),,.Path],ActivateWindow(MusicLibrary,Artists,return))</onclick>
                            <onclick>Close</onclick>
                        </item>
                        
                        <item id="18">
                            <description>Albums Music</description>
                            <label>132</label>
                            <label2>2</label2>
                            <icon>special://skin/extras/icons/songs.png</icon>
                            <onclick>Skin.SetString($INFO[Window(3067).Property(item),,.Label],$LOCALIZE[132])</onclick>
                            <onclick>Skin.SetString($INFO[Window(3067).Property(item),,.Icon],special://skin/extras/icons/songs.png)</onclick>
                            <onclick>Skin.SetString($INFO[Window(3067).Property(item),,.Path],ActivateWindow(MusicLibrary,Albums,return))</onclick>
                            <onclick>Close</onclick>
                        </item>
                        
                        <item id="19">
                            <description>Top 100 Songs Music</description>
                            <label>10504</label>
                            <label2>2</label2>
                            <icon>special://skin/extras/icons/song.png</icon>
                            <onclick>Skin.SetString($INFO[Window(3067).Property(item),,.Label],$LOCALIZE[10504])</onclick>
                            <onclick>Skin.SetString($INFO[Window(3067).Property(item),,.Icon],special://skin/extras/icons/song.png)</onclick>
                            <onclick>Skin.SetString($INFO[Window(3067).Property(item),,.Path],ActivateWindow(MusicLibrary,Top100Songs,return))</onclick>
                            <onclick>Close</onclick>
                        </item>
                        
                        <item id="20">
                            <description>Top 100 Albums Music</description>
                            <label>10505</label>
                            <label2>2</label2>
                            <icon>special://skin/extras/icons/top100.png</icon>
                            <onclick>Skin.SetString($INFO[Window(3067).Property(item),,.Label],$LOCALIZE[10505])</onclick>
                            <onclick>Skin.SetString($INFO[Window(3067).Property(item),,.Icon],special://skin/extras/icons/top100.png)</onclick>
                            <onclick>Skin.SetString($INFO[Window(3067).Property(item),,.Path],ActivateWindow(MusicLibrary,Top100Albums,return))</onclick>
                            <onclick>Close</onclick>
                        </item>
                        
                        <item id="21">
                            <description>Recent Albums Music</description>
                            <label>31109</label>
                            <label2>2</label2>
                            <icon>special://skin/extras/icons/timer.png</icon>
                            <onclick>Skin.SetString($INFO[Window(3067).Property(item),,.Label],$LOCALIZE[31109])</onclick>
                            <onclick>Skin.SetString($INFO[Window(3067).Property(item),,.Icon],special://skin/extras/icons/timer.png)</onclick>
                            <onclick>Skin.SetString($INFO[Window(3067).Property(item),,.Path],ActivateWindow(MusicLibrary,RecentlyAddedAlbums,return))</onclick>
                            <onclick>Close</onclick>
                        </item>
                        
                        <item id="22">
                            <description>Recent Played Music</description>
                            <label>517</label>
                            <label2>2</label2>
                            <icon>special://skin/extras/icons/rocket.png</icon>
                            <onclick>Skin.SetString($INFO[Window(3067).Property(item),,.Label],$LOCALIZE[517])</onclick>
                            <onclick>Skin.SetString($INFO[Window(3067).Property(item),,.Icon],special://skin/extras/icons/rocket.png)</onclick>
                            <onclick>Skin.SetString($INFO[Window(3067).Property(item),,.Path],ActivateWindow(MusicLibrary,RecentlyPlayedAlbums,return))</onclick>
                            <onclick>Close</onclick>
                        </item>
                        
                        <item id="23">
                            <description>Files Music</description>
                            <label>1214</label>
                            <label2>2</label2>
                            <icon>special://skin/extras/icons/files.png</icon>
                            <onclick>Skin.SetString($INFO[Window(3067).Property(item),,.Label],$LOCALIZE[1214])</onclick>
                            <onclick>Skin.SetString($INFO[Window(3067).Property(item),,.Icon],special://skin/extras/icons/files.png)</onclick>
                            <onclick>Skin.SetString($INFO[Window(3067).Property(item),,.Path],ActivateWindow(MusicFiles))</onclick>
                            <onclick>Close</onclick>
                        </item>
                        
                        
                        <item id="24">
                            <description>Playlists Music</description>
                            <label>136</label>
                            <label2>2</label2>
                            <icon>special://skin/extras/icons/playlist.png</icon>
                            <onclick>Skin.SetString($INFO[Window(3067).Property(item),,.Label],$LOCALIZE[136])</onclick>
                            <onclick>Skin.SetString($INFO[Window(3067).Property(item),,.Icon],special://skin/extras/icons/playlist.png)</onclick>
                            <onclick>Skin.SetString($INFO[Window(3067).Property(item),,.Path],ActivateWindow(MusicLibrary,Playlists,return))</onclick>
                            <onclick>Close</onclick>
                        </item>
                        
                        <item id="25">
                            <description>Update Music</description>
                            <label>653</label>
                            <label2>2</label2>
                            <icon>special://skin/extras/icons/update.png</icon>
                            <onclick>Skin.SetString($INFO[Window(3067).Property(item),,.Label],$LOCALIZE[653])</onclick>
                            <onclick>Skin.SetString($INFO[Window(3067).Property(item),,.Icon],special://skin/extras/icons/update.png)</onclick>
                            <onclick>Skin.SetString($INFO[Window(3067).Property(item),,.Path],UpdateLibrary(music))</onclick>
                            <onclick>Close</onclick>
                        </item>
                        
                         <item id="26">
                            <description>Change background image</description>
                            <label>31304</label>
                            <label2>559</label2>
                            <icon>special://skin/extras/icons/playlist.png</icon>
                            <onclick>Skin.SetFile(global.widget.path,.xsp|.m3u,special://profile/playlists/video/)</onclick>
                            <onclick>Skin.SetString(global.widget.path.type)</onclick>
                            <onclick>Close</onclick>
                        </item>   
                        
                                               
                        
                        <item id="93">
                            <description>Custom Addon</description>
                            <label>31163</label>
                            <label2>24001</label2>
                            <icon>special://skin/extras/icons/video-addons.png</icon>
                            <onclick>Skin.SetAddon(HomeAddon.Path,xbmc.addon.audio,xbmc.addon.video,xbmc.addon.image,xbmc.addon.executable)</onclick>
                            <onclick>Skin.SetString($INFO[Window(3067).Property(item),,.Path],RunAddon($INFO[Skin.String(HomeAddon.Path)]))</onclick>
                            <onclick>Skin.SetString($INFO[Window(3067).Property(item),,.label],$INFO[System.AddonTitle($INFO[Skin.String(HomeAddon.Path)])])</onclick>
                            <onclick>Skin.SetString($INFO[Window(3067).Property(item),,.icon],$INFO[System.AddonIcon($INFO[Skin.String(HomeAddon.Path)])])</onclick>
                            <onclick>Skin.SetString($INFO[Window(3067).Property(item),,.label])</onclick>
                            <onclick>SetProperty(showimages,1,home)</onclick>
                            <onclick>Skin.SetFile($INFO[Window(3067).Property(item),,.icon],.png|.jpg|.gif,special://skin/extras/icons/)</onclick>
                            <onclick>Skin.SetBool($INFO[Window(3067).Property(item),,.enabled])</onclick>
                        </item>
                        
                        <item id="94">
                            <description>Custom Video Playlist</description>
                            <label>31163</label>
                            <label2>20012</label2>
                            <icon>special://skin/extras/icons/playlist.png</icon>
                            <onclick>Skin.SetFile(item.addon,.xsp|.m3u,special://profile/playlists/video/)</onclick>
                            <onclick>Skin.SetString($INFO[Window(3067).Property(item),,.Path],ActivateWindow(Videos,$INFO[Skin.String(item.addon)],return))</onclick>
                            <onclick>Skin.SetString($INFO[Window(3067).Property(item),,.label])</onclick>
                            <onclick>SetProperty(showimages,1,home)</onclick>
                            <onclick>Skin.SetFile($INFO[Window(3067).Property(item),,.icon],.png|.jpg|.gif,special://skin/extras/icons/)</onclick>                      
                            <onclick>Skin.SetBool($INFO[Window(3067).Property(item),,.enabled])</onclick>
                        </item>
                        
                        <item id="95">
                            <description>Custom Fav</description>
                            <label>31163</label>
                            <label2>1036</label2>
                            <icon>special://skin/extras/icons/favourites.png</icon>
                            <onclick>RunScript(script.favourites,property=$INFO[Window(3067).Property(item)])</onclick>
                            <onclick>Skin.SetBool($INFO[Window(3067).Property(item),,.enabled])</onclick>
                        </item>




                        <item id="96">
                            <description>Custom Path</description>
                            <label>31164</label>
                            <label2>748</label2>
                            <icon>special://skin/extras/icons/files.png</icon>
                            <onclick>Skin.SetBool($INFO[Window(3067).Property(item),,.enabled])</onclick>
                            <onclick>Skin.SetString($INFO[Window(3067).Property(item),,.Path])</onclick>
                        </item>
                        
                        <item id="97">
                            <description>Custom Label</description>
                            <label>31164</label>
                            <label2>13334</label2>
                            <icon>special://skin/extras/icons/keyboard.png</icon>
                            <onclick>Skin.SetString($INFO[Window(3067).Property(item),,.label])</onclick>
                        </item>
                        
                        <item id="98">
                            <description>Custom Icon</description>
                            <label>31164</label>
                            <label2>31165</label2>
                            <icon>special://skin/extras/icons/rocket2.png</icon>
                            <onclick>SetProperty(showimages,1,home)</onclick>
                            <onclick>Skin.SetFile($INFO[Window(3067).Property(item),,.icon],.png|.jpg|.gif,special://skin/extras/icons/)</onclick>                      
                        </item>

                        
                        <item id="99">
                            <description>Done</description>
                            <label>186</label>
                            <icon>special://skin/extras/icons/close.png</icon>
                            <onclick>Close</onclick>                
                        </item>
                        
                        
                        
                        

                    </content>

                </control>

            </control>

        </control>
        
        
        
    </controls>
</window>
