<?xml version="1.0" encoding="UTF-8"?>
<!-- Foundation -->
<window type="dialog" id="3065">
    <defaultcontrol always="true">9200</defaultcontrol>
    <onunload>ClearProperty(item,3065)</onunload>
    <allowoverlay>true</allowoverlay>
    <controls>
        <control type="group">
            
            
            <control type="group">
                <visible>!Window.IsVisible(DialogSelect.xml)</visible>
                <visible>!Window.IsVisible(FileBrowser.xml)</visible>
                <visible>!Window.IsVisible(3062)</visible>
                <include>Animation.FadeIn</include>
                <include>Animation.FadeOut</include>

                <control type="panel" id="9200">
                    <posx>14</posx>
                    <posy>200</posy>
                    <width>1904</width>
                    <height>600</height>
                    <onleft>9200</onleft>
                    <onright>9200</onright>
                    <onup>9200</onup>
                    <ondown>9200</ondown>
                    <pagecontrol>60</pagecontrol>
                    <viewtype label="539">list</viewtype>
                    <scrolltime tween="quadratic">400</scrolltime>
                    <orientation>vertical</orientation>

                    <itemlayout width="476" height="100">

                        <control type="image">
                            <width>464</width>
                            <height>89</height>
                            <texture colordiffuse="PosterBorder" border="5">common/border-inner.png</texture>
                        </control>
                        <control type="image">
                            <width>89</width>
                            <height>89</height>
                            <texture>$INFO[ListItem.Icon]</texture>
                            <aspectratio>scale</aspectratio>
                        </control>
                        <control type="label">
                            <right>30</right>
                            <posy>-5</posy>
                            <width>300</width>
                            <align>right</align>
                            <aligny>center</aligny>
                            <textcolor>PanelFG</textcolor>
                            <label>$INFO[ListItem.Label]</label>
                            <animation effect="slide" end="0,18" condition="IsEmpty(ListItem.Label2)">Conditional</animation>
                        </control>
                        <control type="label">
                            <right>30</right>
                            <posy>28</posy>
                            <width>300</width>
                            <align>right</align>
                            <aligny>center</aligny>
                            <textcolor>PanelFG</textcolor>
                            <font>Font-ListInfo-Small</font>
                            <label>$INFO[ListItem.Label2]</label>
                        </control>

                    </itemlayout>

                    <focusedlayout width="476" height="100">

                        <control type="image">
                            <width>464</width>
                            <height>89</height>
                            <texture colordiffuse="PosterHighlight" border="5">common/white.png</texture>
                        </control>
                        <control type="image">
                            <width>89</width>
                            <height>89</height>
                            <texture>$INFO[ListItem.Icon]</texture>
                            <aspectratio>scale</aspectratio>
                        </control>
                        <control type="label">
                            <right>30</right>
                            <posy>-5</posy>
                            <width>300</width>
                            <align>right</align>
                            <aligny>center</aligny>
                            <textcolor>Selected</textcolor>
                            <label>$INFO[ListItem.Label]</label>
                            <animation effect="slide" end="0,18" condition="IsEmpty(ListItem.Label2)">Conditional</animation>
                        </control>
                        <control type="label">
                            <right>30</right>
                            <posy>28</posy>
                            <width>300</width>
                            <align>right</align>
                            <aligny>center</aligny>
                            <textcolor>Selected</textcolor>
                            <font>Font-ListInfo-Small</font>
                            <label>$INFO[ListItem.Label2]</label>
                        </control>

                    </focusedlayout>
                    <content>
                        <item id="0">
                            <description>Movies Spotlight</description>
                            <label>20342</label>
                            <label2>31112</label2>
                            <icon>special://skin/extras/icons/film.png</icon>
                            <onclick>Skin.SetString($INFO[Window(3065).Property(item),,.bgwidget.type],$LOCALIZE[31112])</onclick>
                            <onclick>Skin.SetString($INFO[Window(3065).Property(item),,.bgwidget],special://skin/extras/playlists/RandomMovies.xsp)</onclick>
                            <onclick>Close</onclick>
                        </item>
                        
                        <item id="1">
                            <description>Movies Recent</description>
                            <label>20342</label>
                            <label2>31109</label2>
                            <align>right</align>
                            <icon>special://skin/extras/icons/film.png</icon>
                            <onclick>Skin.SetString($INFO[Window(3065).Property(item),,.bgwidget.type],$LOCALIZE[31109])</onclick>
                            <onclick>Skin.SetString($INFO[Window(3065).Property(item),,.bgwidget],videodb://recentlyaddedmovies/)</onclick>
                            <onclick>Close</onclick>
                        </item>
                        
                        <item id="15">
                            <description>Movies Ongoing</description>
                            <label>20342</label>
                            <label2>31110</label2>
                            <icon>special://skin/extras/icons/film.png</icon>
                            <onclick>Skin.SetString($INFO[Window(3065).Property(item),,.bgwidget.type],$LOCALIZE[31110])</onclick>
                            <onclick>Skin.SetString($INFO[Window(3065).Property(item),,.bgwidget],plugin://service.library.data.provider?type=recommendedmovies&amp;reload=$INFO[Window.Property(recommendedmovies)])</onclick>
                            <onclick>Close</onclick>
                        </item>
                        
                        <item id="23">
                            <description>Playlist</description>
                            <label>31163</label>
                            <label2>559</label2>
                            <icon>special://skin/extras/icons/playlist.png</icon>
                            <onclick>Skin.SetFile($INFO[Window(3065).Property(item),,.bgwidget],.xsp|.m3u,special://profile/playlists/video/)</onclick>
                            <onclick>Skin.SetString($INFO[Window(3065).Property(item),,.bgwidget.type])</onclick>
                            <onclick>Close</onclick>
                        </item>
                        
                        <item id="2">
                            <description>TV Spotlight</description>
                            <label>20343</label>
                            <label2>31112</label2>
                            <icon>special://skin/extras/icons/tv.png</icon>
                            <onclick>Skin.SetString($INFO[Window(3065).Property(item),,.bgwidget.type],$LOCALIZE[31112])</onclick>
                            <onclick>Skin.SetString($INFO[Window(3065).Property(item),,.bgwidget],special://skin/extras/playlists/RandomEpisodes.xsp)</onclick>
                            <onclick>Close</onclick>
                        </item>
                        
                        <item id="3">
                            <description>TV Recent</description>
                            <label>20343</label>
                            <label2>31109</label2>
                            <icon>special://skin/extras/icons/tv.png</icon>
                            <onclick>Skin.SetString($INFO[Window(3065).Property(item),,.bgwidget.type],$LOCALIZE[31109])</onclick>
                            <onclick>Skin.SetString($INFO[Window(3065).Property(item),,.bgwidget],videodb://recentlyaddedepisodes/)</onclick>
                            <onclick>Close</onclick>
                        </item>
                        
                        <item id="13">
                            <description>TV Ongoing</description>
                            <label>20343</label>
                            <label2>31110</label2>
                            <icon>special://skin/extras/icons/tv.png</icon>
                            <onclick>Skin.SetString($INFO[Window(3065).Property(item),,.bgwidget.type],$LOCALIZE[31110])</onclick>
                            <onclick>Skin.SetString($INFO[Window(3065).Property(item),,.bgwidget],plugin://service.library.data.provider?type=recommendedepisodes&amp;reload=$INFO[Window.Property(recommendedepisodes)])</onclick>
                            <onclick>Close</onclick>
                        </item>
                    
                        
                        <item id="21">
                            <description>Slideshow</description>
                            <label>31163</label>
                            <label2>108</label2>
                            <icon>special://skin/extras/icons/pictures.png</icon>
                            <onclick>Skin.SetPath($INFO[Window(3065).Property(item),,.bgwidget])</onclick>
                            <onclick>Skin.SetString($INFO[Window(3065).Property(item),,.bgwidget.type],$LOCALIZE[108])</onclick>
                            <onclick>Close</onclick>
                        </item>
                        
                        <item id="5">
                            <description>Path</description>
                            <label>31163</label>
                            <label2>748</label2>
                            <icon>special://skin/extras/icons/files.png</icon>
                            <onclick>Skin.SetString($INFO[Window(3065).Property(item),,.bgwidget])</onclick>
                        </item>
                        
                        <!--<item id="13">
                            <description>Custom Fav</description>
                            <label>31163</label>
                            <label2>$LOCALIZE[1036] ($LOCALIZE[31220])</label2>
                            <icon>special://skin/extras/icons/favourites.png</icon>
                            <onclick>Skin.SetString(Widget_Position,$INFO[Window(3065).Property(item)])</onclick>
                            <onclick>RunScript(script.favourites,property=Widget_Favourite)</onclick>
                            <onclick>Close</onclick>
                        </item>-->
                        
                        <item id="25">
                            <description>Label</description>
                            <label>31163</label>
                            <label2>13334</label2>
                            <icon>special://skin/extras/icons/keyboard.png</icon>
                            <onclick>Skin.SetString($INFO[Window(3065).Property(item),,.bgwidget.type])</onclick>
                        </item>

                        <item id="19">
                            <description>Remove</description>
                            <label>117</label>
                            <icon>special://skin/extras/icons/forbidden.png</icon>
                            <onclick>Skin.Reset($INFO[Window(3065).Property(item),,.bgwidget.type])</onclick>
                            <onclick>Skin.Reset($INFO[Window(3065).Property(item),,.bgwidget])</onclick>
                            <onclick>Close</onclick>
                        </item>
                        
                        <item id="20">
                            <description>Done</description>
                            <label>186</label>
                            <icon>special://skin/extras/icons/close.png</icon>
                            <onclick>Close</onclick>
                        </item>
                        
                        
                        
                        

                    </content>

                </control>

            </control>

        </control>
        
        
        
    </controls>
</window>
