<?xml version="1.0" encoding="UTF-8"?>
<!-- Foundation -->
<window type="window" id="3208">
    <defaultcontrol always="true">9500</defaultcontrol>
    <allowoverlay>false</allowoverlay>
    <onload condition="IsEmpty(Window(home).Property(librarynode))">SetProperty(librarynode,videodb://movies/titles/,home)</onload>
    <onload>SetProperty(previoushub,3206,home)</onload>
    <onunload>ClearProperty(librarynode,home)</onunload>
    <controls>
        <include>GlobalBackground</include>
        <include>GlobalTopBar</include>
        <!--<include>DefRightSideArrow</include> חץ ימין -->
   
        <control type="group">
            <posx>horzpad</posx>
            <posy>topoffset</posy>
            <include>DialogVisibility</include>
            <include>Animation.SlideOpen.Right</include>
            <animation effect="slide" end="horznegpad" start="0" time="200" condition="ControlGroup(9000).HasFocus() | Window.IsActive(DialogContextMenu.xml)">Conditional</animation>
            
            <control type="label">
                <posx>1384</posx>
                <posy>145</posy>
                <width>690</width>
                <font>Font-WidgetCategory</font>
                <label>15100</label>
                <textcolor>SideLabel</textcolor>
            </control>
            
            <control type="list" id="9500">
                <posx>984</posx>
                <posy>listy</posy>
                <width>widgethubrightw</width>
                <height>700</height>
                <!--<include>HubMoveRight</include>-->
                <onleft>9501</onleft>                
                <onup>9500</onup>
                <ondown>9500</ondown>
                <orientation>vertical</orientation>
                <include>HubCategoriesLayout</include>
                <content>
                    <include>QuickNavPulsarsdarotHub</include>
                </content>
            </control>
            <control type="label">
                <posx>780</posx>
                <posy>145</posy>
                <width>globalh</width>
                <font>Font-WidgetCategory</font>
                <label>סדרות פולסר</label> <!-- TODO: SET YOUR LABEL -->
                <textcolor>SideLabel</textcolor>
            </control>
            <control type="group">
                <posx>listx</posx>
                <posy>listy</posy>
                <control type="group">
                    <visible>!Control.HasFocus(9501)</visible>
                    <control type="image">
                        <width>955</width>
                        <height>globalh</height>
                        <texture colordiffuse="PosterBorder" border="5">common/border-inner.png</texture>
                    </control>
                    <!--<control type="label">
                        <posx>20</posx>
                        <posy>555</posy>
                        <width>825</width>
                        <align>left</align>
                        <label>$INFO[Container(9501).ListItem.Label]$INFO[Container(9501).ListItem.Label2, (,)]</label>
                    </control>
                    <control type="label"> מספר מ-0 עד..
                        <posx>935</posx>
                        <posy>555</posy>
                        <width>915</width>
                        <align>right</align>
                        <font>Font-ListInfo-Small</font>
                        <label>$INFO[Container(9501).CurrentPage] $LOCALIZE[20163] $INFO[Container(9501).NumPages]</label>
                    </control>
                    <control type="textbox">
                        <posx>20</posx>
                        <posy>606</posy>
                        <width>915</width>
                        <height>70</height>
                        <align>left</align>
                        <font>Font-ListInfo-Small</font>
                        <label>$VAR[WidgetPlot]</label>
                    </control>-->
                </control>
                <control type="group">
                    <visible>Control.HasFocus(9501)</visible>
                    <control type="image">
                        <width>955</width>
                        <height>globalh</height>
                        <texture colordiffuse="PosterHighlight" border="5">common/white.png</texture>
                    </control>
                   <!-- <control type="label">הצגת טקסט בהעברת עכבר
                        <posx>20</posx>
                        <posy>555</posy>
                        <width>825</width>
                        <align>left</align>
                        <textcolor>Selected</textcolor>
                        <scroll>true</scroll>
                        <label>$INFO[Container(9501).ListItem.Label]$INFO[Container(9501).ListItem.Label2, (,)]</label>
                    </control>
                    <control type="label">
                        <posx>935</posx>
                        <posy>555</posy>
                        <width>915</width>
                        <align>right</align>
                        <font>Font-ListInfo-Small</font>
                        <textcolor>Selected</textcolor>
                        <label>$INFO[Container(9501).CurrentPage] $LOCALIZE[20163] $INFO[Container(9501).NumPages]</label>
                    </control>
                    <control type="textbox">
                        <posx>20</posx>
                        <posy>606</posy>
                        <width>915</width>
                        <height>70</height>
                        <align>left</align>
                        <font>Font-ListInfo-Small</font>
                        <textcolor>Selected</textcolor>
                        <label>$VAR[WidgetPlot]</label>
                    </control>-->
                </control>
                <control type="wraplist" id="9501">
                    <posx>globalpad</posx>
                    <posy>globalpad</posy>
                    <onright>9500</onright>
                    <width>935</width>
                    <height>670</height>
                    <orientation>vertical</orientation>
                    <preloaditems>1</preloaditems>
                    <autoscroll time="7000">!Control.HasFocus(9501)</autoscroll>
                    <scrolltime tween="cubic">500</scrolltime>
                    <itemlayout width="935" height="538">
                        <control type="image">
                            <width>935</width>
                            <height>670</height>
                            <texture>$VAR[WidgetFanart]</texture>
                            <aspectratio>scale</aspectratio>
                        </control>
                    </itemlayout>
                    <focusedlayout width="935" height="538">
                        <control type="image">
                            <width>935</width>
                            <height>670</height>
                             <align>right</align>
                            <texture>$VAR[WidgetFanart]</texture>
                            <aspectratio>scale</aspectratio>
                        </control>
                    </focusedlayout>
                 </control>
                 <control type="image">
                    <posx>11</posx>
                    <posy>11</posy>
                    <width>933</width>
                    <height>670</height>
                    <texture fallback="special://skin/extras/kids/series2.jpg">$INFO[Container(9501).ListItem.Thumb]</texture>
                    <aspectratio>scale</aspectratio>
                    <visible>!Player.HasVideo</visible>
                </control>
                <control type="image">
                    <posx>11</posx>
                    <posy>11</posy>
                    <width>933</width>
                    <height>670</height>
                    <texture border="2" colordiffuse="BorderColor">common/border.png</texture>
                </control>
            </control>
            <control type="group">
                <posx>18</posx>
                <posy>210</posy>
                <visible>Player.HasVideo</visible>
                <control type="button" id="9501">
                    <width>955</width>
                    <height>690</height>
                    <onright>9500</onright>
                    <onclick>Action(fullscreen)</onclick>
                    <texturefocus colordiffuse="PosterHighlight" border="5">common/white.png</texturefocus>
                    <texturenofocus colordiffuse="PosterBorder" border="5">common/border-inner.png</texturenofocus>
                </control>
                <control type="group">
                    <control type="label">
                        <posx>20</posx>
                        <posy>555</posy>
                        <width>625</width>
                        <align>left</align>
                        <textcolor>Selected</textcolor>
                        <label>$INFO[VideoPlayer.Title]$INFO[VideoPlayer.ChannelName,  (,)]</label>
                    </control>
                    <control type="label">
                        <posx>935</posx>
                        <posy>555</posy>
                        <width>280</width>
                        <align>right</align>
                        <textcolor>Selected</textcolor>
                        <font>Font-ListInfo-Small</font>
                        <label>$INFO[Player.Time]$INFO[Player.Duration,  /  ,]</label>
                    </control>
                    <control type="textbox">
                        <posx>20</posx>
                        <posy>606</posy>
                        <width>915</width>
                        <height>70</height>
                        <align>left</align>
                        <textcolor>Selected</textcolor>
                        <font>Font-ListInfo-Small</font>
                        <label>$INFO[VideoPlayer.Plot,,  ]$INFO[Player.FinishTime,$LOCALIZE[31115] ,]</label>
                    </control>
                </control>
                <control type="image">
                    <posx>11</posx>
                    <posy>11</posy>
                    <width>933</width>
                    <height>537</height>
                    <texture colordiffuse="Black">common/white.png</texture>
                    <aspectratio>scale</aspectratio>
                    <visible>Player.HasVideo</visible>
                </control>
                <control type="videowindow">
                    <posx>11</posx>
                    <posy>11</posy>
                    <width>933</width>
                    <height>537</height>
                    <aspectratio>scale</aspectratio>
                    <visible>Player.HasVideo</visible>
                </control>
                <control type="image">
                    <posx>11</posx>
                    <posy>11</posy>
                    <width>933</width>
                    <height>537</height>
                    <texture border="2" colordiffuse="BorderColor">common/border.png</texture>
                </control>     
            </control>
        </control>
        
    </controls>
    </window>