<?xml version="1.0" encoding="UTF-8"?>
<!-- Foundation -->
<window type="dialog" id="3078">
    <defaultcontrol always="true">9200</defaultcontrol>
    <allowoverlay>true</allowoverlay>
    <controls>
        <control type="group">
            
            
            <control type="group">
                <visible>!Window.IsVisible(DialogSelect.xml)</visible>
                <visible>!Window.IsVisible(FileBrowser.xml)</visible>
                <visible>!Window.IsVisible(3062)</visible>
                <include>Animation.FadeIn</include>
                <include>Animation.FadeOut</include>

                <control type="panel" id="9200">
                    <posx>14</posx>
                    <posy>200</posy>
                    <width>1904</width>
                    <height>600</height>
                    <onleft>9200</onleft>
                    <onright>9200</onright>
                    <onup>9200</onup>
                    <ondown>9200</ondown>
                    <pagecontrol>60</pagecontrol>
                    <viewtype label="539">list</viewtype>
                    <scrolltime tween="quadratic">400</scrolltime>
                    <orientation>vertical</orientation>

                    <itemlayout width="476" height="100">

                        <control type="image">
                            <width>464</width>
                            <height>89</height>
                            <texture colordiffuse="PosterBorder" border="5">common/border-inner.png</texture>
                        </control>
                        <control type="image">
                            <width>89</width>
                            <height>89</height>
                            <texture>$INFO[ListItem.Icon]</texture>
                            <aspectratio>scale</aspectratio>
                        </control>
                        <control type="label">
                            <right>30</right>
                            <posy>-5</posy>
                            <width>300</width>
                            <align>right</align>
                            <aligny>center</aligny>
                            <textcolor>PanelFG</textcolor>
                            <label>$INFO[ListItem.Label]</label>
                            <animation effect="slide" end="0,18" condition="IsEmpty(ListItem.Label2)">Conditional</animation>
                        </control>
                        <control type="label">
                            <right>30</right>
                            <posy>28</posy>
                            <width>300</width>
                            <align>right</align>
                            <aligny>center</aligny>
                            <textcolor>PanelFG</textcolor>
                            <font>Font-ListInfo-Small</font>
                            <label>$INFO[ListItem.Label2]</label>
                        </control>

                    </itemlayout>

                    <focusedlayout width="476" height="100">

                        <control type="image">
                            <width>464</width>
                            <height>89</height>
                            <texture colordiffuse="PosterHighlight" border="5">common/white.png</texture>
                        </control>
                        <control type="image">
                            <width>89</width>
                            <height>89</height>
                            <texture>$INFO[ListItem.Icon]</texture>
                            <aspectratio>scale</aspectratio>
                        </control>
                        <control type="label">
                            <right>30</right>
                            <posy>-5</posy>
                            <width>300</width>
                            <align>right</align>
                            <aligny>center</aligny>
                            <textcolor>Selected</textcolor>
                            <label>$INFO[ListItem.Label]</label>
                            <animation effect="slide" end="0,18" condition="IsEmpty(ListItem.Label2)">Conditional</animation>
                        </control>
                        <control type="label">
                            <right>30</right>
                            <posy>28</posy>
                            <width>300</width>
                            <align>right</align>
                            <aligny>center</aligny>
                            <textcolor>Selected</textcolor>
                            <font>Font-ListInfo-Small</font>
                            <label>$INFO[ListItem.Label2]</label>
                        </control>

                    </focusedlayout>
                    <content>
                        <item id="0">
                            <description>Movies Spotlight</description><!--סרטים תצוגה מקדימה-->
                            <label>20342</label>
                            <label2>31112</label2>
                            <icon>special://skin/extras/icons/film.png</icon>
                            <onclick>Skin.SetString(global.widget.path.type,$LOCALIZE[31112])</onclick>
                            <onclick>Skin.SetString(global.widget.path,special://skin/extras/playlists/RandomMovies.xsp)</onclick>
                            <onclick>Skin.SetString(widget.typeid,0)</onclick>
                            <onclick>Close</onclick>
                        </item>
                        
                        <item id="1">
                            <description>Movies Recent</description><!-- סרטים - נוסף לאחרונה-->
                            <label>20342</label>
                            <label2>31109</label2>
                            <icon>special://skin/extras/icons/film.png</icon>
                            <onclick>Skin.SetString(global.widget.path.type,$LOCALIZE[31109])</onclick>
                            <onclick>Skin.SetString(global.widget.path,videodb://recentlyaddedmovies/)</onclick>  
                            <onclick>Skin.SetString(widget.typeid,1)</onclick>                     	                                                                          
                            <onclick>Close</onclick>
                        </item>
                        
                        <item id="15">
                            <description>Movies Ongoing</description><!-- סרטים - בתהליך-->
                            <label>20342</label>
                            <label2>31110</label2>
                            <icon>special://skin/extras/icons/film.png</icon>
                            <onclick>Skin.SetString(global.widget.path.type,$LOCALIZE[31110])</onclick>
                            <onclick>Skin.SetString(global.widget.path,plugin://service.library.data.provider?type=recommendedmovies&amp;reload=$INFO[Window.Property(recommendedmovies)])</onclick>
                            <onclick>Skin.SetString(widget.typeid,3)</onclick>
                            <onclick>Close</onclick>
                        </item>
                        
                        <item id="23">
                            <description>Playlist</description>
                            <label>31163</label>
                            <label2>31305</label2>
                            <icon>special://skin/extras/icons/playlist.png</icon>
                            <onclick>Skin.SetFile(global.widget.path,.xsp|.m3u,special://profile/playlists/video/)</onclick>
                            <onclick>Skin.SetString(global.widget.path.type)</onclick>
                            <onclick>Skin.SetString(widget.typeid,4)</onclick>
                            <onclick>Close</onclick>
                        </item>
                                                
                        <item id="2">
                            <description>TV Spotlight</description><!-- סדרות -תצוגה מקדימה-->
                            <label>20343</label>
                            <label2>31112</label2>
                            <icon>special://skin/extras/icons/tv.png</icon>
                            <onclick>Skin.SetString(global.widget.path.type,$LOCALIZE[31112])</onclick>
                            <onclick>Skin.SetString(global.widget.path,special://skin/extras/playlists/RandomEpisodes.xsp)</onclick>
                            <onclick>Skin.SetString(widget.typeid,5)</onclick>
                            <onclick>Close</onclick>
                        </item>
                        
                        <item id="3">
                            <description>TV Recent</description><!-- סדרות - נוסף לאחרונה-->
                            <label>20343</label>
                            <label2>31109</label2>
                            <icon>special://skin/extras/icons/tv.png</icon>
                            <onclick>Skin.SetString(global.widget.path.type,$LOCALIZE[31109])</onclick>
                            <onclick>Skin.SetString(global.widget.path,videodb://recentlyaddedepisodes/)</onclick>
                            <onclick>Skin.SetString(widget.typeid,6)</onclick>
                            <onclick>Close</onclick>
                        </item>
                        
                        <item id="13">
                            <description>TV Ongoing</description><!-- סדרות - בתהליך-->
                            <label>20343</label>
                            <label2>31110</label2>
                            <icon>special://skin/extras/icons/tv.png</icon>
                            <onclick>Skin.SetString(global.widget.path.type,$LOCALIZE[31110])</onclick>
                            <onclick>Skin.SetString(global.widget.path,plugin://service.library.data.provider?type=recommendedepisodes&amp;reload=$INFO[Window.Property(recommendedepisodes)])</onclick>
                            <onclick>Skin.SetString(widget.typeid,7)</onclick>
                            <onclick>Close</onclick>
                        </item>
                    
                        
                        <item id="21">
                            <description>Slideshow</description>
                            <label>31163</label>
                            <label2>108</label2>
                            <icon>special://skin/extras/icons/pictures.png</icon>
                            <onclick>Skin.SetPath(global.widget.path)</onclick>
                            <onclick>Skin.SetString(global.widget.path.type,$LOCALIZE[108])</onclick>
                            <onclick>Skin.SetString(widget.typeid,8)</onclick>
                            <onclick>Close</onclick>
                        </item>
                        
                        <item id="5">
                            <description>Path</description>
                            <label>31163</label>
                            <label2>748</label2>
                            <icon>special://skin/extras/icons/files.png</icon>
                            <onclick>Skin.SetString(global.widget.path)</onclick>
                            <onclick>Skin.SetString(widget.typeid,9)</onclick>
                        </item>
                        
                        <item id="25">
                            <description>Label</description>
                            <label>31163</label>
                            <label2>13334</label2>
                            <icon>special://skin/extras/icons/keyboard.png</icon>
                            <onclick>Skin.SetString(global.widget.path.type)</onclick>
                            <onclick>Skin.SetString(widget.typeid,10)</onclick>
                        </item>

                        <item id="19">
                            <description>Default</description><!-- ברירת מחדל - תצוגה מקדימה/בתהליך -->
                            <label>13278</label>
                            <label2>$LOCALIZE[31112] / $LOCALIZE[31110]</label2>
                            <icon>special://skin/extras/icons/configure.png</icon>
                            <onclick>Skin.Reset(global.widget.path.type)</onclick>
                            <onclick>Skin.Reset(global.widget.path)</onclick>
                            <onclick>Skin.SetString(widget.typeid,11)</onclick>
                            <onclick>Close</onclick>
                        </item>
                        
                        <item id="39">
                            <description>Disable</description>
                            <label>24021</label>
                            <icon>special://skin/extras/icons/forbidden.png</icon>
                            <onclick>Skin.Reset(global.widget.path.type)</onclick>
                            <onclick>Skin.Reset(global.widget.path)</onclick>
                            <onclick>Skin.Reset(home.usemixedglobalwidget)</onclick>
                            <onclick>Close</onclick>
                        </item>
                        
                        <item id="20">
                            <description>Done</description>
                            <label>186</label>
                            <icon>special://skin/extras/icons/close.png</icon>
                            <onclick>Close</onclick>
                        </item>
                        
                        
                        
                        

                    </content>

                </control>

            </control>

        </control>
        
        
        
    </controls>
</window>
