<window id="1100" type="window">
  <defaultcontrol>2</defaultcontrol>
  <allowoverlay>yes</allowoverlay>
  <coordinates>
    <posX>1280</posX>
    <posY>720</posY>    
  </coordinates>
  <controls>
	  
        <control type="image">
			<posx>9</posx>
			<posy>-10</posy>
			<width>1900</width>
			<height>1100</height>         
            <texture>special://skin/extras/background/skin.eminence-1-1.png</texture>
	        <aspectratio scalediffuse="false">scale</aspectratio>
        </control>	  
        
        <control type="textbox" id="5">
            <description>textarea</description>
            <posx>200</posx>
            <posy>70</posy>
            <width>1500</width>
            <height>600</height>
            <colordiffuse>FFFFFFFF</colordiffuse>
            <font>font13</font>
            <textcolor>FFFFFFFF</textcolor>
            <visible>true</visible>
            <align>right</align>
            <scrolltime>899</scrolltime>
            <pagecontrol>1000</pagecontrol>
            <autoscroll time="1000" delay="7000" repeat="10500">true</autoscroll>
            <label>[COLOR=white][B]ברוכים הבאים ל- Eminence הישראלי - מאת אבי אבקסיס[CR]

הסקין מבוסס על הסקין Eminence המקורי של jurialmunkey , אך בוצעו בו אלפי התאמות, התווספו שורות קוד, אייקונים עיצובים ועוד. כל זאת על-מנת שיהיה מותאם לעברית, ולצרכי המשתמש הישראלי.

בסקין נוספו אפשרויות חדשות ומקוריות שלא נמצאו לפני-כן בסקין המקורי, וכל הזכויות עליהן שמורות.[CR]
הסקין הינו חופשי לעריכה לשימוש אישי, אך אסור להפצה המונית או מכירה בתשלום ללא אישור מפורש מיוצר הגרסה העברית הלא הוא אבי אבקסיס.

כל השורות, מודים, רעיונות, כפתורים, עיצובים שנעשו עוצבו או תוכנתו על-ידי אבי אבקסיס שמורות לו, ואין להסיר אותם ולהפיץ מחדש בשמו ללא אישור מפורש.[CR]

[COLOR=lightblue][B]כדי למצוא אותי ברשת, תוכלו להירשם אל הפורום kodiSrael.net - אתר הבית של קהילת קודי בישראל, שם קיימת תמיכה מלאה שלי על הסקין.[/B][/COLOR][CR]

כעת, הרשו לי לכבד את האנשים שלקחו חלק בהמרתו של הסקין לשפת הקודש.[CR]

אלעד נתן - אלעד, תרגם את המלל לעברית בתחילת דרכו, והכיר לי את הסקין לראשונה, ומשם עשיתי מהפך בהתאמתו לגרסה העברית. 
[CR]
תומר - (הלא הוא Tomer953 יוצר הסקין Transparnecy בגרסתו העברית), עזר לי בכל פעם שביקשתי עזרה בלהבין איך הדברים עובדים. 
[CR]
פאר מושיקו - היה אחראי לרעיון של החלפת האייקונים, היה אחראי לרעיון של הוספת תמונת רקע.

זיו חדד - היה אחראי לכל השינויים הקשורים בויזואליות הגרפית, ועזר המון ברעיונות לגבי הגרפיקה. 
















        </label>
        </control>
        
        <control type="multiimage">
			<posx>9</posx>
			<posy>-10</posy>
			<width>1900</width>
			<height>1100</height>
			<imagepath fallback="special://skin/extras/background/skin.eminence-2-1.png" background="true">$INFO[Skin.String(Custom_Back_Settings_Folder)]</imagepath>
			<aspectratio>scale</aspectratio>
			<randomize>true</randomize>
			<include condition="Skin.HasSetting(AnimateBackgrounds)">backgroundanimation</include>
			<include>VisibleFadeEffect</include>
        </control>

        <control type="image">
	       <posx>80</posx>
	       <posy>50</posy>
	       <width>150</width>
	       <height>30</height>
	       <texture>Addons.png</texture>
	       <aspectratio scalediffuse="false">scale</aspectratio>
        </control>
        <control type="image">
	       <posx>231</posx>
	       <posy>50</posy>
	       <width>165</width>
	       <height>30</height>
	       <texture>Addons_.png</texture>
	       <aspectratio scalediffuse="false">scale</aspectratio>
        </control>					
</controls>
</window>
