<?xml version="1.0" encoding="UTF-8"?>
<!-- Foundation -->
<window id="106">
    <defaultcontrol always="true">1000</defaultcontrol>
    <allowoverlay>yes</allowoverlay>
    <zorder>20</zorder>

    <coordinates>
        <origin x="0" y="0" />
    </coordinates>

<controls>
     <include condition="Window.IsVisible(DialogFavourites.xml) | Window.IsVisible(home)">DefTopContextMenu</include>
     <include condition="!Window.IsVisible(DialogFavourites.xml) + !Window.IsVisible(home)">DefSideContextMenu</include>
</controls>

    <!---<controls>
        <include condition="!Window.IsVisible(Home) + !Window.IsVisible(3101) | Window.IsVisible(DialogFavourites.xml)">DefSideContextMenu</include>
        <include condition="[Window.IsVisible(Home) + !Window.IsVisible(DialogFavourites.xml)] | Window.IsVisible(3101)">DefTopContextMenu</include>              
    </controls>-->

</window>
