<?xml version="1.0" encoding="UTF-8"?>
<!-- Foundation -->
<window id="107">
    <allowoverlay>yes</allowoverlay>
    <zorder>3</zorder>
    <controls>
        <control type="group">
            <posx>200l</posx>
            <visible>!Window.IsActive(DialogOK.xml)</visible>
            <visible>!Window.IsActive(DialogYesNo.xml)</visible>
            <visible>!Window.IsActive(DialogContextMenu.xml)</visible>
            <visible>!Window.IsActive(DialogButtonMenu.xml)</visible>
            <control type="image" id="400">
                <description>avatar</description>
                <!-- icon -->
                <top>25</top>
                <right>215</right>
                <width>64</width>
                <height>64</height>
                <aspectratio>keep</aspectratio>
                <colordiffuse>TopBarIcon</colordiffuse>
                <texture>kaitoast/info.png</texture>
            </control>
            
            <control type="label" id="401" description="header">
	            <!-- טקסט הודעות גדול -->
                <posx>1070</posx>
                <posy>44</posy>
                <top>52</top>
                <width>500</width>
                <height>70</height>
                <font>Font-Sublabel</font>
                <aligny>center</aligny>
                <textcolor>$VAR[TopBarMainLabel]</textcolor>
                <wrapmultiline>true</wrapmultiline>
            </control>
            <control type="label" id="402" description="message">
	           <!-- טקסט הודעות קטן -->
                <posx>1383</posx>
                <posy>90</posy>
                <top>17</top>
                <width>500</width>
                <font>Font-ListInfo</font>
                <textcolor>$VAR[TopBarSubLabel]</textcolor>
                <align>right</align>
            </control>
            
            <control type="image" id="403">
                <description>avatar</description>
                <visible>false</visible>
                <top>75</top>
                <right>302</right>
                <width>64</width>
                <height>64</height>
                <aspectratio>keep</aspectratio>
                <colordiffuse>TopBarIcon</colordiffuse>
                <texture>kaitoast/info.png</texture>
            </control>
            <control type="image" id="404">
                <description>avatar</description>
                <visible>false</visible>
                <top>75</top>
                <right>302</right>
                <width>64</width>
                <height>64</height>
                <aspectratio>keep</aspectratio>
                <colordiffuse>TopBarIcon</colordiffuse>
                <texture>kaitoast/warning.png</texture>
            </control>
            <control type="image" id="405">
                <description>avatar</description>
                <visible>false</visible>
                <top>75</top>
                <right>302</right>
                <width>64</width>
                <height>64</height>
                <aspectratio>keep</aspectratio>
                <colordiffuse>TopBarIcon</colordiffuse>
                <texture>kaitoast/error.png</texture>
            </control>
        </control>   
    </controls>
</window>
