<window>
    <defaultcontrol always="true">11</defaultcontrol>
    	<coordinates>
		<posx>400</posx>
		<posy>220</posy>
	</coordinates>
    
    <controls>
    
        <control type="group">
            <visible>!Window.IsActive(DialogPVRGuideInfo.xml)</visible>
            <include>Animation.SlideOpen.Top</include>
            <control type="image"><!-- רקע שחור -->
				<posx>0</posx>
				<posy>0</posy>
				<width>1150</width>
				<height>702</height>
                <texture colordiffuse="PanelBG" border="5">common/white.png</texture>
                <bordertexture colordiffuse="PosterBorder" border="5">common/border-inner.png</bordertexture>
                <bordersize>1</bordersize>
                <animation effect="fade" start="100" end="90" condition="true">Conditional</animation>
            </control>
            <control type="image">
                <posx>10</posx>
                <posy>-4</posy>  
                <width>128</width>
                <height>128</height>
                <texture>special://skin/extras/icons/livetv.png</texture>
                <colordiffuse>PanelFG</colordiffuse>
            </control>
            <control type="label"><!-- כיתוב הערוצים -->
                <posx>1050</posx>
                <posy>10</posy>
                <width>400</width>
                <align>right</align>
                <textcolor>PanelFG</textcolor>
                <font>Font-SettingsCategory</font>
                <label>$INFO[VideoPlayer.ChannelGroup]</label>
            </control>
            <control type="label"><!-- מספר ערוצים -->
                <posx>1070</posx>
                <posy>43</posy>
                <width>400</width>
                <align>right</align>
                <textcolor>PanelFG</textcolor>
                <font>Font-ListInfo</font>
                <label>$INFO[Container(11).NumItems,,  $LOCALIZE[19019]]</label>
            </control>

            <control type="list" id="11"><!-- אורך כיתוב הערוצים  -->
                <posx>0</posx>
                <posy>120</posy>
                <height>580</height>
                <width>1450</width>
                <orientation>vertical</orientation>
                <itemlayout height="120">
                    <control type="image">
                        <width>1050</width>
                        <height>109</height>
                        <aspectratio aligny="top">center</aspectratio>
                        <animation effect="fade" start="100" end="10" condition="true">Conditional</animation>
                        <visible>ListItem.IsPlaying</visible>
                        <colordiffuse>PanelFG</colordiffuse>
                    </control>
                    <control type="image"><!-- מקום לוגו הערוץ בזמן העברת העכבר -->
                        <posx>1000</posx>
                        <posy>8</posy>  
                        <width>85</width>
                        <height>85</height>
                        <texture>$VAR[PVRIcon]</texture>
                        <aspectratio>keep</aspectratio>
                    </control>
                    <control type="label"><!-- מיספור הערוץ בהעברת העכבר -->
						<posx>1060</posx>
						<posy>8</posy>
                        <width>70</width>
                        <align>right</align>
                        <textcolor>PanelFG-NF</textcolor>
                        <selectedcolor>PanelFG-NF</selectedcolor>
                        <font>Font-SettingsCategory</font>
                        <label>$INFO[ListItem.ChannelNumber]</label>
                    </control>
                    <control type="progress"><!-- פס התקדמות -->
						<posx>20</posx>
						<posy>30</posy>
                        <width>67</width>
                        <height>19</height>
                        <reveal>true</reveal>
                        <texturebg>windows/pvr/progress-back.png</texturebg>
                        <lefttexture>windows/pvr/progress-leftright.png</lefttexture>
                        <midtexture>windows/pvr/progress-mid.png</midtexture>
                        <righttexture>windows/pvr/progress-leftright.png</righttexture>
                        <info>ListItem.Progress</info>
                        <colordiffuse>PanelFG-NF</colordiffuse>
                    </control>
                    <control type="label">
						<posx>190</posx>
						<posy>5</posy>
						<width>735</width>
						<align>right</align>
                        <textcolor>PanelFG-NF</textcolor>
                        <selectedcolor>PanelFG-NF</selectedcolor>
                        <font>Font-SettingsCategory</font>
                        <label>$INFO[ListItem.ChannelName]</label>
                    </control>
                    <control type="label"><!-- מיקום שם התוכנית  -->
                        <posx>130</posx>
                        <posy>5</posy>
                        <width>400</width>
                        <align>left</align>
                        <font>Font-ListInfo</font>
                        <textcolor>PanelFG-NF</textcolor>
                        <selectedcolor>PanelFG-NF</selectedcolor>
                        <label>$INFO[ListItem.Title]</label>
                    </control>
                </itemlayout>
                <focusedlayout height="120"><!-- רקע כחול העברת העכבר -->
                    <control type="image">
                        <width>1150</width>
                        <height>109</height>
                        <align>right</align>
                        <texture colordiffuse="PosterHighlight" border="5">common/border-inner.png</texture>
                    </control>
                    <control type="image">
                        <width>1150</width>
                        <height>109</height>
                        <aspectratio aligny="top">center</aspectratio>
                        <animation effect="fade" start="100" end="10" condition="true">Conditional</animation>
                        <visible>ListItem.IsPlaying</visible>
                    </control>
                    <control type="image"><!-- מיקום תמונת הערוץ בזמן העברת העכבר -->
                        <posx>1000</posx>
                        <posy>8</posy>  
                        <width>85</width>
                        <height>85</height>
                        <texture>$VAR[PVRIcon]</texture>
                        <aspectratio>keep</aspectratio>
                    </control>
                    <control type="label"><!-- מיספור הערוצים -->
						<posx>1060</posx>
						<posy>8</posy>
                        <width>70</width>
                        <align>right</align>
                        <textcolor>Selected</textcolor>
                        <selectedcolor>Selected</selectedcolor>
                        <font>Font-SettingsCategory</font>
                        <label>$INFO[ListItem.ChannelNumber]</label>
                    </control>
                    <control type="progress"><!-- בהעברת הערוץ פס התקדמות -->
						<posx>20</posx>
						<posy>30</posy>
                        <width>67</width>
                        <height>19</height>
                        <reveal>true</reveal>
                        <texturebg>windows/pvr/progress-back.png</texturebg>
                        <lefttexture>windows/pvr/progress-leftright.png</lefttexture>
                        <midtexture>windows/pvr/progress-mid.png</midtexture>
                        <righttexture>windows/pvr/progress-leftright.png</righttexture>
                        <info>ListItem.Progress</info>
                        <colordiffuse>Selected</colordiffuse>
                    </control>
                    <control type="label">
						<posx>190</posx>
						<posy>5</posy>
						<width>735</width>
						<align>right</align>
                        <textcolor>Selected</textcolor>
                        <selectedcolor>Selected</selectedcolor>
                        <font>Font-SettingsCategory</font>
                        <label>$INFO[ListItem.ChannelName]</label>
                    </control>
                    <control type="label">
                        <posx>130</posx>
                        <posy>5</posy>
                        <width>400</width>
                        <align>left</align>
                        <font>Font-ListInfo</font>
                        <textcolor>Selected</textcolor>
                        <selectedcolor>Selected</selectedcolor>
                        <label>$INFO[ListItem.Title]</label>
                    </control>
                </focusedlayout>
            
            </control>
        </control>
    </controls>

</window>
