<?xml version="1.0" encoding="UTF-8"?>
<!-- Foundation -->
<window type="buttonMenu" id="111">
    <defaultcontrol always="true">3110</defaultcontrol>
    <allowoverlay>yes</allowoverlay>
    <zorder>5</zorder>
    <controls>
        <include>GlobalOverlay</include>
        <include>GlobalLeftHeader</include>
        
        <control type="group">      
            <animation effect="slide" start="1920" end="0" delay="0" time="200">WindowOpen</animation>
            <animation effect="slide" start="1920" end="0" delay="0" time="200">Visible</animation>
            <!--<include>DefContextMenuBackground</include>-->  
            <posy>-40</posy>
	        <aligny>top</aligny>   
            
            <control type="grouplist" id="3110">
                <include>DefContextMenuGroupList</include>
                <onleft>noop</onleft>
                <onright>noop</onright>
                <onup>1</onup>
                <ondown>1</ondown>

                <control type="button" id="3111">
                    <description>Exit XBMC button</description>
                    <include>DefContextMenuButton</include>
                    <label>13012</label>
                    <onclick>Quit()</onclick>
                    <visible>System.ShowExitButton</visible>
                </control>

                <control type="button" id="3112">
                    <description>Master mode button</description>
                    <include>DefContextMenuButton</include>
                    <label>31131</label>
                    <altlabel>31132</altlabel>
                    <onclick>xbmc.mastermode</onclick>
                    <visible>System.HasLocks</visible>
                </control>

                <control type="button" id="3113">
                    <description>LogOff Profile</description>
                    <include>DefContextMenuButton</include>
                    <label>$LOCALIZE[20126]</label>
                    <onclick>dialog.close(all,true)</onclick>
                    <onclick>System.LogOff</onclick>
                    <visible>System.HasLoginScreen | IntegerGreaterThan(System.ProfileCount,1)</visible>
                    <visible>System.Loggedon</visible>
                </control>

                <control type="button" id="3114">
                    <description>Custom Shutdown Timer button</description>
                    <include>DefContextMenuButton</include>
                    <label>$LOCALIZE[31133] [B]$INFO[System.Alarmpos][/B]</label>
                    <onclick>XBMC.CancelAlarm(shutdowntimer)</onclick>
                    <visible>System.HasAlarm(shutdowntimer)</visible>
                </control>

                <control type="button" id="3115">
                    <description>Custom Shutdown Timer button</description>
                    <include>DefContextMenuButton</include>
                    <label>$LOCALIZE[31130]</label>
                    <onclick>XBMC.AlarmClock(shutdowntimer,XBMC.Shutdown())</onclick>
                    <visible>!System.HasAlarm(shutdowntimer)</visible>
                </control>

                <control type="button" id="3116">
                    <description>Shutdown</description>
                    <include>DefContextMenuButton</include>
                    <label>13005</label>
                    <onclick>ShutDown()</onclick>
                </control>

                <control type="button" id="3117">
                    <description>Suspend xbmc</description>
                    <include>DefContextMenuButton</include>
                    <label>13011</label>
                    <onclick>XBMC.Suspend()</onclick>
                </control>

                <control type="button" id="3118">
                    <description>Reboot button</description>
                    <include>DefContextMenuButton</include>
                    <label>13013</label>
                    <onclick>XBMC.Reset()</onclick>
                </control>

                

                <control type="button" id="3121">
                    <description>Reload Skin</description>
                    <include>DefContextMenuButton</include>
                    <label>20183</label>
                    <onclick>ReloadSkin()</onclick>
                </control>

            </control>
        </control>
    </controls>

</window>
