<?xml version="1.0" encoding="UTF-8"?>
<!-- Foundation -->
<window id="3">
    <defaultcontrol always="true">20</defaultcontrol>
    <allowoverlay>yes</allowoverlay>
    
    <controls>

        <include>GlobalBackground</include>
        <control type="group">
            <include>Animation.FadeIn</include>
            <include>Animation.FadeOut</include>
            <visible>!Window.IsVisible(DialogMediaSource.xml)</visible>
            <animation effect="slide" end="horznegpad" start="0" time="200" condition="Window.IsActive(DialogContextMenu.xml)">Conditional</animation>

            <control type="group">
                <description>Left panel</description>
                <posx>horzpad</posx>
                <posy>topoffset</posy>
                <animation effect="fade" start="100" end="50" time="100" condition="!Control.HasFocus(20)">Conditional</animation>


                <control type="label" id="101">
                    <description>Header Label</description>
                    <posx>640</posx>
                    <posy>140</posy>
                    <width>720</width>
                    <font>Font-ListInfo-Small</font>                    
                    <align>left</align>
                </control>

                <control type="list" id="20">
                    <description>Left File List</description>
                    <posx>listx</posx>
                    <posy>listy</posy>
                    <width>bannerwborder</width>
                    <height>621</height>
                    <onleft>21</onleft>
                    <onright>21</onright>
                    <onup>20</onup>
                    <ondown>20</ondown>

                    <itemlayout height="listh" width="bannerwborder">
        
                        <control type="label">
                            <posx>30</posx>
                            <width>643</width>
                             <align>right</align>
                            <font>Font-Button</font>
                            <label>$INFO[ListItem.Label]</label>
                            <selectedcolor>Keyboard</selectedcolor>
                        </control>
                        <control type="label">
                            <right>30</right>
                            <width>643</width>
                            <font>Font-ListInfo-Small</font>
                            <align>left</align>
                            <label>$INFO[ListItem.Label2]</label>
                            <selectedcolor>Keyboard</selectedcolor>
                        </control>
                    
                    </itemlayout>

                    <focusedlayout height="listh" width="bannerwborder">
                        <control type="image">
                            <visible>Control.HasFocus(20)</visible>
                            <height>listh</height>
                            <width>bannerwborder</width>
                            <texture border="12" flipx="false" colordiffuse="PosterHighlight">common/white.png</texture>
                            <animation condition="Container(20).OnNext" reversible="false" effect="slide" start="0,-33" end="0,0" time="300" tween="back" easing="out">Focus</animation>
                            <animation condition="Container(20).OnPrevious" reversible="false" effect="slide" start="0,33" end="0,0" time="300" tween="back" easing="out">Focus</animation>
                        </control>
                        
                        <control type="image">
                            <visible>!Control.HasFocus(20)</visible>
                            <height>listh</height>
                            <width>bannerwborder</width>
                            <texture border="12" flipx="false" colordiffuse="PosterBorder">common/border-inner.png</texture>
                            <animation condition="Container(20).OnNext" reversible="false" effect="slide" start="0,-33" end="0,0" time="300" tween="back" easing="out">Focus</animation>
                            <animation condition="Container(20).OnPrevious" reversible="false" effect="slide" start="0,33" end="0,0" time="300" tween="back" easing="out">Focus</animation>
                        </control>

                        <control type="label">
                            <posx>30</posx>
                            <width>643</width>
                            <font>Font-Button</font>
                            <align>right</align>
                            <label>$INFO[ListItem.Label]</label>
                            <textcolor>Selected</textcolor>
                            <selectedcolor>Keyboard</selectedcolor>
                        </control>
                        <control type="label">
                            <right>30</right>
                            <width>643</width>
                            <font>Font-ListInfo-Small</font>
                            <align>left</align>
                            <label>$INFO[ListItem.Label2]</label>
                            <textcolor>Selected</textcolor>
                            <selectedcolor>Keyboard</selectedcolor>
                        </control>

                    </focusedlayout>

                </control>

                <control type="label" id="12">
                    <description>Header Label</description>
                    <posx>550</posx>
                    <posy>831</posy>
                    <width>480</width>
                    <align>left</align>
                    <font>Font-ListInfo-Small</font>
                </control>

            </control>

            <control type="group">
                <description>Left panel</description>
                <posx>946</posx>
                <posy>topoffset</posy>
                <animation effect="fade" start="100" end="50" time="100" condition="!Control.HasFocus(21)">Conditional</animation>


                <control type="label" id="102">
                    <description>Header Label</description>
                    <posx>620</posx>
                    <posy>140</posy>
                    <width>720</width>
                    <font>Font-ListInfo-Small</font>                    
                    <align>left</align>
                </control>

                <control type="list" id="21">
                    <description>Left File List</description>
                    <posx>listx</posx>
                    <posy>listy</posy>
                    <width>bannerwborder</width>
                    <height>621</height>
                    <onleft>20</onleft>
                    <onright>20</onright>
                    <onup>21</onup>
                    <ondown>21</ondown>

                    <itemlayout height="listh" width="bannerwborder">
                        <control type="label">
                            <posx>30</posx>
                            <width>643</width>
                            <font>Font-Button</font>
                            <align>right</align>                            
                            <label>$INFO[ListItem.Label]</label>
                            <selectedcolor>Keyboard</selectedcolor>
                        </control>
                        <control type="label">
                            <right>30</right>
                            <width>643</width>
                            <font>Font-ListInfo-Small</font>
                            <align>left</align>
                            <label>$INFO[ListItem.Label2]</label>
                            <selectedcolor>Keyboard</selectedcolor>
                        </control>
                    
                    </itemlayout>

                    <focusedlayout height="listh" width="bannerwborder">
                        <control type="image">
                            <visible>Control.HasFocus(21)</visible>
                            <height>listh</height>
                            <width>bannerwborder</width>
                            <texture border="12" flipx="false" colordiffuse="PosterHighlight">common/white.png</texture>
                            <animation condition="Container(21).OnNext" reversible="false" effect="slide" start="0,-33" end="0,0" time="300" tween="back" easing="out">Focus</animation>
                            <animation condition="Container(21).OnPrevious" reversible="false" effect="slide" start="0,33" end="0,0" time="300" tween="back" easing="out">Focus</animation>
                        </control>
                        
                        <control type="image">
                            <visible>!Control.HasFocus(21)</visible>
                            <height>listh</height>
                            <width>bannerwborder</width>
                            <texture border="12" flipx="false" colordiffuse="PosterBorder">common/border-inner.png</texture>
                            <animation condition="Container(21).OnNext" reversible="false" effect="slide" start="0,-33" end="0,0" time="300" tween="back" easing="out">Focus</animation>
                            <animation condition="Container(21).OnPrevious" reversible="false" effect="slide" start="0,33" end="0,0" time="300" tween="back" easing="out">Focus</animation>
                        </control>

                        <control type="label">
                            <posx>30</posx>
                            <width>643</width>
                            <font>Font-Button</font>
                            <align>right</align>
                            <label>$INFO[ListItem.Label]</label>
                            <textcolor>Selected</textcolor>
                            <selectedcolor>Keyboard</selectedcolor>
                        </control>
                        <control type="label">
                            <right>30</right>
                            <width>643</width>
                            <font>Font-ListInfo-Small</font>
                            <align>left</align>
                            <label>$INFO[ListItem.Label2]</label>
                            <textcolor>Selected</textcolor>
                            <selectedcolor>Keyboard</selectedcolor>
                        </control>

                    </focusedlayout>

                </control>

                <control type="label" id="13">
                    <description>Header Label</description>
                    <posx>550</posx>
                    <posy>831</posy>
                    <width>480</width>
                    <align>left</align>
                    <font>Font-ListInfo-Small</font>
                </control>

            </control>
            
        </control>
        <include>GlobalTopBar</include>
        

    </controls>

</window>
