<?xml version="1.0" encoding="UTF-8"?>
<!-- Foundation -->
<includes>

    <include name="GlobalOverlay">
        <control type="image">
            <include>Dimensions_Fullscreen</include>
            <texture>common/white.png</texture>
            <colordiffuse>Black</colordiffuse>
            <animation effect="fade" end="75" condition="true">Conditional</animation>
            <include>Animation.FadeIn</include>
            <include condition="!Window.IsVisible(DialogButtonMenu.xml)">Animation.FadeOut</include>
        </control>
        
    </include>
    
    <include name="GlobalVignette"><!-- רקע שחור חלש בחלק העליון איפה שהשעה, וכפתור הבית -->
        <control type="image">
            <width>1990</width>
            <height>115</height>
            <texture colordiffuse="">common/topbar.png</texture>
        </control>
        
    </include>
    
    <variable name="GlobalWidget">
        <value condition="!IsEmpty(Window(home).Property(bgwidget))">$INFO[Window(home).Property(bgwidget)]</value>
        <value condition="!IsEmpty(Skin.String(home.fanart))">$INFO[Skin.String(home.fanart)]</value>
        <value>special://skin/extras/background/</value>
    </variable>
    
    <include name="HomeBGWidgetContent">
        <visible>Window.IsVisible(home)</visible>
        <visible>!Skin.HasSetting(home.usemixedglobalwidget)</visible>
        <visible>!Player.HasVideo | [Skin.HasSetting(disable.bgvideo) + !Window.IsVisible(home)]</visible>
        <posy>1080</posy>
        <include>Dimensions_Fullscreen</include>
        <include>Animation.FadeIn</include>
        <include>Animation.FadeOut</include>
        <autoscroll time="10000">!Control.HasFocus(9600)</autoscroll>
        <ondown>300</ondown>
        <onback>300</onback>
        <orientation>horizontal</orientation>
        <preloaditems>1</preloaditems>
        <scrolltime tween="quadratic">500</scrolltime>
        <itemlayout width="1920" height="1080">
        </itemlayout>
        <focusedlayout width="1920" height="1080">
        </focusedlayout>
    </include>

    <variable name="GlobalFanart">
	    <value condition="Window.IsVisible(3205)">special://skin/extras/background/kids.jpg</value>    
	    <value condition="Window.IsVisible(3207)">special://skin/extras/background/maxresdefault.jpg</value>
	    <value condition="Window.IsVisible(3208)">special://skin/extras/background/series.jpg</value>   
	    <value condition="Window.IsVisible(3209)">special://skin/extras/background/genesis.jpg</value>
	    <value condition="Window.IsVisible(3210)">special://skin/extras/background/serieswallpapres.jpg</value>	  	    	      
        <value condition="Window.IsVisible(home) + Control.HasFocus(9511) + !IsEmpty(Container(9511).ListItem.Art(fanart))">$INFO[Container(9511).ListItem.Art(fanart)]</value>
        <value condition="Window.IsVisible(home) + Control.HasFocus(9511) + IsEmpty(Container(9511).ListItem.Art(fanart))">$INFO[Container(9511).ListItem.Icon]</value>
        <value condition="!IsEmpty(Container(9501).ListItem.Art(fanart)) + [Window.IsVisible(3201) | Window.IsVisible(3202)]">$INFO[Container(9501).ListItem.Art(fanart)]</value>
        <value condition="IsEmpty(Container(9501).ListItem.Art(fanart)) + [Window.IsVisible(3201) | Window.IsVisible(3202)]">$INFO[Container(9501).ListItem.Icon]</value>
        <value condition="Window.IsVisible(weather)">$INFO[Skin.String(weather.fanart)]$INFO[Window(Weather).Property(Current.FanartCode)]/</value>
        <value condition="![Control.HasFocus(9500) | Control.HasFocus(9501)] + !IsEmpty(ListItem.Art(fanart))">$INFO[ListItem.Art(fanart)]</value>
        <value condition="![Control.HasFocus(9500) | Control.HasFocus(9501)] + !IsEmpty(ListItem.Property(Fanart_Image))">$INFO[ListItem.Property(Fanart_Image)]</value>
        <value condition="Window.IsVisible(home) + Control.IsVisible(9600) + Skin.HasSetting(home.usemixedglobalwidget)">$INFO[Container(9600).ListItem.Icon]</value>
        <!--<value condition="Window.IsVisible(home) + Control.IsVisible(9600) + Skin.HasSetting(home.usemixedglobalwidget) + IsEmpty(Skin.String(global.widget.path))">$INFO[Container(9600).ListItem.Icon]</value>-->
        <value condition="Window.IsVisible(home) + Control.IsVisible(9600) + !IsEmpty(Container(9600).ListItem.Art(fanart))">$INFO[Container(9600).ListItem.Art(fanart)]</value>
        <value condition="Window.IsVisible(home) + Control.IsVisible(9600) + [stringcompare(Window(home).Property(bgwidget.type),$LOCALIZE[108]) | IsEmpty(Window(home).Property(bgwidget))] + !Control.HasFocus(9600)">$INFO[Container(9600).ListItem.Path]</value>
        <value condition="Window.IsVisible(home) + Control.IsVisible(9600) + [stringcompare(Window(home).Property(bgwidget.type),$LOCALIZE[108]) | IsEmpty(Window(home).Property(bgwidget))] + Control.HasFocus(9600)">$INFO[Container(9600).ListItem.FileNameAndPath]</value>
        <value condition="Window.IsVisible(home) + Control.IsVisible(9600) + IsEmpty(Container(9600).ListItem.Art(fanart))">$INFO[Container(9600).ListItem.Icon]</value>
        <value condition="!IsEmpty(Skin.String(global.background))">$INFO[Skin.String(global.background)]</value>
        <value>common/null.png</value>
    </variable>
    
    <include name="GlobalBackground">
        <control type="group">
            <visible>!Window.IsVisible(home) | !Player.HasAudio</visible>
            <control type="image">
                <include>Dimensions_Fullscreen</include>
                <texture colordiffuse="Background">common/white.png</texture>
            </control>
            <control type="multiimage">
                <include>Dimensions_Fullscreen</include>
                <include>Animation.FadeIn</include>
                <include>Animation.FadeOut</include>
                <fadetime>600</fadetime>
                <timeperimage>12000</timeperimage>
                <randomize>true</randomize>
                <imagepath background="true">$VAR[GlobalFanart]</imagepath>
                <visible>!Player.HasVideo | [Skin.HasSetting(disable.bgvideo) + !Window.IsVisible(home)]</visible>
                <animation effect="zoom" start="110" end="120" center="auto" time="10000" tween="sine" easing="inout" pulse="true" condition="Skin.HasSetting(Fanart.Animate)">Conditional</animation>
                <animation effect="slide" start="-20,-20" end="20,20" time="6000" tween="sine" easing="inout" pulse="true" condition="Skin.HasSetting(Fanart.Animate)">Conditional</animation>
                <visible>Window.IsVisible(home)</visible>
                <!-- <visible>!Skin.HasSetting(home.singleimage)</visible> -->
	               
            </control>
            <control type="multiimage" id="9238">
                <include>Dimensions_Fullscreen</include>
                <include>Animation.FadeIn</include>
                <include>Animation.FadeOut</include>
                <fadetime>600</fadetime>
                <timeperimage>12000</timeperimage>
                <randomize>true</randomize>
                <imagepath background="true">$VAR[GlobalFanart]</imagepath>
                <animation effect="zoom" start="110" end="120" center="auto" time="10000" tween="sine" easing="inout" pulse="true" condition="Skin.HasSetting(Fanart.Animate)">Conditional</animation>
                <animation effect="slide" start="-20,-20" end="20,20" time="6000" tween="sine" easing="inout" pulse="true" condition="Skin.HasSetting(Fanart.Animate)">Conditional</animation>
                <visible>!Player.HasVideo | Skin.HasSetting(disable.bgvideo)</visible>
                <visible>!Window.IsVisible(home)</visible>
                <visible>!Skin.HasSetting(disable.fanart)</visible>
                <!-- <visible>!Skin.HasSetting(home.singleimage)</visible> -->  <!--Show the background of the movies or sdarot -->
            </control>
            <control type="image"><!--change background  מאפשר שינוי לכל אריח-->
                <include>Dimensions_Fullscreen</include>
                <fadetime>600</fadetime>
                <texture background="true">$INFO[Skin.String(background.path)]</texture>
                <visible>!Skin.String(background.path, "special://skin/extras/icons/play.png")</visible>
                <visible>!Skin.String(background.path, "special://skin/extras/icons/play.png")</visible>
                <visible>Skin.HasSetting(home.singleimage)</visible>
            </control>

          <control type="image"><!--Discart  מאפשר הצגת סידי במסך הבית רגיל  -->
				<posx>360</posx>
				<posy>270</posy>
                <width>350</width>
				<height>600</height>
                <aspectratio>keep</aspectratio>
                <fadetime>600</fadetime>
                <texture background="true">$INFO[Container(9600).ListItem.Property(Discart)]</texture>
                <visible>Skin.HasSetting(home.showdiscart)</visible>
                <visible>Skin.HasSetting(home.widgetdown)</visible>              
                <visible>!IsEmpty(Container(9600).ListItem.Property(Discart))</visible> 
                <animation effect="slide" start="0, 0" end="0,300" time="500" tween="back" reversible="false" easing="out" condition="Control.HasFocus(9600)">Conditional</animation>
                <animation effect="slide" end="0, 0" start="0,300" time="150" reversible="false" condition="!Control.HasFocus(9600)">Conditional</animation>              
                <animation  effect="rotate" end="-360" center="auto" time="5000" loop="true" reversible="false" pulse="true" condition="!IsEmpty(Container(9600).ListItem.Property(Discart))">Conditional</animation>        
          </control>  
                   

         <!--  <control type="image">Discart רקע אחורי לסידי 
				<posx>372</posx>
				<posy>310</posy>
                <width>460</width>
				<height>400</height>
                <aspectratio>keep</aspectratio>
                <fadetime>600</fadetime>
                <texture background="true">home/shadowcd.png</texture>
                <visible>Skin.HasSetting(home.showposter)</visible>
                <visible>Skin.HasSetting(home.widgetdown)</visible>
                <visible>!IsEmpty(Container(9600).ListItem.Property(Discart))</visible>
         </control>-->

          <control type="image"><!--Discart מאפשר הצגת סידי במוד שלי  -->
				<posx>360</posx>
				<posy>270</posy>
                <width>350</width>
				<height>600</height>
                <aspectratio>keep</aspectratio>
                <fadetime>600</fadetime>
                <texture background="true">$INFO[Container(9600).ListItem.Art(discart)]</texture>
                <visible>Skin.HasSetting(home.showdiscart)</visible>
                <visible>Skin.HasSetting(home.widgetdown)</visible>
                <visible>!IsEmpty(Container(9600).ListItem.Art(discart))</visible>        
                <animation effect="slide" start="0, 0" end="0,300" time="500" tween="back" reversible="false" easing="out" condition="Control.HasFocus(9600)">Conditional</animation>
                <animation effect="slide" end="0, 0" start="0,300" time="150" reversible="false" condition="!Control.HasFocus(9600)">Conditional</animation>       
                <animation  effect="rotate" end="-360" center="auto" time="5000" loop="true" reversible="false" pulse="true" condition="!IsEmpty(Container(9600).ListItem.Art(discart))">Conditional</animation> 
          </control> 
                               
          <control type="image"><!--Poster מאפשר הצגת פוסטר בדף הבית בדך הראשי -->
				<posx>133</posx>
				<posy>290</posy>
                <width>345</width>
				<height>450</height>
                <fadetime>600</fadetime>
                <texture background="true">$INFO[Container(9600).ListItem.Property(Poster)]</texture>
                <visible>Skin.HasSetting(home.widgetdown)</visible>
                <visible>Skin.HasSetting(home.showposter)</visible>              
                <visible>!IsEmpty(Container(9600).ListItem.Property(Poster))</visible>
                <animation effect="slide" start="0, 0" end="0,300" time="500" tween="back" reversible="false" easing="out" condition="Control.HasFocus(9600)">Conditional</animation>
                <animation effect="slide" end="0, 0" start="0,300" time="150" reversible="false" condition="!Control.HasFocus(9600)">Conditional</animation>
          </control>
                   

          <control type="image"><!--Poster מאפשר הצגת פוסטר בדף הבית -->
				<posx>133</posx>
				<posy>290</posy>
                <width>345</width>
				<height>450</height>
                <fadetime>600</fadetime>
                <texture background="true">$INFO[Container(9600).ListItem.Art(poster)]</texture>
                <visible>Skin.HasSetting(home.widgetdown)</visible>
                <visible>Skin.HasSetting(home.showposter)</visible>              
                <visible>!IsEmpty(Container(9600).ListItem.Art(poster))</visible>
                <animation effect="slide" start="0, 0" end="0,300" time="500" tween="back" reversible="false" easing="out" condition="Control.HasFocus(9600)">Conditional</animation>
                <animation effect="slide" end="0, 0" start="0,300" time="150" reversible="false" condition="!Control.HasFocus(9600)">Conditional</animation>
         </control>

         <control type="image"><!--Poster מאפשר הצגת פוסטר תחת סדרות במוד שלי -->
				<posx>133</posx>
				<posy>290</posy>
                <width>345</width>
				<height>450</height>
                <fadetime>600</fadetime>
                <texture background="true">$INFO[Container(9600).ListItem.Art(tvshow.poster)]</texture>
                <visible>Skin.HasSetting(home.showposter)</visible>
                <visible>Skin.HasSetting(home.widgetdown)</visible>
                <visible>!IsEmpty(Container(9600).ListItem.Art(tvshow.poster))</visible>
                <animation effect="slide" start="0, 0" end="0,300" time="500" tween="back" reversible="false" easing="out" condition="Control.HasFocus(9600)">Conditional</animation>
                <animation effect="slide" end="0, 0" start="0,300" time="150" reversible="false" condition="!Control.HasFocus(9600)">Conditional</animation>
         </control> 


         <control type="image"><!--Poster רקע אחורי לפוסטר תחת סדרות -->
                <posx>-150</posx>
                <posy>250</posy>
                <width>870</width>
                <height>520</height>
                <fadetime>600</fadetime>
                <texture background="true">home/casenew.png</texture>
                <visible>Skin.HasSetting(home.showposter)</visible>
                <visible>Skin.HasSetting(home.widgetdown)</visible>
                <visible>!IsEmpty(Container(9600).ListItem.Property(Poster)) | !IsEmpty(Container(9600).ListItem.Art(poster)) | !IsEmpty(Container(9600).ListItem.Art(tvshow.poster))</visible>
                <animation effect="slide" start="0, 0" end="0,300" time="500" tween="back" reversible="false" easing="out" condition="Control.HasFocus(9600)">Conditional</animation>
                <animation effect="slide" end="0, 0" start="0,300" time="150" reversible="false" condition="!Control.HasFocus(9600)">Conditional</animation>
         </control>               
          
          <control type="image"><!--Clearlogo מאפשר הצגת לוגו סרט - מסך ראשי -->
				<posx>1280</posx>
				<posy>715</posy>
				<width>357</width>
				<height>150</height>
                <fadetime>600</fadetime>
                <texture background="true">$INFO[Container(9600).ListItem.Property(Clearlogo)]</texture>
                <visible>Skin.HasSetting(home.showclearlogo)</visible>
                <visible>Skin.HasSetting(home.widgetdown)</visible>
                <visible>!IsEmpty(Container(9600).ListItem.Property(Clearlogo))</visible>
                <animation effect="slide" start="0, 0" end="0,-115" time="500" tween="back" reversible="false" easing="out" condition="Control.HasFocus(9600)">Conditional</animation>
                <animation effect="slide" end="0, 0" start="0,-115" time="150" reversible="false" condition="!Control.HasFocus(9600)">Conditional</animation>
          </control>

          <control type="image"><!--Clearlogo מאפשר הצגת לוגו סרט -->
				<posx>1280</posx>
				<posy>715</posy>
                <width>357</width>
                <height>150</height>
                <fadetime>600</fadetime>
                <texture background="true">$INFO[Container(9600).ListItem.Art(clearlogo)]</texture>
                <visible>Skin.HasSetting(home.showclearlogo)</visible>
                <visible>Skin.HasSetting(home.widgetdown)</visible>
                <visible>!IsEmpty(Container(9600).ListItem.Art(clearlogo))</visible>
                <animation effect="slide" start="0, 0" end="0,-115" time="500" tween="back" reversible="false" easing="out" condition="Control.HasFocus(9600)">Conditional</animation>
                <animation effect="slide" end="0, 0" start="0,-115" time="150" reversible="false" condition="!Control.HasFocus(9600)">Conditional</animation>
          </control>
          
          <control type="image"><!--Clearlogo מאפשר הצגת לוגו סרט -->
				<posx>1280</posx>
				<posy>715</posy>
                <width>357</width>
                <height>150</height>
                <fadetime>600</fadetime>
                <texture background="true">$INFO[Container(9600).ListItem.Art(tvshow.clearlogo)]</texture>
                <visible>Skin.HasSetting(home.showclearlogo)</visible>
                <visible>Skin.HasSetting(home.widgetdown)</visible>
                <visible>!IsEmpty(Container(9600).ListItem.Art(tvshow.clearlogo))</visible>
                <animation effect="slide" start="0, 0" end="0,-115" time="500" tween="back" reversible="false" easing="out" condition="Control.HasFocus(9600)">Conditional</animation>
                <animation effect="slide" end="0, 0" start="0,-115" time="150" reversible="false" condition="!Control.HasFocus(9600)">Conditional</animation>
          </control>              

         <!-- <control type="image">-מאפשר הצגת באנר של הסדרה
				<posx>1176</posx>
				<posy>305</posy>
                <width>750</width>
                <height>150</height>
                <fadetime>600</fadetime>
                <texture background="true">$INFO[Container(9600).ListItem.Art(tvshow.banner)]</texture>
                <visible>Skin.HasSetting(home.showclearlogo)</visible>
                <visible>Skin.HasSetting(home.widgetdown)</visible>
                <visible>!IsEmpty(Container(9600).ListItem.Art(tvshow.banner))</visible>
                <animation effect="slide" end="0,316" start="0" delay="0" time="150" condition="!Window.IsActive(home) + ![ControlGroup(300).HasFocus() | Control.HasFocus(351) | Control.HasFocus(352) | Control.HasFocus(353)] | [Window.IsVisible(home) + Control.HasFocus(9600)]">Conditional</animation>
          </control>   -->

        <!-- <control type="image">Clearart מאפשר הצגת לוגו 
				<posx>1595</posx>
				<posy>308</posy>
				<width>357</width>
				<height>150</height>
                <aspectratio>keep</aspectratio>
                <fadetime>600</fadetime>
                <texture background="true">$INFO[Container(9600).ListItem.Property(Clearart)]</texture>
                <visible>Skin.HasSetting(home.showclearart)</visible>
                <visible>Skin.HasSetting(home.widgetdown)</visible>
                <visible>!IsEmpty(Container(9600).ListItem.Property(Clearart))</visible>
                <animation effect="slide" end="0,316" start="0" delay="0" time="150" condition="!Window.IsActive(home) + ![ControlGroup(300).HasFocus() | Control.HasFocus(351) | Control.HasFocus(352) | Control.HasFocus(353)] | [Window.IsVisible(home) + Control.HasFocus(9600)]">Conditional</animation>
          </control>  -->


          <!--<control type="image">Clearart מאפשר הצגת לוגו  
                <posx>1595</posx>
                <posy>308</posy>
                <width>357</width>
                <height>150</height>
                <aspectratio>keep</aspectratio>
                <fadetime>600</fadetime>
                <texture background="true">$INFO[Container(9600).ListItem.Art(clearart)]</texture>
                <visible>Skin.HasSetting(home.showclearart)</visible>
                <visible>Skin.HasSetting(home.widgetdown)</visible>
                <visible>!IsEmpty(Container(9600).ListItem.Art(clearart))</visible>
                <animation effect="slide" end="0,316" start="0" delay="0" time="150" condition="!Window.IsActive(home) + ![ControlGroup(300).HasFocus() | Control.HasFocus(351) | Control.HasFocus(352) | Control.HasFocus(353)] | [Window.IsVisible(home) + Control.HasFocus(9600)]">Conditional</animation>
          </control>-->


            <control type="wraplist" id="9600">
                <include>HomeBGWidgetContent</include>
                <content target="video">$VAR[GlobalWidget]</content>
            </control>
            
            <control type="wraplist" id="9600"><!-- "מציג במסך הבית את הסרטים "נוסף לאחרונה  -->
                <visible>Window.IsVisible(home)</visible>
                <visible>Skin.HasSetting(home.usemixedglobalwidget)</visible>
                <visible>!Player.HasVideo | [Skin.HasSetting(disable.bgvideo) + !Window.IsVisible(home)]</visible>
                <posy>1080</posy>
                <include>Dimensions_Fullscreen</include>
                <include>Animation.FadeIn</include>
                <include>Animation.FadeOut</include>
                <autoscroll time="10000">!Control.HasFocus(9600)</autoscroll>
                <ondown>300</ondown>
                <onback>300</onback>
                <orientation>horizontal</orientation>
                <preloaditems>1</preloaditems>
                <scrolltime tween="quadratic">500</scrolltime>
                <itemlayout width="1920" height="1080">
                </itemlayout>
                <focusedlayout width="1920" height="1080">
                </focusedlayout>
                <include condition="StringCompare(Skin.String(widget.typeid),0)">Widget_0</include><!-- סרטים - תצוגה מקדימה-->
                <include condition="StringCompare(Skin.String(widget.typeid),1)">Widget_1</include><!-- סרטים - נוסף לאחרונה-->
                <include condition="StringCompare(Skin.String(widget.typeid),3)">Widget_3</include><!-- סרטים - בתהליך-->
                <include condition="StringCompare(Skin.String(widget.typeid),5)">Widget_5</include><!-- סדרות - תצוגה מקדימה-->
                <include condition="StringCompare(Skin.String(widget.typeid),6)">Widget_6</include><!-- סדרות - נוסף לאחרונה-->
                <include condition="StringCompare(Skin.String(widget.typeid),7)">Widget_7</include><!-- סדרות - בתהליך-->
                <include condition="StringCompare(Skin.String(widget.typeid),11)">Widget_11</include><!-- ברירת מחדל - תצוגה/מקדימה בתהליך-->                
                <!--<include>ContentMixedWidget</include>-->
            </control>

            <control type="videowindow">
                <include>Dimensions_Fullscreen</include>
                <visible>Player.HasVideo + [!Skin.HasSetting(disable.bgvideo) | Window.IsVisible(home)]</visible>
                <include condition="!Window.Previous(VideoFullScreen.xml)">Animation.FadeIn</include>
                <include>Animation.FadeOut</include>
            </control>
            
            <control type="image" description="Fanart Dim">
                <include>Dimensions_Fullscreen</include>
                <animation effect="fade" time="600" start="0" end="100">Visible</animation>
                <animation effect="fade" time="600" start="100" end="0">Hidden</animation>
                <include>Animation.FadeIn</include>
                <include>Animation.FadeOut</include>
                <texture>common/black.png</texture>
                <visible>!Window.IsVisible(home)</visible>
                <visible>[Player.HasVideo + !Skin.HasSetting(disable.bgvideo)] | !stringcompare(Control.GetLabel(9238),common/null.png)</visible>
            </control>
            
            <control type="image" description="Fanart Fade">
                <include>Dimensions_Fullscreen</include>
                <texture colordiffuse="Background">common/white.png</texture>
                <animation effect="fade" start="100" end="90" condition="!Skin.HasSetting(fanart.showall) + !Skin.HasSetting(fanart.showmore)">Conditional</animation>
                <animation effect="fade" start="100" end="75" condition="!Skin.HasSetting(fanart.showall) + Skin.HasSetting(fanart.showmore)">Conditional</animation>
                <animation effect="fade" start="100" end="60" condition="Skin.HasSetting(fanart.showall)">Conditional</animation>
                <visible>!Window.IsVisible(home)</visible>
            </control>
            <control type="image" description="Sunset Timer Colour">
                <include>Dimensions_Fullscreen</include>
                <fadetime>1000</fadetime>
                <texture colordiffuse="4f777777">$VAR[SunsetTimerImage]</texture>
                <visible>Skin.HasSetting(purplefade)</visible>
                <animation effect="fade" end="100" start="0" time="250" condition="Window.Previous(home) | Window.Previous(visualisation) | Window.Previous(fullscreenvideo)">WindowOpen</animation>
                <animation effect="fade" end="0" start="100" time="250" condition="Window.Next(home)">WindowClose</animation>
                <visible>!Window.IsVisible(visualisation) + !Window.IsVisible(fullscreenvideo)</visible>
                <visible>False</visible>
            </control>
            <control type="image" description="Background Overlay">
                <include>Dimensions_Fullscreen</include>
                <fadetime>1000</fadetime>
                <texture colordiffuse="4f777777">$INFO[Skin.String(global.background)]</texture>
                <visible>!IsEmpty(Skin.String(global.background)) + !Skin.HasSetting(purplefade)</visible>
                <animation effect="fade" end="100" start="0" time="250" condition="Window.Previous(home) | Window.Previous(visualisation) | Window.Previous(fullscreenvideo)">WindowOpen</animation>
                <animation effect="fade" end="0" start="100" time="250" condition="Window.Next(home)">WindowClose</animation>
                <visible>!Window.IsVisible(home) + !Window.IsVisible(visualisation)</visible>
                <visible>False</visible>               
            </control>
            <control type="group" description="Home Header Vignette">      
                <visible>Window.IsVisible(home)</visible>
                <visible>!Control.HasFocus(9600)</visible>
                <include>GlobalVignette</include>
                <include>Animation.FadeIn</include>
                <include>Animation.FadeOut</include>
            </control>
            
            <control type="group">
                <posy>400</posy>
                <visible>!Control.HasFocus(9511)</visible>
                <visible>Skin.HasSetting(home.showinfoonwidget)</visible>
                <visible>!Skin.HasSetting(home.usemixedglobalwidget)</visible>
                <visible>!IsEmpty(Window(home).Property(bgwidget))</visible>
                <visible>!stringcompare(Window(home).Property(bgwidget.type),$LOCALIZE[108])</visible>
                <visible>Window.IsVisible(home)</visible>
                <visible>!Player.HasVideo</visible>
                <visible>!Skin.HasSetting(home.talltiles)</visible>
                <visible>!IsEmpty(Container(9600).ListItem.Label)</visible>
                <animation effect="slide" start="0, 0" end="0,-115" time="500" tween="back" reversible="false" easing="out" condition="Control.HasFocus(9600)">Conditional</animation>
                <animation effect="slide" end="0, 0" start="0,-115" time="150" reversible="false" condition="!Control.HasFocus(9600)">Conditional</animation>
                
                <include>Animation.SlideOpen.Top</include><!---- מיקום הרקע האחורי במוד שלי - מיקום כניסת הוויגיט-->
                <include>Animation.FadeOut</include>
                <control type="image">
                    <posx>1162</posx><!-- להזיז ימינה או שמאלה  -->
                    <posy>-287</posy>
                    <width>575</width><!-- רוחב -->
                    <align>right</align>
                    <height>600</height><!-- אורך -->     
                    <texture align="right" border="140">home/backgroundtext.png</texture>
                    <colordiffuse>HomeBarBG</colordiffuse>
                    <animation effect="fade" start="100" end="95" condition="true">Conditional</animation>
                </control>
                <control type="grouplist"><!--מיקום הטקסט של הסרט במוד שלי--> 	                                
                    <posx>1178</posx>
                    <posy>-270</posy>
                    <width>525</width>
                    <orientation>vertical</orientation>
                    
                    <control type="label">
                        <label>$INFO[Window(Home).Property(bgwidget.type)]</label>
                        <aligny>top</aligny>
                        <height>35</height>
                        <align>right</align>
                        <animation effect="fade" start="100" end="70" condition="true">Conditional</animation>
                        <textcolor>HomeBarFG</textcolor>
                        <visible>!IsEmpty(Window(Home).Property(bgwidget.type))</visible>
                    </control>
                    <control type="label">
                        <label>31112</label>
                        <aligny>top</aligny>
                        <align>right</align>
                        <height>35</height>
                        <animation effect="fade" start="100" end="70" condition="true">Conditional</animation>
                        <textcolor>HomeBarFG</textcolor>
                        <visible>IsEmpty(Window(Home).Property(bgwidget.type))</visible>
                    </control>
                    <control type="label">
                        <label>$INFO[Container(9600).ListItem.Label]</label>
                        <aligny>top</aligny>
                        <align>right</align>
                        <font>Font-WidgetInfoTitle</font>
                        <height>70</height>
                        <textcolor>Highlight</textcolor>
                    </control>
                    <control type="textbox"><!-- info off the movies -->	                   
                        <label>$INFO[Container(9600).ListItem.Plot]$INFO[Container(9600).ListItem.Property(Album_Description)]</label>
                        <aligny>top</aligny>
                        <align>right</align>
                        <height>300</height>
                        <animation effect="fade" start="100" end="70" condition="true">Conditional</animation>
                        <textcolor>HomeBarFG</textcolor>
                        <font>Font-ListInfo</font>
                    </control>
                    <control type="label">
                        <label>$INFO[Container(9600).ListItem.Artist,,  •  ]$INFO[Container(9600).ListItem.TvShowTitle,,  •  ]$INFO[Container(9600).ListItem.Year]$INFO[Container(9600).ListItem.RatingAndVotes,  •  ,]</label>
                        <aligny>center</aligny>
                        <animation effect="fade" start="100" end="70" condition="true">Conditional</animation>
                        <font>Font-ListInfo-Small</font>
                        <height>65</height>
                        <textcolor>HomeBarFG</textcolor>
                        <visible>!IsEmpty(Container(9600).ListItem.Year)</visible>
                    </control>
                    <control type="label">
                        <label>$INFO[Container(9600).ListItem.Artist,,  •  ]$INFO[Container(9600).ListItem.TvShowTitle]$INFO[Container(9600).ListItem.RatingAndVotes,  •  ,]</label>
                        <aligny>center</aligny>
                        <animation effect="fade" start="100" end="70" condition="true">Conditional</animation>
                        <font>Font-ListInfo-Small</font>
                        <height>65</height>
                        <textcolor>HomeBarFG</textcolor>
                        <visible>IsEmpty(Container(9600).ListItem.Year)</visible>
                    </control>
                </control>
            </control>
            <control type="group">
                <posy>400</posy>
                <visible>!Control.HasFocus(9511)</visible>
                <visible>Skin.HasSetting(home.showinfoonwidget)</visible>
                <visible>Skin.HasSetting(home.usemixedglobalwidget)</visible>
                <visible>Window.IsVisible(home)</visible>
                <visible>!Player.HasVideo</visible>
                <visible>!Skin.HasSetting(home.talltiles)</visible>
                <visible>!IsEmpty(Container(9600).ListItem.Label)</visible>
                <animation effect="slide" start="0, 0" end="0,-115" time="500" tween="back" reversible="false" easing="out" condition="Control.HasFocus(9600)">Conditional</animation>
                <animation effect="slide" end="0, 0" start="0,-115" time="150" reversible="false" condition="!Control.HasFocus(9600)">Conditional</animation>
                
                <include>Animation.SlideOpen.Top</include>
                <include>Animation.FadeOut</include>
            <control type="image"><!-- Cover Photo - מיקום הרקע של הסרט או הסדרה בדף הבית --> 	      
                    <posx>1170</posx><!-- להזיז ימינה או שמאלה  -->
                    <posy>-287</posy>
                    <width>575</width><!-- רוחב -->
                    <align>right</align>
                    <height>600</height><!-- אורך -->     
                    <texture align="right" border="">home/backgroundtext.png</texture>
                    <colordiffuse>HomeBarBG</colordiffuse>
                    <animation effect="fade" start="100" end="95" condition="true">Conditional</animation>
                </control>                          
                <control type="grouplist">
                    <posx>1178</posx>
                    <posy>-270</posy>
                    <width>525</width>
                    <orientation>vertical</orientation>
                    <control type="label">
                        <label>$VAR[GlobalWidget.InfoLabel]</label>
                        <!-- add to.. -->
                        <align>right</align>
                        <aligny>top</aligny>
                        <animation effect="fade" start="100" end="70" condition="true">Conditional</animation>
                        <textcolor>HomeBarFG</textcolor>
                        <height>35</height>
                    </control>
                    <control type="label"> <!-- שם הסרט במסך הבית -->
                        <label>$INFO[Container(9600).ListItem.Label]</label>
                        <aligny>top</aligny>
                        <align>right</align>
                        <font>Font-WidgetInfoTitle</font>
                        <height>70</height>
                        <textcolor>Highlight</textcolor>
                    </control>
                    <control type="grouplist">
                        <!--<visible>IsEmpty(Skin.String(global.widget.path))</visible>-->
                        <control type="textbox">
                            <label>$INFO[Container(9600).ListItem.Property(Plot)]</label>
                            <aligny>top</aligny>
                            <align>right</align>
                            <height>300</height><!-- רוחב הטקסט -->
                            <animation effect="fade" start="100" end="70" condition="true">Conditional</animation>
                            <textcolor>HomeBarFG</textcolor>
                            <font>Font-ListInfo</font>
                        </control>
                        <control type="label">
                            <label>$INFO[Container(9600).ListItem.Label2]</label>
                            <aligny>center</aligny>
                            <animation effect="fade" start="100" end="70" condition="true">Conditional</animation>
                            <textcolor>HomeBarFG</textcolor>
                            <font>Font-ListInfo-Small</font>
                            <height>65</height>
                        </control>
                    </control>
                    <control type="grouplist">
                        <visible>!IsEmpty(Skin.String(global.widget.path))</visible>
                        <control type="textbox">
                            <label>$INFO[Container(9600).ListItem.Plot]$INFO[Container(9600).ListItem.Property(Album_Description)]</label>
                            <aligny>top</aligny>
                            <align>right</align>
                            <height>120</height>
                            <animation effect="fade" start="100" end="70" condition="true">Conditional</animation>
                            <textcolor>HomeBarFG</textcolor>
                            <font>Font-ListInfo</font>
                        </control>
                        <control type="label">
	                        <!-- Wiget man Movies -->
                            <label>$INFO[Container(9600).ListItem.Artist,,  -  ]$INFO[Container(9600).ListItem.TvShowTitle,,  -  ]$INFO[Container(9600).ListItem.Year]$INFO[Container(9600).ListItem.RatingAndVotes,  -  ,]</label>
                            <aligny>right</aligny>
                            <animation effect="fade" start="100" end="70" condition="true">Conditional</animation>
                            <font>Font-ListInfo-Small</font>
                            <height>65</height>
                            <textcolor>HomeBarFG</textcolor>
                            <visible>!IsEmpty(Container(9600).ListItem.Year)</visible>
                        </control>
                        <control type="label">
                            <label>$INFO[Container(9600).ListItem.Artist,,  •  ]$INFO[Container(9600).ListItem.TvShowTitle]$INFO[Container(9600).ListItem.RatingAndVotes,  •  ,]</label>
                            <aligny>center</aligny>
                            <animation effect="fade" start="100" end="70" condition="true">Conditional</animation>
                            <font>Font-ListInfo-Small</font>
                            <height>65</height>
                            <textcolor>HomeBarFG</textcolor>
                            <visible>IsEmpty(Container(9600).ListItem.Year)</visible>
                        </control>
                    </control>
                </control>
            </control>
            <control type="image">
                <posy>384r</posy>
                <width>1920</width>
                <height>384</height>
                <texture colordiffuse="7F000000" flipy="true">common/gradient.png</texture>
                <visible>Control.HasFocus(9600)</visible>
                <include>Animation.FadeOut</include>
                <visible>!Skin.HasSetting(home.showinfoonwidget) | Skin.HasSetting(home.talltiles)</visible>
            </control>

            <control type="group">
                <left>30</left>
                <posy>172r</posy>
                <visible>Control.HasFocus(9600)</visible>
                <include>Animation.FadeIn</include>
                <include>Animation.FadeOut</include>
                <visible>!Skin.HasSetting(home.showinfoonwidget) | Skin.HasSetting(home.talltiles)</visible>
                
                <control type="label">
                    <top>25</top>
                    <width>1860</width>
                    <height>100</height>
                    <font>Font-Header</font>
                    <label>$INFO[Container(9600).ListItem.Label]</label>
                    <aligny>top</aligny>
                    <textcolor>$VAR[TopBarMainLabel]</textcolor>
                </control>
                <control type="grouplist">
                    <posy>115</posy>
                    <orientation>horizontal</orientation>
                    <itemgap>16</itemgap>
                    <width>1860</width>
                    <visible>!Skin.HasSetting(home.usemixedglobalwidget)</visible>
                    <control type="label">
                        <width>auto</width>
                        <font>Font-Sublabel</font>
                        <aligny>top</aligny>
                        <textcolor>Highlight</textcolor>
                        <scroll>true</scroll>
                        <label>$INFO[Container(9600).ListItem.Artist,,  •  ]$INFO[Container(9600).ListItem.TvShowTitle,,  •  ]$INFO[Container(9600).ListItem.Year,,  •  ]$INFO[Container(9600).ListItem.Rating]</label>
                    </control>
                    <control type="label">
                        <width>1800</width>
                        <font>Font-Sublabel</font>
                        <aligny>top</aligny>
                        <textcolor>$VAR[TopBarSubLabel]</textcolor>
                        <scroll>true</scroll>
                        <label>$INFO[Container(9600).ListItem.Plot]</label>
                    </control>
                </control>
                <control type="grouplist">
                    <posy>115</posy>
                    <orientation>horizontal</orientation>
                    <itemgap>16</itemgap>
                    <width>1860</width>
                    <visible>Skin.HasSetting(home.usemixedglobalwidget)</visible>
                    <control type="label">
                        <width>auto</width>
                        <font>Font-Sublabel</font>
                        <aligny>top</aligny>
                        <textcolor>Highlight</textcolor>
                        <scroll>true</scroll>
                        <label>$INFO[Container(9600).ListItem.Label2]</label>
                    </control>
                    <control type="label">
                        <width>1800</width>
                        <font>Font-Sublabel</font>
                        <aligny>top</aligny>
                        <textcolor>$VAR[TopBarSubLabel]</textcolor>
                        <scroll>true</scroll>
                        <label>$INFO[Container(9600).ListItem.Property(Plot)]</label>
                    </control>
                </control>
            </control>
        </control>  

        <control type="group">
            <visible>Window.IsVisible(home) + Player.HasAudio</visible>
            <control type="visualisation">
                <description>visualisation</description>
                <include>Dimensions_Fullscreen</include>
            </control>
            <control type="multiimage">
                <aspectratio>scale</aspectratio>
                <include>Dimensions_Fullscreen</include>
                <timeperimage>10000</timeperimage>
                <randomize>true</randomize>
                <fadetime>600</fadetime>
                <loop>yes</loop>
                <imagepath background="true">$INFO[Window(Visualisation).Property(ArtistSlideshow)]</imagepath>
                <visible>System.HasAddon(script.artistslideshow) + Skin.HasSetting(ArtistSlideShow.Enabled)</visible>
                <animation effect="fade" start="100" end="65" time="0" condition="Skin.HasSetting(OSDVisualisation.ShowFanart)">Conditional</animation>
                <animation effect="zoom" start="110" end="130" center="auto" time="10000" tween="sine" easing="inout" pulse="true" condition="Skin.HasSetting(ArtistSlideshow.Animate)">Conditional</animation>
                <animation effect="slide" start="-30,-30" end="30,30" time="6000" tween="sine" easing="inout" pulse="true" condition="Skin.HasSetting(ArtistSlideshow.Animate)">Conditional</animation>
            </control>
            <control type="group" description="Home Header Vignette">      
                <include>GlobalVignette</include>
                <include>Animation.FadeIn</include>
                <include>Animation.FadeOut</include>
            </control>
        </control>
    </include>
    
</includes>
