<?xml version="1.0" encoding="UTF-8"?>
<includes>
    <include name="MixedWidget">
        <item id="1">
            <onclick>PlayMedia($ESCINFO[Window(home).Property(RandomMovie.1.File)])</onclick>
            <icon>$INFO[Window(home).Property(RandomMovie.1.Art(fanart))]</icon>
            <thumb>$INFO[Window(home).Property(RandomMovie.1.Art(fanart))]</thumb>
            <label>$INFO[Window(home).Property(RandomMovie.1.Title)]</label>
            <label2>$INFO[Window(home).Property(RandomMovie.1.Year)]$INFO[Window(home).Property(RandomMovie.1.Rating),  •  ,]</label2>
            <property name="Plot">$INFO[Window(home).Property(RandomMovie.1.Plot)]</property>
            <property name="Poster">$INFO[Window(home).Property(RandomMovie.1.Art(poster))]</property>
            <property name="Discart">$INFO[Window(home).Property(RandomMovie.1.Art(discart))]</property>
            <property name="Clearlogo">$INFO[Window(home).Property(RandomMovie.1.Art(clearlogo))]</property>
            <property name="Clearart">$INFO[Window(home).Property(RandomMovie.1.Art(clearart))]</property>
            <visible>!IsEmpty(Window(home).Property(RandomMovie.1.File))</visible>
        </item>
        <item id="31">
            <onclick>PlayMedia($ESCINFO[Window(home).Property(RecommendedEpisode.1.File)])</onclick>
            <icon>$INFO[Window(home).Property(RecommendedEpisode.1.Art(tvshow.fanart))]</icon>
            <thumb>$INFO[Window(home).Property(RecommendedEpisode.1.Art(tvshow.fanart))]</thumb>
            <label>$INFO[Window(home).Property(RecommendedEpisode.1.TvShowTitle)]</label>
            <label2>$INFO[Window(home).Property(RecommendedEpisode.1.Title)]$INFO[Window(home).Property(RecommendedEpisode.1.EpisodeNo), • [UPPERCASE],[/UPPERCASE]]</label2>
            <property name="Plot">$INFO[Window(home).Property(RecommendedEpisode.1.Plot)]</property>
            <property name="Poster">$INFO[Window(home).Property(RecommendedEpisode.1.Art(tvshow.poster))]</property>
            <property name="Discart">$INFO[Window(home).Property(RecommendedEpisode.1.Art(tvshow.discart))]</property>
            <property name="Clearlogo">$INFO[Window(home).Property(RecommendedEpisode.1.Art(tvshow.clearlogo))]</property>
            <property name="Clearart">$INFO[Window(home).Property(RandomMovie.1.Art(tvshowtvshow.clearart))]</property>
            <visible>!IsEmpty(Window(home).Property(RecommendedEpisode.1.File))</visible>
        </item>
        <item id="2">
            <onclick>PlayMedia($ESCINFO[Window(home).Property(RandomMovie.2.File)])</onclick>
            <icon>$INFO[Window(home).Property(RandomMovie.2.Art(fanart))]</icon>
            <thumb>$INFO[Window(home).Property(RandomMovie.2.Art(fanart))]</thumb>
            <label>$INFO[Window(home).Property(RandomMovie.2.Title)]</label>
            <label2>$INFO[Window(home).Property(RandomMovie.2.Year)]$INFO[Window(home).Property(RandomMovie.2.Rating),  •  ,]</label2>
            <property name="Plot">$INFO[Window(home).Property(RandomMovie.2.Plot)]</property>
            <property name="Poster">$INFO[Window(home).Property(RandomMovie.2.Art(poster))]</property>
            <property name="Discart">$INFO[Window(home).Property(RandomMovie.2.Art(discart))]</property>
            <property name="Clearlogo">$INFO[Window(home).Property(RandomMovie.2.Art(clearlogo))]</property>
            <property name="Clearart">$INFO[Window(home).Property(RandomMovie.2.Art(clearart))]</property>
            <visible>!IsEmpty(Window(home).Property(RandomMovie.2.File))</visible>
        </item>
        <item id="32">
            <onclick>PlayMedia($ESCINFO[Window(home).Property(RecommendedEpisode.2.File)])</onclick>
            <icon>$INFO[Window(home).Property(RecommendedEpisode.2.Art(tvshow.fanart))]</icon>
            <thumb>$INFO[Window(home).Property(RecommendedEpisode.2.Art(tvshow.fanart))]</thumb>
            <label>$INFO[Window(home).Property(RecommendedEpisode.2.TvShowTitle)]</label>
            <label2>$INFO[Window(home).Property(RecommendedEpisode.2.Title)]$INFO[Window(home).Property(RecommendedEpisode.2.EpisodeNo), • [UPPERCASE],[/UPPERCASE]]</label2>
            <property name="Plot">$INFO[Window(home).Property(RecommendedEpisode.2.Plot)]</property>
            <property name="Poster">$INFO[Window(home).Property(RecommendedEpisode.2.Art(tvshow.poster))]</property>
            <property name="Discart">$INFO[Window(home).Property(RecommendedEpisode.2.Art(tvshow.discart))]</property>
            <property name="Clearlogo">$INFO[Window(home).Property(RecommendedEpisode.2.Art(tvshow.clearlogo))]</property>
            <property name="Clearart">$INFO[Window(home).Property(RecommendedEpisode.2.Art(tvshow.clearart))]</property>
            <visible>!IsEmpty(Window(home).Property(RecommendedEpisode.2.File))</visible>
        </item>
        <item id="3">
            <onclick>PlayMedia($ESCINFO[Window(home).Property(RandomMovie.3.File)])</onclick>
            <icon>$INFO[Window(home).Property(RandomMovie.3.Art(fanart))]</icon>
            <thumb>$INFO[Window(home).Property(RandomMovie.3.Art(fanart))]</thumb>
            <label>$INFO[Window(home).Property(RandomMovie.3.Title)]</label>
            <label2>$INFO[Window(home).Property(RandomMovie.3.Year)]$INFO[Window(home).Property(RandomMovie.3.Rating),  •  ,]</label2>
            <property name="Plot">$INFO[Window(home).Property(RandomMovie.3.Plot)]</property>
            <property name="Poster">$INFO[Window(home).Property(RandomMovie.3.Art(Poster)]</property>
            <property name="Discart">$INFO[Window(home).Property(RandomMovie.3.Art(discart))]</property>
            <property name="Clearlogo">$INFO[Window(home).Property(RandomMovie.3.Art(clearlogo))]</property>
            <property name="Clearart">$INFO[Window(home).Property(RandomMovie.3.Art(clearart))]</property>
            <visible>!IsEmpty(Window(home).Property(RandomMovie.3.File))</visible>
        </item>
        <item id="33">
            <onclick>PlayMedia($ESCINFO[Window(home).Property(RecommendedEpisode.3.File)])</onclick>
            <icon>$INFO[Window(home).Property(RecommendedEpisode.3.Art(tvshow.fanart))]</icon>
            <thumb>$INFO[Window(home).Property(RecommendedEpisode.3.Art(tvshow.fanart))]</thumb>
            <label>$INFO[Window(home).Property(RecommendedEpisode.3.TvShowTitle)]</label>
            <label2>$INFO[Window(home).Property(RecommendedEpisode.3.Title)]$INFO[Window(home).Property(RecommendedEpisode.3.EpisodeNo), • [UPPERCASE],[/UPPERCASE]]</label2>
            <property name="Poster">$INFO[Window(home).Property(RecommendedEpisode.3.Art(tvshow.poster))]</property>
            <property name="Discart">$INFO[Window(home).Property(RecommendedEpisode.3.Art(tvshow.discart))]</property>
            <property name="Clearlogo">$INFO[Window(home).Property(RecommendedEpisode.3.Art(tvshow.clearlogo))]</property>
            <property name="Clearart">$INFO[Window(home).Property(RecommendedEpisode.3.Art(tvshow.clearart))]</property>
            <visible>!IsEmpty(Window(home).Property(RecommendedEpisode.3.File))</visible>
        </item>
        <item id="4">
            <onclick>PlayMedia($ESCINFO[Window(home).Property(RandomMovie.4.File)])</onclick>
            <icon>$INFO[Window(home).Property(RandomMovie.4.Art(fanart))]</icon>
            <thumb>$INFO[Window(home).Property(RandomMovie.4.Art(fanart))]</thumb>
            <label>$INFO[Window(home).Property(RandomMovie.4.Title)]</label>
            <label2>$INFO[Window(home).Property(RandomMovie.4.Year)]$INFO[Window(home).Property(RandomMovie.4.Rating),  •  ,]</label2>
            <property name="Plot">$INFO[Window(home).Property(RandomMovie.4.Plot)]</property>
            <property name="Poster">$INFO[Window(home).Property(RandomMovie.4.Art(Poster)]</property>
            <property name="Discart">$INFO[Window(home).Property(RandomMovie.4.Art(discart))]</property>
            <property name="Clearlogo">$INFO[Window(home).Property(RandomMovie.4.Art(clearlogo))]</property>
            <property name="Clearart">$INFO[Window(home).Property(RandomMovie.4.Art(clearart))]</property>
            <visible>!IsEmpty(Window(home).Property(RandomMovie.4.File))</visible>
        </item>
        <item id="34">
            <onclick>PlayMedia($ESCINFO[Window(home).Property(RecommendedEpisode.4.File)])</onclick>
            <icon>$INFO[Window(home).Property(RecommendedEpisode.4.Art(tvshow.fanart))]</icon>
            <thumb>$INFO[Window(home).Property(RecommendedEpisode.4.Art(tvshow.fanart))]</thumb>
            <label>$INFO[Window(home).Property(RecommendedEpisode.4.TvShowTitle)]</label>
            <label2>$INFO[Window(home).Property(RecommendedEpisode.4.Title)]$INFO[Window(home).Property(RecommendedEpisode.4.EpisodeNo), • [UPPERCASE],[/UPPERCASE]]</label2>
            <property name="Plot">$INFO[Window(home).Property(RecommendedEpisode.4.Plot)]</property>
            <property name="Poster">$INFO[Window(home).Property(RecommendedEpisode.4.Art(tvshow.poster))]</property>
            <property name="Discart">$INFO[Window(home).Property(RecommendedEpisode.4.Art(tvshow.discart))]</property>
            <property name="Clearlogo">$INFO[Window(home).Property(RecommendedEpisode.4.Art(tvshow.clearlogo))]</property>
            <property name="Clearart">$INFO[Window(home).Property(RecommendedEpisode.4.Art(tvshow.clearart))]</property>
            <visible>!IsEmpty(Window(home).Property(RecommendedEpisode.4.File))</visible>
        </item>
        <item id="5">
            <onclick>PlayMedia($ESCINFO[Window(home).Property(RandomMovie.5.File)])</onclick>
            <icon>$INFO[Window(home).Property(RandomMovie.5.Art(fanart))]</icon>
            <thumb>$INFO[Window(home).Property(RandomMovie.5.Art(fanart))]</thumb>
            <label>$INFO[Window(home).Property(RandomMovie.5.Title)]</label>
            <label2>$INFO[Window(home).Property(RandomMovie.5.Year)]$INFO[Window(home).Property(RandomMovie.5.Rating),  •  ,]</label2>
            <property name="Plot">$INFO[Window(home).Property(RandomMovie.5.Plot)]</property>
            <property name="Poster">$INFO[Window(home).Property(RandomMovie.5.Art(poster))]</property>
            <property name="Discart">$INFO[Window(home).Property(RandomMovie.5.Art(discart))]</property>
            <property name="Clearlogo">$INFO[Window(home).Property(RandomMovie.5.Art(clearlogo))]</property>
            <property name="Clearart">$INFO[Window(home).Property(RandomMovie.5.Art(clearart))]</property>
            <visible>!IsEmpty(Window(home).Property(RandomMovie.5.File))</visible>
        </item>
        <item id="35">
            <onclick>PlayMedia($ESCINFO[Window(home).Property(RecommendedEpisode.5.File)])</onclick>
            <icon>$INFO[Window(home).Property(RecommendedEpisode.5.Art(tvshow.fanart))]</icon>
            <thumb>$INFO[Window(home).Property(RecommendedEpisode.5.Art(tvshow.fanart))]</thumb>
            <label>$INFO[Window(home).Property(RecommendedEpisode.5.TvShowTitle)]</label>
            <label2>$INFO[Window(home).Property(RecommendedEpisode.5.Title)]$INFO[Window(home).Property(RecommendedEpisode.5.EpisodeNo), • [UPPERCASE],[/UPPERCASE]]</label2>
            <property name="Plot">$INFO[Window(home).Property(RecommendedEpisode.5.Plot)]</property>
            <property name="Poster">$INFO[Window(home).Property(RecommendedEpisode.5.Art(tvshow.poster))]</property>
            <property name="Discart">$INFO[Window(home).Property(RecommendedEpisode.5.Art(tvshow.discart))]</property>
            <property name="Clearlogo">$INFO[Window(home).Property(RecommendedEpisode.5.Art(tvshow.clearlogo))]</property>
            <property name="Clearart">$INFO[Window(home).Property(RecommendedEpisode.5.Art(tvshow.clearart))]</property>
            <visible>!IsEmpty(Window(home).Property(RecommendedEpisode.5.File))</visible>
        </item>
        <item id="6">
            <onclick>PlayMedia($ESCINFO[Window(home).Property(RandomMovie.6.File)])</onclick>
            <icon>$INFO[Window(home).Property(RandomMovie.6.Art(fanart))]</icon>
            <thumb>$INFO[Window(home).Property(RandomMovie.6.Art(fanart))]</thumb>
            <label>$INFO[Window(home).Property(RandomMovie.6.Title)]</label>
            <label2>$INFO[Window(home).Property(RandomMovie.6.Year)]$INFO[Window(home).Property(RandomMovie.6.Rating),  •  ,]</label2>
            <property name="Plot">$INFO[Window(home).Property(RandomMovie.6.Plot)]</property>
            <property name="Poster">$INFO[Window(home).Property(RandomMovie.6.Art(poster))]</property>
            <property name="Discart">$INFO[Window(home).Property(RandomMovie.6.Art(discart))]</property>
            <property name="Clearlogo">$INFO[Window(home).Property(RandomMovie.6.Art(clearlogo))]</property>
            <property name="Clearart">$INFO[Window(home).Property(RandomMovie.6.Art(clearart))]</property>
            <visible>!IsEmpty(Window(home).Property(RandomMovie.6.File))</visible>
        </item>
        <item id="36">
            <onclick>PlayMedia($ESCINFO[Window(home).Property(RecommendedEpisode.6.File)])</onclick>
            <icon>$INFO[Window(home).Property(RecommendedEpisode.6.Art(tvshow.fanart))]</icon>
            <thumb>$INFO[Window(home).Property(RecommendedEpisode.6.Art(tvshow.fanart))]</thumb>
            <label>$INFO[Window(home).Property(RecommendedEpisode.6.TvShowTitle)]</label>
            <label2>$INFO[Window(home).Property(RecommendedEpisode.6.Title)]$INFO[Window(home).Property(RecommendedEpisode.6.EpisodeNo), • [UPPERCASE],[/UPPERCASE]]</label2>
            <property name="Plot">$INFO[Window(home).Property(RecommendedEpisode.6.Plot)]</property>
            <property name="Poster">$INFO[Window(home).Property(RecommendedEpisode.6.Art(tvshow.poster))]</property>
            <property name="Discart">$INFO[Window(home).Property(RecommendedEpisode.6.Art(tvshow.discart))]</property>
            <property name="Clearlogo">$INFO[Window(home).Property(RecommendedEpisode.6.Art(tvshow.clearlogo))]</property>
            <property name="Clearart">$INFO[Window(home).Property(RecommendedEpisode.6.Art(tvshow.clearart))]</property>
            <visible>!IsEmpty(Window(home).Property(RecommendedEpisode.6.File))</visible>
        </item>
        <item id="7">
            <onclick>PlayMedia($ESCINFO[Window(home).Property(RandomMovie.7.File)])</onclick>
            <icon>$INFO[Window(home).Property(RandomMovie.7.Art(fanart))]</icon>
            <thumb>$INFO[Window(home).Property(RandomMovie.7.Art(fanart))]</thumb>
            <label>$INFO[Window(home).Property(RandomMovie.7.Title)]</label>
            <label2>$INFO[Window(home).Property(RandomMovie.7.Year)]$INFO[Window(home).Property(RandomMovie.7.Rating),  •  ,]</label2>
            <property name="Plot">$INFO[Window(home).Property(RandomMovie.7.Plot)]</property>
            <property name="Poster">$INFO[Window(home).Property(RandomMovie.7.Art(poster))]</property>
            <property name="Discart">$INFO[Window(home).Property(RandomMovie.7.Art(discart))]</property>
            <property name="Clearlogo">$INFO[Window(home).Property(RandomMovie.7.Art(clearlogo))]</property>
            <property name="Clearart">$INFO[Window(home).Property(RandomMovie.7.Art(clearart))]</property>
            <visible>!IsEmpty(Window(home).Property(RandomMovie.7.File))</visible>
        </item>
        <item id="37">
            <onclick>PlayMedia($ESCINFO[Window(home).Property(RecommendedEpisode.7.File)])</onclick>
            <icon>$INFO[Window(home).Property(RecommendedEpisode.7.Art(tvshow.fanart))]</icon>
            <thumb>$INFO[Window(home).Property(RecommendedEpisode.7.Art(tvshow.fanart))]</thumb>
            <label>$INFO[Window(home).Property(RecommendedEpisode.7.TvShowTitle)]</label>
            <label2>$INFO[Window(home).Property(RecommendedEpisode.7.Title)]$INFO[Window(home).Property(RecommendedEpisode.7.EpisodeNo), • [UPPERCASE],[/UPPERCASE]]</label2>
            <property name="Plot">$INFO[Window(home).Property(RecommendedEpisode.7.Plot)]</property>
            <property name="Poster">$INFO[Window(home).Property(RecommendedEpisode.7.Art(tvshow.poster))]</property>
            <property name="Discart">$INFO[Window(home).Property(RecommendedEpisode.7.Art(tvshow.discart))]</property>
            <property name="Clearlogo">$INFO[Window(home).Property(RecommendedEpisode.7.Art(tvshow.clearlogo))]</property>
            <property name="Clearart">$INFO[Window(home).Property(RecommendedEpisode.7.Art(tvshow.clearart))]</property>
            <visible>!IsEmpty(Window(home).Property(RecommendedEpisode.7.File))</visible>
        </item>
        <item id="8">
            <onclick>PlayMedia($ESCINFO[Window(home).Property(RandomMovie.8.File)])</onclick>
            <icon>$INFO[Window(home).Property(RandomMovie.8.Art(fanart))]</icon>
            <thumb>$INFO[Window(home).Property(RandomMovie.8.Art(fanart))]</thumb>
            <label>$INFO[Window(home).Property(RandomMovie.8.Title)]</label>
            <label2>$INFO[Window(home).Property(RandomMovie.8.Year)]$INFO[Window(home).Property(RandomMovie.8.Rating),  •  ,]</label2>
            <property name="Plot">$INFO[Window(home).Property(RandomMovie.8.Plot)]</property>
            <property name="Poster">$INFO[Window(home).Property(RandomMovie.8.Art(poster))]</property>
            <property name="Discart">$INFO[Window(home).Property(RandomMovie.8.Art(discart))]</property>
            <property name="Clearlogo">$INFO[Window(home).Property(RandomMovie.8.Art(clearlogo))]</property>
            <property name="Clearart">$INFO[Window(home).Property(RandomMovie.8.Art(clearart))]</property>
            <visible>!IsEmpty(Window(home).Property(RandomMovie.8.File))</visible>
        </item>
        <item id="38">
            <onclick>PlayMedia($ESCINFO[Window(home).Property(RecommendedEpisode.8.File)])</onclick>
            <icon>$INFO[Window(home).Property(RecommendedEpisode.8.Art(tvshow.fanart))]</icon>
            <thumb>$INFO[Window(home).Property(RecommendedEpisode.8.Art(tvshow.fanart))]</thumb>
            <label>$INFO[Window(home).Property(RecommendedEpisode.8.TvShowTitle)]</label>
            <label2>$INFO[Window(home).Property(RecommendedEpisode.8.Title)]$INFO[Window(home).Property(RecommendedEpisode.8.EpisodeNo), • [UPPERCASE],[/UPPERCASE]]</label2>
            <property name="Plot">$INFO[Window(home).Property(RecommendedEpisode.8.Plot)]</property>
            <property name="Poster">$INFO[Window(home).Property(RecommendedEpisode.8.Art(tvshow.poster))]</property>
            <property name="Discart">$INFO[Window(home).Property(RecommendedEpisode.8.Art(tvshow.discart))]</property>
            <property name="Clearlogo">$INFO[Window(home).Property(RecommendedEpisode.8.Art(tvshow.clearlogo))]</property>
            <property name="Clearart">$INFO[Window(home).Property(RecommendedEpisode.8.Art(tvshow.clearart))]</property>
            <visible>!IsEmpty(Window(home).Property(RecommendedEpisode.8.File))</visible>
        </item>
        <item id="9">
            <onclick>PlayMedia($ESCINFO[Window(home).Property(RandomMovie.9.File)])</onclick>
            <icon>$INFO[Window(home).Property(RandomMovie.9.Art(fanart))]</icon>
            <thumb>$INFO[Window(home).Property(RandomMovie.9.Art(fanart))]</thumb>
            <label>$INFO[Window(home).Property(RandomMovie.9.Title)]</label>
            <label2>$INFO[Window(home).Property(RandomMovie.9.Year)]$INFO[Window(home).Property(RandomMovie.9.Rating),  --  ,]</label2>
            <property name="Plot">$INFO[Window(home).Property(RandomMovie.9.Plot)]</property>
            <property name="Poster">$INFO[Window(home).Property(RandomMovie.9.Art(poster))]</property>
            <property name="Discart">$INFO[Window(home).Property(RandomMovie.9.Art(discart))]</property>
            <property name="Clearlogo">$INFO[Window(home).Property(RandomMovie.9.Art(clearlogo))]</property>
            <property name="Clearart">$INFO[Window(home).Property(RandomMovie.9.Art(clearart))]</property>
            <visible>!IsEmpty(Window(home).Property(RandomMovie.9.File))</visible>
        </item>
        <item id="39">
            <onclick>PlayMedia($ESCINFO[Window(home).Property(RecommendedEpisode.9.File)])</onclick>
            <icon>$INFO[Window(home).Property(RecommendedEpisode.9.Art(tvshow.fanart))]</icon>
            <thumb>$INFO[Window(home).Property(RecommendedEpisode.9.Art(tvshow.fanart))]</thumb>
            <label>$INFO[Window(home).Property(RecommendedEpisode.9.TvShowTitle)]</label>
            <label2>$INFO[Window(home).Property(RecommendedEpisode.9.Title)]$INFO[Window(home).Property(RecommendedEpisode.9.EpisodeNo), • [UPPERCASE],[/UPPERCASE]]</label2>
            <property name="Plot">$INFO[Window(home).Property(RecommendedEpisode.9.Plot)]</property>
            <property name="Poster">$INFO[Window(home).Property(RecommendedEpisode.9.Art(tvshow.poster))]</property>
            <property name="Discart">$INFO[Window(home).Property(RecommendedEpisode.9.Art(tvshow.discart))]</property>
            <property name="Clearlogo">$INFO[Window(home).Property(RecommendedEpisode.9.Art(tvshow.clearlogo))]</property>
            <property name="Clearart">$INFO[Window(home).Property(RecommendedEpisode.9.Art(tvshow.clearart))]</property>
            <visible>!IsEmpty(Window(home).Property(RecommendedEpisode.9.File))</visible>
        </item>
        <item id="10">
            <onclick>PlayMedia($ESCINFO[Window(home).Property(RandomMovie.10.File)])</onclick>
            <icon>$INFO[Window(home).Property(RandomMovie.10.Art(fanart))]</icon>
            <thumb>$INFO[Window(home).Property(RandomMovie.10.Art(fanart))]</thumb>
            <label>$INFO[Window(home).Property(RandomMovie.10.Title)]</label>
            <label2>$INFO[Window(home).Property(RandomMovie.10.Year)]$INFO[Window(home).Property(RandomMovie.10.Rating),  -  ,]</label2>
            <property name="Plot">$INFO[Window(home).Property(RandomMovie.10.Plot)]</property>
            <property name="Poster">$INFO[Window(home).Property(RandomMovie.10.Art(poster))]</property>
            <property name="Discart">$INFO[Window(home).Property(RandomMovie.10.Art(discart))]</property>
            <property name="Clearlogo">$INFO[Window(home).Property(RandomMovie.10.Art(clearlogo))]</property>
            <property name="Clearart">$INFO[Window(home).Property(RandomMovie.10.Art(clearart))]</property>
            <visible>!IsEmpty(Window(home).Property(RandomMovie.10.File))</visible>
        </item>
        <item id="40">
            <onclick>PlayMedia($ESCINFO[Window(home).Property(RecommendedEpisode.10.File)])</onclick>
            <icon>$INFO[Window(home).Property(RecommendedEpisode.10.Art(tvshow.fanart))]</icon>
            <thumb>$INFO[Window(home).Property(RecommendedEpisode.10.Art(tvshow.fanart))]</thumb>
            <label>$INFO[Window(home).Property(RecommendedEpisode.10.TvShowTitle)]</label>
            <label2>$INFO[Window(home).Property(RecommendedEpisode.10.Title)]$INFO[Window(home).Property(RecommendedEpisode.10.EpisodeNo), • [UPPERCASE],[/UPPERCASE]]</label2>
            <property name="Plot">$INFO[Window(home).Property(RecommendedEpisode.10.Plot)]</property>
            <property name="Poster">$INFO[Window(home).Property(RecommendedEpisode.10.Art(tvshow.poster))]</property>
            <property name="Discart">$INFO[Window(home).Property(RecommendedEpisode.10.Art(tvshow.discart))]</property>
            <property name="Clearlogo">$INFO[Window(home).Property(RecommendedEpisode.10.Art(tvshow.clearlogo))]</property>
            <property name="Clearart">$INFO[Window(home).Property(RecommendedEpisode.10.Art(tvshow.clearart))]</property>
            <visible>!IsEmpty(Window(home).Property(RecommendedEpisode.10.File))</visible>
        </item>
    </include>

<include name="RecentMovie">
        <item id="1">
            <onclick>PlayMedia($ESCINFO[Window(home).Property(RecentMovie.1.File)])</onclick>
            <icon>$INFO[Window(home).Property(RecentMovie.1.Art(fanart))]</icon>
            <thumb>$INFO[Window(home).Property(RecentMovie.1.Art(fanart))]</thumb>
            <label>$INFO[Window(home).Property(RecentMovie.1.Title)]</label>
            <label2>$INFO[Window(home).Property(RecentMovie.1.Year)]$INFO[Window(home).Property(RecentMovie.1.Rating),  •  ,]</label2>
            <property name="Plot">$INFO[Window(home).Property(RecentMovie.1.Plot)]</property>
            <property name="Poster">$INFO[Window(home).Property(RecentMovie.1.Art(poster))]</property>
            <property name="Discart">$INFO[Window(home).Property(RecentMovie.1.Art(discart))]</property>
            <property name="Clearlogo">$INFO[Window(home).Property(RecentMovie.1.Art(clearlogo))]</property>
            <property name="Clearart">$INFO[Window(home).Property(RecentMovie.1.Art(clearart))]</property>
            <visible>!IsEmpty(Window(home).Property(RecentMovie.1.File))</visible>
        </item>
        <item id="2">
            <onclick>PlayMedia($ESCINFO[Window(home).Property(RecentMovie.2.File)])</onclick>
            <icon>$INFO[Window(home).Property(RecentMovie.2.Art(fanart))]</icon>
            <thumb>$INFO[Window(home).Property(RecentMovie.2.Art(fanart))]</thumb>
            <label>$INFO[Window(home).Property(RecentMovie.2.Title)]</label>
            <label2>$INFO[Window(home).Property(RecentMovie.2.Year)]$INFO[Window(home).Property(RecentMovie.2.Rating),  •  ,]</label2>
            <property name="Plot">$INFO[Window(home).Property(RecentMovie.2.Plot)]</property>
            <property name="Poster">$INFO[Window(home).Property(RecentMovie.2.Art(poster))]</property>
            <property name="Discart">$INFO[Window(home).Property(RecentMovie.2.Art(discart))]</property>
            <property name="Clearlogo">$INFO[Window(home).Property(RecentMovie.2.Art(clearlogo))]</property>
            <property name="Clearart">$INFO[Window(home).Property(RecentMovie.2.Art(clearart))]</property>
            <visible>!IsEmpty(Window(home).Property(RecentMovie.2.File))</visible>
        </item>
        <item id="3">
            <onclick>PlayMedia($ESCINFO[Window(home).Property(RecentMovie.3.File)])</onclick>
            <icon>$INFO[Window(home).Property(RecentMovie.3.Art(fanart))]</icon>
            <thumb>$INFO[Window(home).Property(RecentMovie.3.Art(fanart))]</thumb>
            <label>$INFO[Window(home).Property(RecentMovie.3.Title)]</label>
            <label2>$INFO[Window(home).Property(RecentMovie.3.Year)]$INFO[Window(home).Property(RecentMovie.3.Rating),  •  ,]</label2>
            <property name="Plot">$INFO[Window(home).Property(RecentMovie.3.Plot)]</property>
            <property name="Poster">$INFO[Window(home).Property(RecentMovie.3.Art(Poster)]</property>
            <property name="Discart">$INFO[Window(home).Property(RecentMovie.3.Art(discart))]</property>
            <property name="Clearlogo">$INFO[Window(home).Property(RecentMovie.3.Art(clearlogo))]</property>
            <property name="Clearart">$INFO[Window(home).Property(RecentMovie.3.Art(clearart))]</property>
            <visible>!IsEmpty(Window(home).Property(RecentMovie.3.File))</visible>
        </item>
        <item id="4">
            <onclick>PlayMedia($ESCINFO[Window(home).Property(RecentMovie.4.File)])</onclick>
            <icon>$INFO[Window(home).Property(RecentMovie.4.Art(fanart))]</icon>
            <thumb>$INFO[Window(home).Property(RecentMovie.4.Art(fanart))]</thumb>
            <label>$INFO[Window(home).Property(RecentMovie.4.Title)]</label>
            <label2>$INFO[Window(home).Property(RecentMovie.4.Year)]$INFO[Window(home).Property(RecentMovie.4.Rating),  •  ,]</label2>
            <property name="Plot">$INFO[Window(home).Property(RecentMovie.4.Plot)]</property>
            <property name="Poster">$INFO[Window(home).Property(RecentMovie.4.Art(Poster)]</property>
            <property name="Discart">$INFO[Window(home).Property(RecentMovie.4.Art(discart))]</property>
            <property name="Clearlogo">$INFO[Window(home).Property(RecentMovie.4.Art(clearlogo))]</property>
            <property name="Clearart">$INFO[Window(home).Property(RecentMovie.4.Art(clearart))]</property>
            <visible>!IsEmpty(Window(home).Property(RecentMovie.4.File))</visible>
        </item>
        <item id="5">
            <onclick>PlayMedia($ESCINFO[Window(home).Property(RecentMovie.5.File)])</onclick>
            <icon>$INFO[Window(home).Property(RecentMovie.5.Art(fanart))]</icon>
            <thumb>$INFO[Window(home).Property(RecentMovie.5.Art(fanart))]</thumb>
            <label>$INFO[Window(home).Property(RecentMovie.5.Title)]</label>
            <label2>$INFO[Window(home).Property(RecentMovie.5.Year)]$INFO[Window(home).Property(RecentMovie.5.Rating),  •  ,]</label2>
            <property name="Plot">$INFO[Window(home).Property(RecentMovie.5.Plot)]</property>
            <property name="Poster">$INFO[Window(home).Property(RecentMovie.5.Art(poster))]</property>
            <property name="Discart">$INFO[Window(home).Property(RecentMovie.5.Art(discart))]</property>
            <property name="Clearlogo">$INFO[Window(home).Property(RecentMovie.5.Art(clearlogo))]</property>
            <property name="Clearart">$INFO[Window(home).Property(RecentMovie.5.Art(clearart))]</property>
            <visible>!IsEmpty(Window(home).Property(RecentMovie.5.File))</visible>
        </item>
        <item id="6">
            <onclick>PlayMedia($ESCINFO[Window(home).Property(RecentMovie.6.File)])</onclick>
            <icon>$INFO[Window(home).Property(RecentMovie.6.Art(fanart))]</icon>
            <thumb>$INFO[Window(home).Property(RecentMovie.6.Art(fanart))]</thumb>
            <label>$INFO[Window(home).Property(RecentMovie.6.Title)]</label>
            <label2>$INFO[Window(home).Property(RecentMovie.6.Year)]$INFO[Window(home).Property(RecentMovie.6.Rating),  •  ,]</label2>
            <property name="Plot">$INFO[Window(home).Property(RecentMovie.6.Plot)]</property>
            <property name="Poster">$INFO[Window(home).Property(RecentMovie.6.Art(poster))]</property>
            <property name="Discart">$INFO[Window(home).Property(RecentMovie.6.Art(discart))]</property>
            <property name="Clearlogo">$INFO[Window(home).Property(RecentMovie.6.Art(clearlogo))]</property>
            <property name="Clearart">$INFO[Window(home).Property(RecentMovie.6.Art(clearart))]</property>
            <visible>!IsEmpty(Window(home).Property(RecentMovie.6.File))</visible>
        </item>
        <item id="7">
            <onclick>PlayMedia($ESCINFO[Window(home).Property(RecentMovie.7.File)])</onclick>
            <icon>$INFO[Window(home).Property(RecentMovie.7.Art(fanart))]</icon>
            <thumb>$INFO[Window(home).Property(RecentMovie.7.Art(fanart))]</thumb>
            <label>$INFO[Window(home).Property(RecentMovie.7.Title)]</label>
            <label2>$INFO[Window(home).Property(RecentMovie.7.Year)]$INFO[Window(home).Property(RecentMovie.7.Rating),  •  ,]</label2>
            <property name="Plot">$INFO[Window(home).Property(RecentMovie.7.Plot)]</property>
            <property name="Poster">$INFO[Window(home).Property(RecentMovie.7.Art(poster))]</property>
            <property name="Discart">$INFO[Window(home).Property(RecentMovie.7.Art(discart))]</property>
            <property name="Clearlogo">$INFO[Window(home).Property(RecentMovie.7.Art(clearlogo))]</property>
            <property name="Clearart">$INFO[Window(home).Property(RecentMovie.7.Art(clearart))]</property>
            <visible>!IsEmpty(Window(home).Property(RecentMovie.7.File))</visible>
        </item>
        <item id="8">
            <onclick>PlayMedia($ESCINFO[Window(home).Property(RecentMovie.8.File)])</onclick>
            <icon>$INFO[Window(home).Property(RecentMovie.8.Art(fanart))]</icon>
            <thumb>$INFO[Window(home).Property(RecentMovie.8.Art(fanart))]</thumb>
            <label>$INFO[Window(home).Property(RecentMovie.8.Title)]</label>
            <label2>$INFO[Window(home).Property(RecentMovie.8.Year)]$INFO[Window(home).Property(RecentMovie.8.Rating),  •  ,]</label2>
            <property name="Plot">$INFO[Window(home).Property(RecentMovie.8.Plot)]</property>
            <property name="Poster">$INFO[Window(home).Property(RecentMovie.8.Art(poster))]</property>
            <property name="Discart">$INFO[Window(home).Property(RecentMovie.8.Art(discart))]</property>
            <property name="Clearlogo">$INFO[Window(home).Property(RecentMovie.8.Art(clearlogo))]</property>
            <property name="Clearart">$INFO[Window(home).Property(RecentMovie.8.Art(clearart))]</property>
            <visible>!IsEmpty(Window(home).Property(RecentMovie.8.File))</visible>
        </item>
        <item id="9">
            <onclick>PlayMedia($ESCINFO[Window(home).Property(RecentMovie.9.File)])</onclick>
            <icon>$INFO[Window(home).Property(RecentMovie.9.Art(fanart))]</icon>
            <thumb>$INFO[Window(home).Property(RecentMovie.9.Art(fanart))]</thumb>
            <label>$INFO[Window(home).Property(RecentMovie.9.Title)]</label>
            <label2>$INFO[Window(home).Property(RecentMovie.9.Year)]$INFO[Window(home).Property(RecentMovie.9.Rating),  --  ,]</label2>
            <property name="Plot">$INFO[Window(home).Property(RecentMovie.9.Plot)]</property>
            <property name="Poster">$INFO[Window(home).Property(RecentMovie.9.Art(poster))]</property>
            <property name="Discart">$INFO[Window(home).Property(RecentMovie.9.Art(discart))]</property>
            <property name="Clearlogo">$INFO[Window(home).Property(RecentMovie.9.Art(clearlogo))]</property>
            <property name="Clearart">$INFO[Window(home).Property(RecentMovie.9.Art(clearart))]</property>
            <visible>!IsEmpty(Window(home).Property(RecentMovie.9.File))</visible>
        </item>
        <item id="10">
            <onclick>PlayMedia($ESCINFO[Window(home).Property(RecentMovie.10.File)])</onclick>
            <icon>$INFO[Window(home).Property(RecentMovie.10.Art(fanart))]</icon>
            <thumb>$INFO[Window(home).Property(RecentMovie.10.Art(fanart))]</thumb>
            <label>$INFO[Window(home).Property(RecentMovie.10.Title)]</label>
            <label2>$INFO[Window(home).Property(RecentMovie.10.Year)]$INFO[Window(home).Property(RecentMovie.10.Rating),  -  ,]</label2>
            <property name="Plot">$INFO[Window(home).Property(RecentMovie.10.Plot)]</property>
            <property name="Poster">$INFO[Window(home).Property(RecentMovie.10.Art(poster))]</property>
            <property name="Discart">$INFO[Window(home).Property(RecentMovie.10.Art(discart))]</property>
            <property name="Clearlogo">$INFO[Window(home).Property(RecentMovie.10.Art(clearlogo))]</property>
            <property name="Clearart">$INFO[Window(home).Property(RecentMovie.10.Art(clearart))]</property>
            <visible>!IsEmpty(Window(home).Property(RecentMovie.10.File))</visible>
        </item>
    </include>
<include name="RandomMovie">
        <item id="1">
            <onclick>PlayMedia($ESCINFO[Window(home).Property(RandomMovie.1.File)])</onclick>
            <icon>$INFO[Window(home).Property(RandomMovie.1.Art(fanart))]</icon>
            <thumb>$INFO[Window(home).Property(RandomMovie.1.Art(fanart))]</thumb>
            <label>$INFO[Window(home).Property(RandomMovie.1.Title)]</label>
            <label2>$INFO[Window(home).Property(RandomMovie.1.Year)]$INFO[Window(home).Property(RandomMovie.1.Rating),  •  ,]</label2>
            <property name="Plot">$INFO[Window(home).Property(RandomMovie.1.Plot)]</property>
            <property name="Poster">$INFO[Window(home).Property(RandomMovie.1.Art(poster))]</property>
            <property name="Discart">$INFO[Window(home).Property(RandomMovie.1.Art(discart))]</property>
            <property name="Clearlogo">$INFO[Window(home).Property(RandomMovie.1.Art(clearlogo))]</property>
            <property name="Clearart">$INFO[Window(home).Property(RandomMovie.1.Art(clearart))]</property>
            <visible>!IsEmpty(Window(home).Property(RandomMovie.1.File))</visible>
        </item>
        <item id="2">
            <onclick>PlayMedia($ESCINFO[Window(home).Property(RandomMovie.2.File)])</onclick>
            <icon>$INFO[Window(home).Property(RandomMovie.2.Art(fanart))]</icon>
            <thumb>$INFO[Window(home).Property(RandomMovie.2.Art(fanart))]</thumb>
            <label>$INFO[Window(home).Property(RandomMovie.2.Title)]</label>
            <label2>$INFO[Window(home).Property(RandomMovie.2.Year)]$INFO[Window(home).Property(RandomMovie.2.Rating),  •  ,]</label2>
            <property name="Plot">$INFO[Window(home).Property(RandomMovie.2.Plot)]</property>
            <property name="Poster">$INFO[Window(home).Property(RandomMovie.2.Art(poster))]</property>
            <property name="Discart">$INFO[Window(home).Property(RandomMovie.2.Art(discart))]</property>
            <property name="Clearlogo">$INFO[Window(home).Property(RandomMovie.2.Art(clearlogo))]</property>
            <property name="Clearart">$INFO[Window(home).Property(RandomMovie.2.Art(clearart))]</property>
            <visible>!IsEmpty(Window(home).Property(RandomMovie.2.File))</visible>
        </item>
        <item id="3">
            <onclick>PlayMedia($ESCINFO[Window(home).Property(RandomMovie.3.File)])</onclick>
            <icon>$INFO[Window(home).Property(RandomMovie.3.Art(fanart))]</icon>
            <thumb>$INFO[Window(home).Property(RandomMovie.3.Art(fanart))]</thumb>
            <label>$INFO[Window(home).Property(RandomMovie.3.Title)]</label>
            <label2>$INFO[Window(home).Property(RandomMovie.3.Year)]$INFO[Window(home).Property(RandomMovie.3.Rating),  •  ,]</label2>
            <property name="Plot">$INFO[Window(home).Property(RandomMovie.3.Plot)]</property>
            <property name="Poster">$INFO[Window(home).Property(RandomMovie.3.Art(Poster)]</property>
            <property name="Discart">$INFO[Window(home).Property(RandomMovie.3.Art(discart))]</property>
            <property name="Clearlogo">$INFO[Window(home).Property(RandomMovie.3.Art(clearlogo))]</property>
            <property name="Clearart">$INFO[Window(home).Property(RandomMovie.3.Art(clearart))]</property>
            <visible>!IsEmpty(Window(home).Property(RandomMovie.3.File))</visible>
        </item>
        <item id="4">
            <onclick>PlayMedia($ESCINFO[Window(home).Property(RandomMovie.4.File)])</onclick>
            <icon>$INFO[Window(home).Property(RandomMovie.4.Art(fanart))]</icon>
            <thumb>$INFO[Window(home).Property(RandomMovie.4.Art(fanart))]</thumb>
            <label>$INFO[Window(home).Property(RandomMovie.4.Title)]</label>
            <label2>$INFO[Window(home).Property(RandomMovie.4.Year)]$INFO[Window(home).Property(RandomMovie.4.Rating),  •  ,]</label2>
            <property name="Plot">$INFO[Window(home).Property(RandomMovie.4.Plot)]</property>
            <property name="Poster">$INFO[Window(home).Property(RandomMovie.4.Art(Poster)]</property>
            <property name="Discart">$INFO[Window(home).Property(RandomMovie.4.Art(discart))]</property>
            <property name="Clearlogo">$INFO[Window(home).Property(RandomMovie.4.Art(clearlogo))]</property>
            <property name="Clearart">$INFO[Window(home).Property(RandomMovie.4.Art(clearart))]</property>
            <visible>!IsEmpty(Window(home).Property(RandomMovie.4.File))</visible>
        </item>
        <item id="5">
            <onclick>PlayMedia($ESCINFO[Window(home).Property(RandomMovie.5.File)])</onclick>
            <icon>$INFO[Window(home).Property(RandomMovie.5.Art(fanart))]</icon>
            <thumb>$INFO[Window(home).Property(RandomMovie.5.Art(fanart))]</thumb>
            <label>$INFO[Window(home).Property(RandomMovie.5.Title)]</label>
            <label2>$INFO[Window(home).Property(RandomMovie.5.Year)]$INFO[Window(home).Property(RandomMovie.5.Rating),  •  ,]</label2>
            <property name="Plot">$INFO[Window(home).Property(RandomMovie.5.Plot)]</property>
            <property name="Poster">$INFO[Window(home).Property(RandomMovie.5.Art(poster))]</property>
            <property name="Discart">$INFO[Window(home).Property(RandomMovie.5.Art(discart))]</property>
            <property name="Clearlogo">$INFO[Window(home).Property(RandomMovie.5.Art(clearlogo))]</property>
            <property name="Clearart">$INFO[Window(home).Property(RandomMovie.5.Art(clearart))]</property>
            <visible>!IsEmpty(Window(home).Property(RandomMovie.5.File))</visible>
        </item>
        <item id="6">
            <onclick>PlayMedia($ESCINFO[Window(home).Property(RandomMovie.6.File)])</onclick>
            <icon>$INFO[Window(home).Property(RandomMovie.6.Art(fanart))]</icon>
            <thumb>$INFO[Window(home).Property(RandomMovie.6.Art(fanart))]</thumb>
            <label>$INFO[Window(home).Property(RandomMovie.6.Title)]</label>
            <label2>$INFO[Window(home).Property(RandomMovie.6.Year)]$INFO[Window(home).Property(RandomMovie.6.Rating),  •  ,]</label2>
            <property name="Plot">$INFO[Window(home).Property(RandomMovie.6.Plot)]</property>
            <property name="Poster">$INFO[Window(home).Property(RandomMovie.6.Art(poster))]</property>
            <property name="Discart">$INFO[Window(home).Property(RandomMovie.6.Art(discart))]</property>
            <property name="Clearlogo">$INFO[Window(home).Property(RandomMovie.6.Art(clearlogo))]</property>
            <property name="Clearart">$INFO[Window(home).Property(RandomMovie.6.Art(clearart))]</property>
            <visible>!IsEmpty(Window(home).Property(RandomMovie.6.File))</visible>
        </item>
        <item id="7">
            <onclick>PlayMedia($ESCINFO[Window(home).Property(RandomMovie.7.File)])</onclick>
            <icon>$INFO[Window(home).Property(RandomMovie.7.Art(fanart))]</icon>
            <thumb>$INFO[Window(home).Property(RandomMovie.7.Art(fanart))]</thumb>
            <label>$INFO[Window(home).Property(RandomMovie.7.Title)]</label>
            <label2>$INFO[Window(home).Property(RandomMovie.7.Year)]$INFO[Window(home).Property(RandomMovie.7.Rating),  •  ,]</label2>
            <property name="Plot">$INFO[Window(home).Property(RandomMovie.7.Plot)]</property>
            <property name="Poster">$INFO[Window(home).Property(RandomMovie.7.Art(poster))]</property>
            <property name="Discart">$INFO[Window(home).Property(RandomMovie.7.Art(discart))]</property>
            <property name="Clearlogo">$INFO[Window(home).Property(RandomMovie.7.Art(clearlogo))]</property>
            <property name="Clearart">$INFO[Window(home).Property(RandomMovie.7.Art(clearart))]</property>
            <visible>!IsEmpty(Window(home).Property(RandomMovie.7.File))</visible>
        </item>
        <item id="8">
            <onclick>PlayMedia($ESCINFO[Window(home).Property(RandomMovie.8.File)])</onclick>
            <icon>$INFO[Window(home).Property(RandomMovie.8.Art(fanart))]</icon>
            <thumb>$INFO[Window(home).Property(RandomMovie.8.Art(fanart))]</thumb>
            <label>$INFO[Window(home).Property(RandomMovie.8.Title)]</label>
            <label2>$INFO[Window(home).Property(RandomMovie.8.Year)]$INFO[Window(home).Property(RandomMovie.8.Rating),  •  ,]</label2>
            <property name="Plot">$INFO[Window(home).Property(RandomMovie.8.Plot)]</property>
            <property name="Poster">$INFO[Window(home).Property(RandomMovie.8.Art(poster))]</property>
            <property name="Discart">$INFO[Window(home).Property(RandomMovie.8.Art(discart))]</property>
            <property name="Clearlogo">$INFO[Window(home).Property(RandomMovie.8.Art(clearlogo))]</property>
            <property name="Clearart">$INFO[Window(home).Property(RandomMovie.8.Art(clearart))]</property>
            <visible>!IsEmpty(Window(home).Property(RandomMovie.8.File))</visible>
        </item>
        <item id="9">
            <onclick>PlayMedia($ESCINFO[Window(home).Property(RandomMovie.9.File)])</onclick>
            <icon>$INFO[Window(home).Property(RandomMovie.9.Art(fanart))]</icon>
            <thumb>$INFO[Window(home).Property(RandomMovie.9.Art(fanart))]</thumb>
            <label>$INFO[Window(home).Property(RandomMovie.9.Title)]</label>
            <label2>$INFO[Window(home).Property(RandomMovie.9.Year)]$INFO[Window(home).Property(RandomMovie.9.Rating),  --  ,]</label2>
            <property name="Plot">$INFO[Window(home).Property(RandomMovie.9.Plot)]</property>
            <property name="Poster">$INFO[Window(home).Property(RandomMovie.9.Art(poster))]</property>
            <property name="Discart">$INFO[Window(home).Property(RandomMovie.9.Art(discart))]</property>
            <property name="Clearlogo">$INFO[Window(home).Property(RandomMovie.9.Art(clearlogo))]</property>
            <property name="Clearart">$INFO[Window(home).Property(RandomMovie.9.Art(clearart))]</property>
            <visible>!IsEmpty(Window(home).Property(RandomMovie.9.File))</visible>
        </item>
        <item id="10">
            <onclick>PlayMedia($ESCINFO[Window(home).Property(RandomMovie.10.File)])</onclick>
            <icon>$INFO[Window(home).Property(RandomMovie.10.Art(fanart))]</icon>
            <thumb>$INFO[Window(home).Property(RandomMovie.10.Art(fanart))]</thumb>
            <label>$INFO[Window(home).Property(RandomMovie.10.Title)]</label>
            <label2>$INFO[Window(home).Property(RandomMovie.10.Year)]$INFO[Window(home).Property(RandomMovie.10.Rating),  -  ,]</label2>
            <property name="Plot">$INFO[Window(home).Property(RandomMovie.10.Plot)]</property>
            <property name="Poster">$INFO[Window(home).Property(RandomMovie.10.Art(poster))]</property>
            <property name="Discart">$INFO[Window(home).Property(RandomMovie.10.Art(discart))]</property>
            <property name="Clearlogo">$INFO[Window(home).Property(RandomMovie.10.Art(clearlogo))]</property>
            <property name="Clearart">$INFO[Window(home).Property(RandomMovie.10.Art(clearart))]</property>
            <visible>!IsEmpty(Window(home).Property(RandomMovie.10.File))</visible>
        </item>
        <item id="11">
            <onclick>PlayMedia($ESCINFO[Window(home).Property(RandomMovie.11.File)])</onclick>
            <icon>$INFO[Window(home).Property(RandomMovie.11.Art(fanart))]</icon>
            <thumb>$INFO[Window(home).Property(RandomMovie.11.Art(fanart))]</thumb>
            <label>$INFO[Window(home).Property(RandomMovie.11.Title)]</label>
            <label2>$INFO[Window(home).Property(RandomMovie.11.Year)]$INFO[Window(home).Property(RandomMovie.11.Rating),  -  ,]</label2>
            <property name="Plot">$INFO[Window(home).Property(RandomMovie.11.Plot)]</property>
            <property name="Poster">$INFO[Window(home).Property(RandomMovie.11.Art(poster))]</property>
            <property name="Discart">$INFO[Window(home).Property(RandomMovie.11.Art(discart))]</property>
            <property name="Clearlogo">$INFO[Window(home).Property(RandomMovie.11.Art(clearlogo))]</property>
            <property name="Clearart">$INFO[Window(home).Property(RandomMovie.11.Art(clearart))]</property>
            <visible>!IsEmpty(Window(home).Property(RandomMovie.11.File))</visible>
        </item>
        <item id="12">
            <onclick>PlayMedia($ESCINFO[Window(home).Property(RandomMovie.12.File)])</onclick>
            <icon>$INFO[Window(home).Property(RandomMovie.12.Art(fanart))]</icon>
            <thumb>$INFO[Window(home).Property(RandomMovie.12.Art(fanart))]</thumb>
            <label>$INFO[Window(home).Property(RandomMovie.12.Title)]</label>
            <label2>$INFO[Window(home).Property(RandomMovie.12.Year)]$INFO[Window(home).Property(RandomMovie.12.Rating),  -  ,]</label2>
            <property name="Plot">$INFO[Window(home).Property(RandomMovie.12.Plot)]</property>
            <property name="Poster">$INFO[Window(home).Property(RandomMovie.12.Art(poster))]</property>
            <property name="Discart">$INFO[Window(home).Property(RandomMovie.12.Art(discart))]</property>
            <property name="Clearlogo">$INFO[Window(home).Property(RandomMovie.12.Art(clearlogo))]</property>
            <property name="Clearart">$INFO[Window(home).Property(RandomMovie.12.Art(clearart))]</property>
            <visible>!IsEmpty(Window(home).Property(RandomMovie.12.File))</visible>
        </item> 
        <item id="13">
            <onclick>PlayMedia($ESCINFO[Window(home).Property(RandomMovie.13.File)])</onclick>
            <icon>$INFO[Window(home).Property(RandomMovie.13.Art(fanart))]</icon>
            <thumb>$INFO[Window(home).Property(RandomMovie.13.Art(fanart))]</thumb>
            <label>$INFO[Window(home).Property(RandomMovie.13.Title)]</label>
            <label2>$INFO[Window(home).Property(RandomMovie.13.Year)]$INFO[Window(home).Property(RandomMovie.13.Rating),  -  ,]</label2>
            <property name="Plot">$INFO[Window(home).Property(RandomMovie.13.Plot)]</property>
            <property name="Poster">$INFO[Window(home).Property(RandomMovie.13.Art(poster))]</property>
            <property name="Discart">$INFO[Window(home).Property(RandomMovie.13.Art(discart))]</property>
            <property name="Clearlogo">$INFO[Window(home).Property(RandomMovie.13.Art(clearlogo))]</property>
            <property name="Clearart">$INFO[Window(home).Property(RandomMovie.13.Art(clearart))]</property>
            <visible>!IsEmpty(Window(home).Property(RandomMovie.13.File))</visible>
        </item>
        <item id="14">
            <onclick>PlayMedia($ESCINFO[Window(home).Property(RandomMovie.14.File)])</onclick>
            <icon>$INFO[Window(home).Property(RandomMovie.14.Art(fanart))]</icon>
            <thumb>$INFO[Window(home).Property(RandomMovie.14.Art(fanart))]</thumb>
            <label>$INFO[Window(home).Property(RandomMovie.14.Title)]</label>
            <label2>$INFO[Window(home).Property(RandomMovie.14.Year)]$INFO[Window(home).Property(RandomMovie.14.Rating),  -  ,]</label2>
            <property name="Plot">$INFO[Window(home).Property(RandomMovie.14.Plot)]</property>
            <property name="Poster">$INFO[Window(home).Property(RandomMovie.14.Art(poster))]</property>
            <property name="Discart">$INFO[Window(home).Property(RandomMovie.14.Art(discart))]</property>
            <property name="Clearlogo">$INFO[Window(home).Property(RandomMovie.14.Art(clearlogo))]</property>
            <property name="Clearart">$INFO[Window(home).Property(RandomMovie.14.Art(clearart))]</property>
            <visible>!IsEmpty(Window(home).Property(RandomMovie.14.File))</visible>
        </item>                         
    </include> 

    <include name="RecentEpisode">
        <item id="1">
            <onclick>PlayMedia($ESCINFO[Window(home).Property(RecentEpisode.1.File)])</onclick>
            <icon>$INFO[Window(home).Property(RecentEpisode.1.Art(tvshow.fanart))]</icon>
            <thumb>$INFO[Window(home).Property(RecentEpisode.1.Art(tvshow.fanart))]</thumb>
            <label>$INFO[Window(home).Property(RecentEpisode.1.TvShowTitle)]</label>
            <label2>$INFO[Window(home).Property(RecentEpisode.1.Title)]$INFO[Window(home).Property(RecentEpisode.1.EpisodeNo), • [UPPERCASE],[/UPPERCASE]]</label2>
            <property name="Plot">$INFO[Window(home).Property(RecentEpisode.1.Plot)]</property>
            <property name="Poster">$INFO[Window(home).Property(RecentEpisode.1.Art(tvshow.poster))]</property>
            <property name="Discart">$INFO[Window(home).Property(RecentEpisode.1.Art(tvshow.discart))]</property>
            <property name="Clearlogo">$INFO[Window(home).Property(RecentEpisode.1.Art(tvshow.clearlogo))]</property>
            <property name="Clearart">$INFO[Window(home).Property(RecenMovie.1.Art(tvshowtvshow.clearart))]</property>
            <visible>!IsEmpty(Window(home).Property(RecentEpisode.1.File))</visible>
        </item>

        <item id="2">
            <onclick>PlayMedia($ESCINFO[Window(home).Property(RecentEpisode.2.File)])</onclick>
            <icon>$INFO[Window(home).Property(RecentEpisode.2.Art(tvshow.fanart))]</icon>
            <thumb>$INFO[Window(home).Property(RecentEpisode.2.Art(tvshow.fanart))]</thumb>
            <label>$INFO[Window(home).Property(RecentEpisode.2.TvShowTitle)]</label>
            <label2>$INFO[Window(home).Property(RecentEpisode.2.Title)]$INFO[Window(home).Property(RecentEpisode.2.EpisodeNo), • [UPPERCASE],[/UPPERCASE]]</label2>
            <property name="Plot">$INFO[Window(home).Property(RecentEpisode.2.Plot)]</property>
            <property name="Poster">$INFO[Window(home).Property(RecentEpisode.2.Art(tvshow.poster))]</property>
            <property name="Discart">$INFO[Window(home).Property(RecentEpisode.2.Art(tvshow.discart))]</property>
            <property name="Clearlogo">$INFO[Window(home).Property(RecentEpisode.2.Art(tvshow.clearlogo))]</property>
            <property name="Clearart">$INFO[Window(home).Property(RecentEpisode.2.Art(tvshow.clearart))]</property>
            <visible>!IsEmpty(Window(home).Property(RecentEpisode.2.File))</visible>
        </item>

        <item id="3">
            <onclick>PlayMedia($ESCINFO[Window(home).Property(RecentEpisode.3.File)])</onclick>
            <icon>$INFO[Window(home).Property(RecentEpisode.3.Art(tvshow.fanart))]</icon>
            <thumb>$INFO[Window(home).Property(RecentEpisode.3.Art(tvshow.fanart))]</thumb>
            <label>$INFO[Window(home).Property(RecentEpisode.3.TvShowTitle)]</label>
            <label2>$INFO[Window(home).Property(RecentEpisode.3.Title)]$INFO[Window(home).Property(RecentEpisode.3.EpisodeNo), • [UPPERCASE],[/UPPERCASE]]</label2>
            <property name="Poster">$INFO[Window(home).Property(RecentEpisode.3.Art(tvshow.poster))]</property>
            <property name="Discart">$INFO[Window(home).Property(RecentEpisode.3.Art(tvshow.discart))]</property>
            <property name="Clearlogo">$INFO[Window(home).Property(RecentEpisode.3.Art(tvshow.clearlogo))]</property>
            <property name="Clearart">$INFO[Window(home).Property(RecentEpisode.3.Art(tvshow.clearart))]</property>
            <visible>!IsEmpty(Window(home).Property(RecentEpisode.3.File))</visible>
        </item>
        <item id="4">
            <onclick>PlayMedia($ESCINFO[Window(home).Property(RecentEpisode.4.File)])</onclick>
            <icon>$INFO[Window(home).Property(RecentEpisode.4.Art(tvshow.fanart))]</icon>
            <thumb>$INFO[Window(home).Property(RecentEpisode.4.Art(tvshow.fanart))]</thumb>
            <label>$INFO[Window(home).Property(RecentEpisode.4.TvShowTitle)]</label>
            <label2>$INFO[Window(home).Property(RecentEpisode.4.Title)]$INFO[Window(home).Property(RecentEpisode.4.EpisodeNo), • [UPPERCASE],[/UPPERCASE]]</label2>
            <property name="Plot">$INFO[Window(home).Property(RecentEpisode.4.Plot)]</property>
            <property name="Poster">$INFO[Window(home).Property(RecentEpisode.4.Art(tvshow.poster))]</property>
            <property name="Discart">$INFO[Window(home).Property(RecentEpisode.4.Art(tvshow.discart))]</property>
            <property name="Clearlogo">$INFO[Window(home).Property(RecentEpisode.4.Art(tvshow.clearlogo))]</property>
            <property name="Clearart">$INFO[Window(home).Property(RecentEpisode.4.Art(tvshow.clearart))]</property>
            <visible>!IsEmpty(Window(home).Property(RecentEpisode.4.File))</visible>
        </item>
        <item id="5">
            <onclick>PlayMedia($ESCINFO[Window(home).Property(RecentEpisode.5.File)])</onclick>
            <icon>$INFO[Window(home).Property(RecentEpisode.5.Art(tvshow.fanart))]</icon>
            <thumb>$INFO[Window(home).Property(RecentEpisode.5.Art(tvshow.fanart))]</thumb>
            <label>$INFO[Window(home).Property(RecentEpisode.5.TvShowTitle)]</label>
            <label2>$INFO[Window(home).Property(RecentEpisode.5.Title)]$INFO[Window(home).Property(RecentEpisode.5.EpisodeNo), • [UPPERCASE],[/UPPERCASE]]</label2>
            <property name="Plot">$INFO[Window(home).Property(RecentEpisode.5.Plot)]</property>
            <property name="Poster">$INFO[Window(home).Property(RecentEpisode.5.Art(tvshow.poster))]</property>
            <property name="Discart">$INFO[Window(home).Property(RecentEpisode.5.Art(tvshow.discart))]</property>
            <property name="Clearlogo">$INFO[Window(home).Property(RecentEpisode.5.Art(tvshow.clearlogo))]</property>
            <property name="Clearart">$INFO[Window(home).Property(RecentEpisode.5.Art(tvshow.clearart))]</property>
            <visible>!IsEmpty(Window(home).Property(RecentEpisode.5.File))</visible>
        </item>
        <item id="6">
            <onclick>PlayMedia($ESCINFO[Window(home).Property(RecentEpisode.6.File)])</onclick>
            <icon>$INFO[Window(home).Property(RecentEpisode.6.Art(tvshow.fanart))]</icon>
            <thumb>$INFO[Window(home).Property(RecentEpisode.6.Art(tvshow.fanart))]</thumb>
            <label>$INFO[Window(home).Property(RecentEpisode.6.TvShowTitle)]</label>
            <label2>$INFO[Window(home).Property(RecentEpisode.6.Title)]$INFO[Window(home).Property(RecentEpisode.6.EpisodeNo), • [UPPERCASE],[/UPPERCASE]]</label2>
            <property name="Plot">$INFO[Window(home).Property(RecentEpisode.6.Plot)]</property>
            <property name="Poster">$INFO[Window(home).Property(RecentEpisode.6.Art(tvshow.poster))]</property>
            <property name="Discart">$INFO[Window(home).Property(RecentEpisode.6.Art(tvshow.discart))]</property>
            <property name="Clearlogo">$INFO[Window(home).Property(RecentEpisode.6.Art(tvshow.clearlogo))]</property>
            <property name="Clearart">$INFO[Window(home).Property(RecentEpisode.6.Art(tvshow.clearart))]</property>
            <visible>!IsEmpty(Window(home).Property(RecentEpisode.6.File))</visible>
        </item>
        <item id="7">
            <onclick>PlayMedia($ESCINFO[Window(home).Property(RecentEpisode.7.File)])</onclick>
            <icon>$INFO[Window(home).Property(RecentEpisode.7.Art(tvshow.fanart))]</icon>
            <thumb>$INFO[Window(home).Property(RecentEpisode.7.Art(tvshow.fanart))]</thumb>
            <label>$INFO[Window(home).Property(RecentEpisode.7.TvShowTitle)]</label>
            <label2>$INFO[Window(home).Property(RecentEpisode.7.Title)]$INFO[Window(home).Property(RecentEpisode.7.EpisodeNo), • [UPPERCASE],[/UPPERCASE]]</label2>
            <property name="Plot">$INFO[Window(home).Property(RecentEpisode.7.Plot)]</property>
            <property name="Poster">$INFO[Window(home).Property(RecentEpisode.7.Art(tvshow.poster))]</property>
            <property name="Discart">$INFO[Window(home).Property(RecentEpisode.7.Art(tvshow.discart))]</property>
            <property name="Clearlogo">$INFO[Window(home).Property(RecentEpisode.7.Art(tvshow.clearlogo))]</property>
            <property name="Clearart">$INFO[Window(home).Property(RecentEpisode.7.Art(tvshow.clearart))]</property>
            <visible>!IsEmpty(Window(home).Property(RecentEpisode.7.File))</visible>
        </item>
        <item id="8">
            <onclick>PlayMedia($ESCINFO[Window(home).Property(RecentEpisode.8.File)])</onclick>
            <icon>$INFO[Window(home).Property(RecentEpisode.8.Art(tvshow.fanart))]</icon>
            <thumb>$INFO[Window(home).Property(RecentEpisode.8.Art(tvshow.fanart))]</thumb>
            <label>$INFO[Window(home).Property(RecentEpisode.8.TvShowTitle)]</label>
            <label2>$INFO[Window(home).Property(RecentEpisode.8.Title)]$INFO[Window(home).Property(RecentEpisode.8.EpisodeNo), • [UPPERCASE],[/UPPERCASE]]</label2>
            <property name="Plot">$INFO[Window(home).Property(RecentEpisode.8.Plot)]</property>
            <property name="Poster">$INFO[Window(home).Property(RecentEpisode.8.Art(tvshow.poster))]</property>
            <property name="Discart">$INFO[Window(home).Property(RecentEpisode.8.Art(tvshow.discart))]</property>
            <property name="Clearlogo">$INFO[Window(home).Property(RecentEpisode.8.Art(tvshow.clearlogo))]</property>
            <property name="Clearart">$INFO[Window(home).Property(RecentEpisode.8.Art(tvshow.clearart))]</property>
            <visible>!IsEmpty(Window(home).Property(RecentEpisode.8.File))</visible>
        </item>
        <item id="9">
            <onclick>PlayMedia($ESCINFO[Window(home).Property(RecentEpisode.9.File)])</onclick>
            <icon>$INFO[Window(home).Property(RecentEpisode.9.Art(tvshow.fanart))]</icon>
            <thumb>$INFO[Window(home).Property(RecentEpisode.9.Art(tvshow.fanart))]</thumb>
            <label>$INFO[Window(home).Property(RecentEpisode.9.TvShowTitle)]</label>
            <label2>$INFO[Window(home).Property(RecentEpisode.9.Title)]$INFO[Window(home).Property(RecentEpisode.9.EpisodeNo), • [UPPERCASE],[/UPPERCASE]]</label2>
            <property name="Plot">$INFO[Window(home).Property(RecentEpisode.9.Plot)]</property>
            <property name="Poster">$INFO[Window(home).Property(RecentEpisode.9.Art(tvshow.poster))]</property>
            <property name="Discart">$INFO[Window(home).Property(RecentEpisode.9.Art(tvshow.discart))]</property>
            <property name="Clearlogo">$INFO[Window(home).Property(RecentEpisode.9.Art(tvshow.clearlogo))]</property>
            <property name="Clearart">$INFO[Window(home).Property(RecentEpisode.9.Art(tvshow.clearart))]</property>
            <visible>!IsEmpty(Window(home).Property(RecentEpisode.9.File))</visible>
        </item>
        <item id="10">
            <onclick>PlayMedia($ESCINFO[Window(home).Property(RecentEpisode.10.File)])</onclick>
            <icon>$INFO[Window(home).Property(RecentEpisode.10.Art(tvshow.fanart))]</icon>
            <thumb>$INFO[Window(home).Property(RecentEpisode.10.Art(tvshow.fanart))]</thumb>
            <label>$INFO[Window(home).Property(RecentEpisode.10.TvShowTitle)]</label>
            <label2>$INFO[Window(home).Property(RecentEpisode.10.Title)]$INFO[Window(home).Property(RecentEpisode.10.EpisodeNo), • [UPPERCASE],[/UPPERCASE]]</label2>
            <property name="Plot">$INFO[Window(home).Property(RecentEpisode.10.Plot)]</property>
            <property name="Poster">$INFO[Window(home).Property(RecentEpisode.10.Art(tvshow.poster))]</property>
            <property name="Discart">$INFO[Window(home).Property(RecentEpisode.10.Art(tvshow.discart))]</property>
            <property name="Clearlogo">$INFO[Window(home).Property(RecentEpisode.10.Art(tvshow.clearlogo))]</property>
            <property name="Clearart">$INFO[Window(home).Property(RecentEpisode.10.Art(tvshow.clearart))]</property>
            <visible>!IsEmpty(Window(home).Property(RecentEpisode.10.File))</visible>
        </item>
</include>

    <include name="RandomEpisode">
        <item id="1">
            <onclick>PlayMedia($ESCINFO[Window(home).Property(RandomEpisode.1.File)])</onclick>
            <icon>$INFO[Window(home).Property(RandomEpisode.1.Art(tvshow.fanart))]</icon>
            <thumb>$INFO[Window(home).Property(RandomEpisode.1.Art(tvshow.fanart))]</thumb>
            <label>$INFO[Window(home).Property(RandomEpisode.1.TvShowTitle)]</label>
            <label2>$INFO[Window(home).Property(RandomEpisode.1.Title)]$INFO[Window(home).Property(RandomEpisode.1.EpisodeNo), • [UPPERCASE],[/UPPERCASE]]</label2>
            <property name="Plot">$INFO[Window(home).Property(RandomEpisode.1.Plot)]</property>
            <property name="Poster">$INFO[Window(home).Property(RandomEpisode.1.Art(tvshow.poster))]</property>
            <property name="Discart">$INFO[Window(home).Property(RandomEpisode.1.Art(tvshow.discart))]</property>
            <property name="Clearlogo">$INFO[Window(home).Property(RandomEpisode.1.Art(tvshow.clearlogo))]</property>
            <property name="Clearart">$INFO[Window(home).Property(RandomMovie.1.Art(tvshowtvshow.clearart))]</property>
            <visible>!IsEmpty(Window(home).Property(RandomEpisode.1.File))</visible>
        </item>

        <item id="2">
            <onclick>PlayMedia($ESCINFO[Window(home).Property(RandomEpisode.2.File)])</onclick>
            <icon>$INFO[Window(home).Property(RandomEpisode.2.Art(tvshow.fanart))]</icon>
            <thumb>$INFO[Window(home).Property(RandomEpisode.2.Art(tvshow.fanart))]</thumb>
            <label>$INFO[Window(home).Property(RandomEpisode.2.TvShowTitle)]</label>
            <label2>$INFO[Window(home).Property(RandomEpisode.2.Title)]$INFO[Window(home).Property(RandomEpisode.2.EpisodeNo), • [UPPERCASE],[/UPPERCASE]]</label2>
            <property name="Plot">$INFO[Window(home).Property(RandomEpisode.2.Plot)]</property>
            <property name="Poster">$INFO[Window(home).Property(RandomEpisode.2.Art(tvshow.poster))]</property>
            <property name="Discart">$INFO[Window(home).Property(RandomEpisode.2.Art(tvshow.discart))]</property>
            <property name="Clearlogo">$INFO[Window(home).Property(RandomEpisode.2.Art(tvshow.clearlogo))]</property>
            <property name="Clearart">$INFO[Window(home).Property(RandomEpisode.2.Art(tvshow.clearart))]</property>
            <visible>!IsEmpty(Window(home).Property(RandomEpisode.2.File))</visible>
        </item>

        <item id="3">
            <onclick>PlayMedia($ESCINFO[Window(home).Property(RandomEpisode.3.File)])</onclick>
            <icon>$INFO[Window(home).Property(RandomEpisode.3.Art(tvshow.fanart))]</icon>
            <thumb>$INFO[Window(home).Property(RandomEpisode.3.Art(tvshow.fanart))]</thumb>
            <label>$INFO[Window(home).Property(RandomEpisode.3.TvShowTitle)]</label>
            <label2>$INFO[Window(home).Property(RandomEpisode.3.Title)]$INFO[Window(home).Property(RandomEpisode.3.EpisodeNo), • [UPPERCASE],[/UPPERCASE]]</label2>
            <property name="Poster">$INFO[Window(home).Property(RandomEpisode.3.Art(tvshow.poster))]</property>
            <property name="Discart">$INFO[Window(home).Property(RandomEpisode.3.Art(tvshow.discart))]</property>
            <property name="Clearlogo">$INFO[Window(home).Property(RandomEpisode.3.Art(tvshow.clearlogo))]</property>
            <property name="Clearart">$INFO[Window(home).Property(RandomEpisode.3.Art(tvshow.clearart))]</property>
            <visible>!IsEmpty(Window(home).Property(RandomEpisode.3.File))</visible>
        </item>
        <item id="4">
            <onclick>PlayMedia($ESCINFO[Window(home).Property(RandomEpisode.4.File)])</onclick>
            <icon>$INFO[Window(home).Property(RandomEpisode.4.Art(tvshow.fanart))]</icon>
            <thumb>$INFO[Window(home).Property(RandomEpisode.4.Art(tvshow.fanart))]</thumb>
            <label>$INFO[Window(home).Property(RandomEpisode.4.TvShowTitle)]</label>
            <label2>$INFO[Window(home).Property(RandomEpisode.4.Title)]$INFO[Window(home).Property(RandomEpisode.4.EpisodeNo), • [UPPERCASE],[/UPPERCASE]]</label2>
            <property name="Plot">$INFO[Window(home).Property(RandomEpisode.4.Plot)]</property>
            <property name="Poster">$INFO[Window(home).Property(RandomEpisode.4.Art(tvshow.poster))]</property>
            <property name="Discart">$INFO[Window(home).Property(RandomEpisode.4.Art(tvshow.discart))]</property>
            <property name="Clearlogo">$INFO[Window(home).Property(RandomtEpisode.4.Art(tvshow.clearlogo))]</property>
            <property name="Clearart">$INFO[Window(home).Property(RandomEpisode.4.Art(tvshow.clearart))]</property>
            <visible>!IsEmpty(Window(home).Property(RandomEpisode.4.File))</visible>
        </item>
        <item id="5">
            <onclick>PlayMedia($ESCINFO[Window(home).Property(RandomEpisode.5.File)])</onclick>
            <icon>$INFO[Window(home).Property(RandomEpisode.5.Art(tvshow.fanart))]</icon>
            <thumb>$INFO[Window(home).Property(RandomEpisode.5.Art(tvshow.fanart))]</thumb>
            <label>$INFO[Window(home).Property(RandomEpisode.5.TvShowTitle)]</label>
            <label2>$INFO[Window(home).Property(RandomEpisode.5.Title)]$INFO[Window(home).Property(RandomEpisode.5.EpisodeNo), • [UPPERCASE],[/UPPERCASE]]</label2>
            <property name="Plot">$INFO[Window(home).Property(RandomEpisode.5.Plot)]</property>
            <property name="Poster">$INFO[Window(home).Property(RandomEpisode.5.Art(tvshow.poster))]</property>
            <property name="Discart">$INFO[Window(home).Property(RandomEpisode.5.Art(tvshow.discart))]</property>
            <property name="Clearlogo">$INFO[Window(home).Property(RandomEpisode.5.Art(tvshow.clearlogo))]</property>
            <property name="Clearart">$INFO[Window(home).Property(RandomEpisode.5.Art(tvshow.clearart))]</property>
            <visible>!IsEmpty(Window(home).Property(RandomEpisode.5.File))</visible>
        </item>
        <item id="6">
            <onclick>PlayMedia($ESCINFO[Window(home).Property(RandomEpisode.6.File)])</onclick>
            <icon>$INFO[Window(home).Property(RandomEpisode.6.Art(tvshow.fanart))]</icon>
            <thumb>$INFO[Window(home).Property(RandomEpisode.6.Art(tvshow.fanart))]</thumb>
            <label>$INFO[Window(home).Property(RandomEpisode.6.TvShowTitle)]</label>
            <label2>$INFO[Window(home).Property(RandomEpisode.6.Title)]$INFO[Window(home).Property(RandomEpisode.6.EpisodeNo), • [UPPERCASE],[/UPPERCASE]]</label2>
            <property name="Plot">$INFO[Window(home).Property(RandomEpisode.6.Plot)]</property>
            <property name="Poster">$INFO[Window(home).Property(RandomEpisode.6.Art(tvshow.poster))]</property>
            <property name="Discart">$INFO[Window(home).Property(RandomEpisode.6.Art(tvshow.discart))]</property>
            <property name="Clearlogo">$INFO[Window(home).Property(RandomEpisode.6.Art(tvshow.clearlogo))]</property>
            <property name="Clearart">$INFO[Window(home).Property(RandomEpisode.6.Art(tvshow.clearart))]</property>
            <visible>!IsEmpty(Window(home).Property(RandomEpisode.6.File))</visible>
        </item>
        <item id="7">
            <onclick>PlayMedia($ESCINFO[Window(home).Property(RandomEpisode.7.File)])</onclick>
            <icon>$INFO[Window(home).Property(RandomEpisode.7.Art(tvshow.fanart))]</icon>
            <thumb>$INFO[Window(home).Property(RandomEpisode.7.Art(tvshow.fanart))]</thumb>
            <label>$INFO[Window(home).Property(RandomEpisode.7.TvShowTitle)]</label>
            <label2>$INFO[Window(home).Property(RandomEpisode.7.Title)]$INFO[Window(home).Property(RandomEpisode.7.EpisodeNo), • [UPPERCASE],[/UPPERCASE]]</label2>
            <property name="Plot">$INFO[Window(home).Property(RandomEpisode.7.Plot)]</property>
            <property name="Poster">$INFO[Window(home).Property(RandomEpisode.7.Art(tvshow.poster))]</property>
            <property name="Discart">$INFO[Window(home).Property(RandomEpisode.7.Art(tvshow.discart))]</property>
            <property name="Clearlogo">$INFO[Window(home).Property(RandomEpisode.7.Art(tvshow.clearlogo))]</property>
            <property name="Clearart">$INFO[Window(home).Property(RandomEpisode.7.Art(tvshow.clearart))]</property>
            <visible>!IsEmpty(Window(home).Property(RandomEpisode.7.File))</visible>
        </item>
        <item id="8">
            <onclick>PlayMedia($ESCINFO[Window(home).Property(RandomEpisode.8.File)])</onclick>
            <icon>$INFO[Window(home).Property(RandomEpisode.8.Art(tvshow.fanart))]</icon>
            <thumb>$INFO[Window(home).Property(RandomEpisode.8.Art(tvshow.fanart))]</thumb>
            <label>$INFO[Window(home).Property(RandomEpisode.8.TvShowTitle)]</label>
            <label2>$INFO[Window(home).Property(RandomEpisode.8.Title)]$INFO[Window(home).Property(RandomEpisode.8.EpisodeNo), • [UPPERCASE],[/UPPERCASE]]</label2>
            <property name="Plot">$INFO[Window(home).Property(RandomEpisode.8.Plot)]</property>
            <property name="Poster">$INFO[Window(home).Property(RandomEpisode.8.Art(tvshow.poster))]</property>
            <property name="Discart">$INFO[Window(home).Property(RandomEpisode.8.Art(tvshow.discart))]</property>
            <property name="Clearlogo">$INFO[Window(home).Property(RandomEpisode.8.Art(tvshow.clearlogo))]</property>
            <property name="Clearart">$INFO[Window(home).Property(RandomEpisode.8.Art(tvshow.clearart))]</property>
            <visible>!IsEmpty(Window(home).Property(RandomEpisode.8.File))</visible>
        </item>
        <item id="9">
            <onclick>PlayMedia($ESCINFO[Window(home).Property(RandomEpisode.9.File)])</onclick>
            <icon>$INFO[Window(home).Property(RandomEpisode.9.Art(tvshow.fanart))]</icon>
            <thumb>$INFO[Window(home).Property(RandomEpisode.9.Art(tvshow.fanart))]</thumb>
            <label>$INFO[Window(home).Property(RandomEpisode.9.TvShowTitle)]</label>
            <label2>$INFO[Window(home).Property(RandomEpisode.9.Title)]$INFO[Window(home).Property(RandomEpisode.9.EpisodeNo), • [UPPERCASE],[/UPPERCASE]]</label2>
            <property name="Plot">$INFO[Window(home).Property(RandomEpisode.9.Plot)]</property>
            <property name="Poster">$INFO[Window(home).Property(RandomEpisode.9.Art(tvshow.poster))]</property>
            <property name="Discart">$INFO[Window(home).Property(RandomEpisode.9.Art(tvshow.discart))]</property>
            <property name="Clearlogo">$INFO[Window(home).Property(RandomEpisode.9.Art(tvshow.clearlogo))]</property>
            <property name="Clearart">$INFO[Window(home).Property(RandomEpisode.9.Art(tvshow.clearart))]</property>
            <visible>!IsEmpty(Window(home).Property(RandomEpisode.9.File))</visible>
        </item>
        <item id="10">
            <onclick>PlayMedia($ESCINFO[Window(home).Property(RandomEpisode.10.File)])</onclick>
            <icon>$INFO[Window(home).Property(RandomEpisode.10.Art(tvshow.fanart))]</icon>
            <thumb>$INFO[Window(home).Property(RandomEpisode.10.Art(tvshow.fanart))]</thumb>
            <label>$INFO[Window(home).Property(RandomEpisode.10.TvShowTitle)]</label>
            <label2>$INFO[Window(home).Property(RandomEpisode.10.Title)]$INFO[Window(home).Property(RandomEpisode.10.EpisodeNo), • [UPPERCASE],[/UPPERCASE]]</label2>
            <property name="Plot">$INFO[Window(home).Property(RandomEpisode.10.Plot)]</property>
            <property name="Poster">$INFO[Window(home).Property(RandomEpisode.10.Art(tvshow.poster))]</property>
            <property name="Discart">$INFO[Window(home).Property(RandomEpisode.10.Art(tvshow.discart))]</property>
            <property name="Clearlogo">$INFO[Window(home).Property(RandomEpisode.10.Art(tvshow.clearlogo))]</property>
            <property name="Clearart">$INFO[Window(home).Property(RandomEpisode.10.Art(tvshow.clearart))]</property>
            <visible>!IsEmpty(Window(home).Property(RandomEpisode.10.File))</visible>
        </item>
</include>
         
    <include name="Widget_0"><!-- סרטים - תצוגה מקדימה -->
            <content target="video"><include>RandomMovie</include></content> 
             <!--special://skin/extras/playlists/RandomMovies.xsp</content>-->          
    </include>

    <include name="Widget_1"><!-- סרטים - נוסף לאחרונה-->
            <content target="video"><include>RecentMovie</include></content>
    </include>
    
    <include name="Widget_3"><!-- סרטים - בתהליך-->
            <content target="video">plugin://service.library.data.provider?type=recommendedmovies&amp;reload=$INFO[Window.Property(recommendedmovies)])</content>
    </include>

    <include name="Widget_5"><!-- סדרות -תצוגה מקדימה-->
            <content target="video"><include>RandomEpisode</include></content>
			<!--special://skin/extras/playlists/RandomEpisodes.xsp</content>-->			
    </include>

    <include name="Widget_6"><!-- סדרות - נוסף לאחרונה-->
            <content target="video"><include>RecentEpisode</include></content>	
    </include>

    <include name="Widget_7"><!-- סדרות - בתהליך-->
            <content target="video">plugin://service.library.data.provider?type=recommendedepisodes&amp;reload=$INFO[Window.Property(recommendedepisodes)])</content>
    </include>    

    <include name="Widget_11"><!-- ברירת מחדל - תצוגה מקדימה בתהליך-->
            <content target="video"><include>MixedWidget</include></content>           
    </include>
    
    <include name="ContentPlaylistMoviesWidget"><content target="video">$INFO[Skin.String(movie.widget.playlist)]</content></include>
    <include name="ContentPlaylistEpisodesWidget"><content target="video">$INFO[Skin.String(tvshow.widget.playlist)]</content></include>
    
    <include name="ContentRecommendedMoviesWidget"><content target="video">plugin://service.library.data.provider?type=recommendedmovies&amp;reload=$INFO[Window(home).Property(recommendedmovies)]</content></include>
    <include name="ContentRecommendedEpisodesWidget"><content target="video">plugin://service.library.data.provider?type=recommendedepisodes&amp;reload=$INFO[Window(home).Property(recommendedepisodes)]</content></include>
    
    <include name="ContentRecentMoviesWidget"><content target="video"><include>RecentMovie</include></content></include>
    <!--<include name="ContentRecentMoviesWidget"><content target="video">videodb://recentlyaddedmovies/</content></include>--> 
    <!-- videodb://recentlyaddedmovies/  - מציג את המידע של הסרטים (אחרונים), כאשר לוחצים על האריח --> 
      
    <include name="ContentRecentEpisodesWidget"><content target="video">videodb://recentlyaddedepisodes/</content></include>
    
    <include name="ContentRandomMoviesWidget"><content target="video"><include>RandomMovie</include></content></include>
    <!--<include name="ContentRandomMoviesWidget"><content target="video">special://skin/extras/playlists/RandomMovies.xsp</content></include>--> 
    <!-- RandomMovies.xsp  - מציג את המידע של הסרטים (אקראים), כאשר לוחצים על האריח -->
                   
    <include name="ContentRandomEpisodesWidget"><content target="video">special://skin/extras/playlists/RandomEpisodes.xsp</content></include>
     <!-- RandomEpisodes.xsp  - מציג את המידע של הסדרות(אקראים), כאשר לוחצים על האריח -->
     
    <include name="ContentMixedWidget">
        <include condition="!IsEmpty(Skin.String(global.widget.path))">ContentGlobalWidgetPath</include>
        <include condition="IsEmpty(Skin.String(global.widget.path))">ContentMixedWidgetPath</include>
    </include>
    <include name="ContentMixedWidgetPath"><content target="video"><include>MixedWidget</include></content></include><!-- סרטים נוסף לאחרונה --> 
    <include name="ContentGlobalWidgetPath"><content target="video">$INFO[Skin.String(global.widget.path)]</content></include><!-- סרטים נוסף לאחרונה --> 
 <!--<include name="ContentGlobalWidgetPath"><content target="video"><include>MixedWidgetMovie</include></content></include>השינוי שלי --> 
 <!--<include name="ContentGlobalWidgetPath"><content target="video">$INFO[Skin.String(global.widget.path)]</content></include> מקורי --> 
   
    <include name="ContentYoutubeTrailers"><content target="video">plugin://plugin.video.youtube/?contact=trailers&amp;external=true&amp;feed=uploads&amp;login=false&amp;path=%2froot%2fexplore%2ftrailers</content></include>
    
    <include name="ContentLibraryRecentMoviesWidget"><content target="video">videodb://recentlyaddedmovies/</content></include>
    <include name="ContentLibraryRecentEpisodesWidget"><content target="video">videodb://recentlyaddedepisodes/</content></include>
    <include name="ContentLibraryRecentAlbumsWidget"><content target="music">musicdb://recentlyplayedalbums/</content></include>

    <variable name="9600WidgetVar">    
        <value condition="stringcompare(Skin.String(home.widget),ContentRandomEpisodesWidget)">special://skin/extras/playlists/RandomEpisodes.xsp</value>
        <value condition="stringcompare(Skin.String(home.widget),ContentRecentEpisodesWidget)">videodb://recentlyaddedepisodes/</value>
        <value condition="stringcompare(Skin.String(home.widget),ContentRecentMoviesWidget)">special://skin/extras/playlists/RandomMovies.xsp</value>
        <value condition="stringcompare(Skin.String(home.widget),ContentRandomMoviesWidget)">videodb://recentlyaddedmovies/</value>
    </variable>
    
    <variable name="WidgetHubLabel">
        <value condition="stringcompare(Window(home).Property(widget),episodes) + IsEmpty(Skin.String(home.502.bgwidget.type))">$LOCALIZE[31109] $LOCALIZE[20343]</value>
        <value condition="stringcompare(Window(home).Property(widget),episodes) + !IsEmpty(Skin.String(home.502.bgwidget.type))">$INFO[Skin.String(home.502.bgwidget.type)]</value>
        <value condition="stringcompare(Window(home).Property(widget),nextaired) + IsEmpty(Skin.String(home.503.bgwidget.type))">$LOCALIZE[31110] $LOCALIZE[20343]</value>
        <value condition="stringcompare(Window(home).Property(widget),nextaired) + !IsEmpty(Skin.String(home.503.bgwidget.type))">$INFO[Skin.String(home.503.bgwidget.type)]</value>
        <value condition="stringcompare(Window(home).Property(widget),movies) + IsEmpty(Skin.String(home.501.bgwidget.type))">$LOCALIZE[31109] $LOCALIZE[20342]</value>
        <value condition="stringcompare(Window(home).Property(widget),movies) + !IsEmpty(Skin.String(home.501.bgwidget.type))">$INFO[Skin.String(home.501.bgwidget.type)]</value>
        <value condition="stringcompare(Window(home).Property(widget),trailers) + IsEmpty(Skin.String(home.504.bgwidget.type))">$LOCALIZE[31193]</value>
        <value condition="stringcompare(Window(home).Property(widget),trailers) + !IsEmpty(Skin.String(home.504.bgwidget.type))">$INFO[Skin.String(home.504.bgwidget.type)]</value>
    </variable>
    
    <variable name="WidgetHubMoviesContent">
        <value condition="!IsEmpty(Skin.String(home.501.bgwidget))">$INFO[Skin.String(home.501.bgwidget)]</value>
        <value>videodb://recentlyaddedmovies/</value>
    </variable>
    <variable name="WidgetHubEpisodesContent">
        <value condition="!IsEmpty(Skin.String(home.502.bgwidget))">$INFO[Skin.String(home.502.bgwidget)]</value>
        <value>videodb://recentlyaddedepisodes/</value>
    </variable>
    <variable name="WidgetHubNextAiredContent">
        <value condition="!IsEmpty(Skin.String(home.503.bgwidget))">$INFO[Skin.String(home.503.bgwidget)]</value>
        <value>library://video/inprogressshows.xml/</value>
    </variable>
    <variable name="WidgetHubTrailersContent">
        <value condition="!IsEmpty(Skin.String(home.504.bgwidget))">$INFO[Skin.String(home.504.bgwidget)]</value>
        <value>plugin://plugin.video.youtube/?contact=trailers&amp;external=true&amp;feed=uploads&amp;login=false&amp;path=%2froot%2fexplore%2ftrailers</value>
    </variable>
    <variable name="WidgetHubAllContent">
        <value condition="stringcompare(Window(home).Property(widget),movies) + !IsEmpty(Skin.String(home.501.bgwidget))">$INFO[Skin.String(home.501.bgwidget)]</value>
        <value condition="stringcompare(Window(home).Property(widget),movies)">videodb://recentlyaddedmovies/</value>
        <value condition="stringcompare(Window(home).Property(widget),episodes) + !IsEmpty(Skin.String(home.502.bgwidget))">$INFO[Skin.String(home.502.bgwidget)]</value>
        <value condition="stringcompare(Window(home).Property(widget),episodes)">videodb://recentlyaddedepisodes/</value>
        <value condition="stringcompare(Window(home).Property(widget),nextaired) + !IsEmpty(Skin.String(home.503.bgwidget))">$INFO[Skin.String(home.503.bgwidget)]</value>
        <value condition="stringcompare(Window(home).Property(widget),nextaired)">library://video/inprogressshows.xml/</value>
        <value condition="stringcompare(Window(home).Property(widget),trailers) + !IsEmpty(Skin.String(home.504.bgwidget))">$INFO[Skin.String(home.504.bgwidget)]</value>
        <value condition="stringcompare(Window(home).Property(widget),trailers)">plugin://plugin.video.youtube/?contact=trailers&amp;external=true&amp;feed=uploads&amp;login=false&amp;path=%2froot%2fexplore%2ftrailers</value>
    </variable>
    <include name="WidgetHubListContent">
        <include>Animation.FadeIn</include>
        <posx>-115</posx>
        <posy>20</posy>
        <width>2120</width>
        <height>340</height>
        <onup>SetFocus(9512)</onup>
        <onback>300</onback>
        <ondown>300</ondown>
        <focusposition>2</focusposition>
        <scrolltime tween="quadratic">400</scrolltime>
        <orientation>horizontal</orientation>
        <itemlayout width="190" height="340">
            <control type="image">
                <width>220</width>
                <height>340</height>
                <texture diffuse="home/half-tile.png">$VAR[WidgetFanart]</texture>
                <aspectratio scalediffuse="false">scale</aspectratio>
            </control>
        </itemlayout>
        <focusedlayout width="1330" height="340">
            <control type="image">
                <width>600</width>
                <height>340</height>
                <texture diffuse="home/tile-600x340.png">$VAR[WidgetFanart]</texture>
                <aspectratio scalediffuse="false">scale</aspectratio>
            </control>
        </focusedlayout>
    </include>
    <include name="WidgetDownList">
        <control type="group">
            <posy>-1200</posy>
            <animation effect="slide" start="0" end="0,1600" time="0" condition="Control.HasFocus(9511)">Conditional</animation>
            <visible allowhiddenfocus="true">Control.HasFocus(9511)</visible>
            <animation effect="fade" start="0" end="100" time="350" delay="150">Visible</animation>
            <control type="image">
                <posy>0</posy>
                <texture colordiffuse="TopBarDark">common/white.png</texture>
                <height>380</height>
                <width>1920</width>
            </control>
            <control type="button" id="9512">
                <visible allowhiddenfocus="true">false</visible>
                
                <onfocus condition="stringcompare(Window(home).Property(widget),trailers)">SetProperty(widget,movies,home)</onfocus>
                <onfocus condition="stringcompare(Window(home).Property(widget),nextaired)">SetProperty(widget,trailers,home)</onfocus>
                <onfocus condition="stringcompare(Window(home).Property(widget),episodes)">SetProperty(widget,nextaired,home)</onfocus>
                <onfocus condition="stringcompare(Window(home).Property(widget),movies)">SetProperty(widget,episodes,home)</onfocus>
                <onfocus>SetFocus(9511)</onfocus>
            </control>

            <control type="wraplist" id="9511">
                <include>WidgetHubListContent</include>
                <content target="video">$VAR[WidgetHubAllContent]</content>
            </control>
            <control type="group">
                <visible>!IsEmpty(Container(9511).ListItem.Label)</visible>
                <posx>820</posx>
                <control type="image">
                    <posx>0</posx>
                    <posy>20</posy>
                    <width>820</width>
                    <height>340</height>
                    <texture colordiffuse="TopBarDark" border="100">home/tile-600x340.png</texture>                
                </control>
                <control type="grouplist">                    
                    <posx>70</posx>
                    <posy>40</posy>
                    <width>670</width>
                    <orientation>vertical</orientation>
                    <control type="label">
                        <label>$VAR[WidgetHubLabel]</label>
                        <aligny>top</aligny>
                        <align>center</align>
                        <height>35</height>
                    </control>
                    <control type="label">
                        <label>$INFO[Container(9511).ListItem.Label]</label>
                        <aligny>top</aligny>
                        <align>center</align>
                        <font>Font-WidgetInfoTitle</font>
                        <height>70</height>
                        <textcolor>Highlight</textcolor>
                    </control>
                    <control type="textbox">
                        <label>$INFO[Container(9511).ListItem.Plot]$INFO[Container(9511).ListItem.Property(Album_Description)]</label>
                        <aligny>top</aligny>
                        <align>center</align>
                        <height>120</height>
                        <font>Font-ListInfo</font>
                    </control>
                    <control type="label">
                        <label>$INFO[Container(9511).ListItem.Artist,,  •  ]$INFO[Container(9511).ListItem.TvShowTitle,,  •  ]$INFO[Container(9511).ListItem.Year]$INFO[Container(9511).ListItem.RatingAndVotes,  •  ,]</label>
                        <aligny>center</aligny>
                        <align>center</align>
                        <font>Font-ListInfo-Small</font>
                        <height>65</height>
                        <visible>!IsEmpty(Container(9511).ListItem.Year)</visible>
                    </control>
                    <control type="label">
                        <label>$INFO[Container(9511).ListItem.Artist,,  •  ]$INFO[Container(9511).ListItem.TvShowTitle]$INFO[Container(9511).ListItem.RatingAndVotes,  •  ,]</label>
                        <aligny>center</aligny>
                        <align>center</align>
                        <font>Font-ListInfo-Small</font>
                        <height>65</height>
                        <visible>IsEmpty(Container(9511).ListItem.Year)</visible>
                    </control>
                </control>
            </control>
        </control>
        
    </include>
    
</includes>
