<?xml version="1.0" encoding="UTF-8"?>
<includes>
<variable name="action_genesismovies">
                <value condition="!IsEmpty(Skin.String(Custom_Path))">$INFO[Skin.String(Custom_Path)]</value>
                <value>ActivateWindow(10025,&quot;plugin://plugin.video.genesis/?action=tvshows&amp;url=http%3a%2f%2fapi.themoviedb.org%2f3%2fdiscover%2ftv%3fapi_key%3d%25s%26with_genres%3d10759%26air_date.gte%3d2014-08-31%26air_date.lte%3d2015-08-31%26page%3d1&quot;,return)</value>
</variable>
<include name="QuickNavGenesisSdarotHub">
        <item id="1">
            <label> אקשן והרפתקאות </label>      
            <onclick>$VAR[action_genesismovies]</onclick>      
            <icon>special://skin/extras/icons/ActionMovies.png</icon>  
            <property name="Color">1</property>
        </item>
        <item id="2">
            <label> משפחה </label>      
            <onclick>ActivateWindow(10025,&quot;plugin://plugin.video.genesis/?action=tvshows&amp;url=http%3a%2f%2fapi.themoviedb.org%2f3%2fdiscover%2ftv%3fapi_key%3d%25s%26with_genres%3d10751%26air_date.gte%3d2014-08-31%26air_date.lte%3d2015-08-31%26page%3d1&quot;,return)</onclick>      
            <icon>special://skin/extras/icons/Advancers.png</icon>   
            <property name="Color">1</property>
        </item>
        <item id="3">
            <label> קומדיה </label>      
            <onclick>ActivateWindow(10025,&quot;plugin://plugin.video.genesis/?action=tvshows&amp;url=http%3a%2f%2fapi.themoviedb.org%2f3%2fdiscover%2ftv%3fapi_key%3d%25s%26with_genres%3d35%26air_date.gte%3d2014-08-31%26air_date.lte%3d2015-08-31%26page%3d1&quot;,return)</onclick>      
            <icon>special://skin/extras/icons/Comedy.png</icon>   
            <property name="Color">1</property>
        </item>
        <item id="4">
            <label> אנימציה </label>      
            <onclick>ActivateWindow(10025,&quot;plugin://plugin.video.genesis/?action=tvshows&amp;url=http%3a%2f%2fapi.themoviedb.org%2f3%2fdiscover%2ftv%3fapi_key%3d%25s%26with_genres%3d16%26air_date.gte%3d2014-08-31%26air_date.lte%3d2015-08-31%26page%3d1&quot;,return)</onclick>      
            <icon>special://skin/extras/icons/Animation.png</icon>   
            <property name="Color">1</property>
        </item>
        <item id="5">
            <label> מסתורין </label>      
            <onclick>ActivateWindow(10025,&quot;plugin://plugin.video.genesis/?action=tvshows&amp;url=http%3a%2f%2fapi.themoviedb.org%2f3%2fdiscover%2ftv%3fapi_key%3d%25s%26with_genres%3d9648%26air_date.gte%3d2014-08-31%26air_date.lte%3d2015-08-31%26page%3d1&quot;,return)</onclick>      
            <icon>special://skin/extras/icons/mistorin.png</icon>   
            <property name="Color">1</property>
        </item>
        <item id="6">
            <label> מדע בדיוני ופנטזיה </label>       
            <onclick>ActivateWindow(10025,&quot;plugin://plugin.video.genesis/?action=tvshows&amp;url=http%3a%2f%2fapi.themoviedb.org%2f3%2fdiscover%2ftv%3fapi_key%3d%25s%26with_genres%3d10765%26air_date.gte%3d2014-08-31%26air_date.lte%3d2015-08-31%26page%3d1&quot;,return)</onclick>      
            <icon>special://skin/extras/icons/ScienceFiction.png</icon>   
            <property name="Color">1</property>
        </item>
        <item id="7">
            <label> חדשות </label>      
            <onclick>ActivateWindow(10025,&quot;plugin://plugin.video.genesis/?action=tvshows&amp;url=http%3a%2f%2fapi.themoviedb.org%2f3%2fdiscover%2ftv%3fapi_key%3d%25s%26with_genres%3d10763%26air_date.gte%3d2014-08-31%26air_date.lte%3d2015-08-31%26page%3d1&quot;,return)</onclick>      
            <icon>special://skin/extras/icons/radio.png</icon>   
            <property name="Color">1</property>
        </item>             
    </include>			
<include name="QuickNavGenesisMoviesHub">
        <item id="1">
            <label> אקשן </label>      
            <onclick>ActivateWindow(10025,&quot;plugin://plugin.video.genesis/?action=movies&amp;url=http%3a%2f%2fapi.themoviedb.org%2f3%2fdiscover%2fmovie%3fapi_key%3d%25s%26with_genres%3d28%26primary_release_date.gte%3d2014-09-05%26primary_release_date.lte%3d2015-09-05%26page%3d1&quot;,return)</onclick>      
            <icon>special://skin/extras/icons/ActionMovies.png</icon>  
            <property name="Color">1</property>
        </item>
        <item id="2">
            <label> משפחה </label>      
            <onclick>ActivateWindow(10025,&quot;plugin://plugin.video.genesis/?action=movies&amp;url=http%3a%2f%2fapi.themoviedb.org%2f3%2fdiscover%2fmovie%3fapi_key%3d%25s%26with_genres%3d12%26primary_release_date.gte%3d2014-08-31%26primary_release_date.lte%3d2015-08-31%26page%3d1&quot;,return)</onclick>      
            <icon>special://skin/extras/icons/Advancers.png</icon>   
            <property name="Color">1</property>
        </item>
        <item id="3">
            <label> קומדיה </label>      
            <onclick>ActivateWindow(10025,&quot;plugin://plugin.video.genesis/?action=movies&amp;url=http%3a%2f%2fapi.themoviedb.org%2f3%2fdiscover%2fmovie%3fapi_key%3d%25s%26with_genres%3d35%26primary_release_date.gte%3d2014-08-31%26primary_release_date.lte%3d2015-08-31%26page%3d1&quot;,return)</onclick>      
            <icon>special://skin/extras/icons/Comedy.png</icon>   
            <property name="Color">1</property>
        </item>
        <item id="4">
            <label> אנימציה </label>      
            <onclick>ActivateWindow(10025,&quot;plugin://plugin.video.genesis/?action=movies&amp;url=http%3a%2f%2fapi.themoviedb.org%2f3%2fdiscover%2fmovie%3fapi_key%3d%25s%26with_genres%3d16%26primary_release_date.gte%3d2014-08-31%26primary_release_date.lte%3d2015-08-31%26page%3d1&quot;,return)</onclick>      
            <icon>special://skin/extras/icons/Animation.png</icon>   
            <property name="Color">1</property>
        </item>
        <item id="5">
            <label> מסתורין </label>      
            <onclick>ActivateWindow(10025,&quot;plugin://plugin.video.genesis/?action=movies&amp;url=http%3a%2f%2fapi.themoviedb.org%2f3%2fdiscover%2fmovie%3fapi_key%3d%25s%26with_genres%3d9648%26primary_release_date.gte%3d2014-08-31%26primary_release_date.lte%3d2015-08-31%26page%3d1&quot;,return)</onclick>      
            <icon>special://skin/extras/icons/mistorin.png</icon>   
            <property name="Color">1</property>
        </item>
        <item id="6">
            <label> מדע בדיוני </label>       
            <onclick>ActivateWindow(10025,&quot;plugin://plugin.video.genesis/?action=movies&amp;url=http%3a%2f%2fapi.themoviedb.org%2f3%2fdiscover%2fmovie%3fapi_key%3d%25s%26with_genres%3d878%26primary_release_date.gte%3d2014-08-31%26primary_release_date.lte%3d2015-08-31%26page%3d1&quot;,return)</onclick>      
            <icon>special://skin/extras/icons/ScienceFiction.png</icon>   
            <property name="Color">1</property>
        </item>
        <item id="7">
            <label> פשע </label>      
            <onclick>ActivateWindow(10025,&quot;plugin://plugin.video.genesis/?action=movies&amp;url=http%3a%2f%2fapi.themoviedb.org%2f3%2fdiscover%2fmovie%3fapi_key%3d%25s%26with_genres%3d80%26primary_release_date.gte%3d2014-08-31%26primary_release_date.lte%3d2015-08-31%26page%3d1&quot;,return)</onclick>      
            <icon>special://skin/extras/icons/crime.png</icon>   
            <property name="Color">1</property>
        </item>             
    </include>			
<include name="QuickNavPulsarsdarotHub">
        <item id="1">
            <label> אקשן </label>      
            <onclick>ActivateWindow(10025,&quot;plugin://plugin.video.pulsar/shows/popular/10759&quot;,return)</onclick>      
            <icon>special://skin/extras/icons/ActionMovies.png</icon>   
            <property name="Color">1</property>
        </item>
        <item id="2">
            <label> משפחה </label>      
            <onclick>ActivateWindow(10025,&quot;plugin://plugin.video.pulsar/shows/popular/10751&quot;,return)</onclick>      
            <icon>special://skin/extras/icons/Advancers.png</icon>   
            <property name="Color">1</property>
        </item>
        <item id="3">
            <label> קומדיה </label>      
            <onclick>ActivateWindow(10025,&quot;plugin://plugin.video.pulsar/shows/popular/35&quot;,return)</onclick>      
            <icon>special://skin/extras/icons/Comedy.png</icon>   
            <property name="Color">1</property>
        </item>
        <item id="4">
            <label> אנימציה </label>      
            <onclick>ActivateWindow(10025,&quot;plugin://plugin.video.pulsar/shows/popular/16&quot;,return)</onclick>      
            <icon>special://skin/extras/icons/Animation.png</icon>   
            <property name="Color">1</property>
        </item>
        <item id="5">
            <label> מסתורין </label>      
            <onclick>ActivateWindow(10025,&quot;plugin://plugin.video.pulsar/shows/popular/18&quot;,return)</onclick>      
            <icon>special://skin/extras/icons/mistorin.png</icon>   
            <property name="Color">1</property>
        </item>
        <item id="6">
            <label> דרמה </label>      
            <onclick>ActivateWindow(10025,&quot;plugin://plugin.video.pulsar/shows/popular/18&quot;,return)</onclick>      
            <icon>special://skin/extras/icons/Family.png</icon>   
            <property name="Color">1</property>
        </item>
        <item id="7">
            <label> מדע בדיוני </label>       
            <onclick>ActivateWindow(10025,&quot;plugin://plugin.video.pulsar/shows/popular/10765&quot;,return)</onclick>      
            <icon>special://skin/extras/icons/ScienceFiction.png</icon>   
            <property name="Color">1</property>
        </item>     
    </include>		
<include name="QuickNavPulsarHub">
        <item id="1">
            <label> iMDB - פופולארי </label>      
            <onclick>ActivateWindow(10025,&quot;plugin://plugin.video.pulsar/movies/top&quot;,return)</onclick>      
            <icon>special://skin/extras/icons/iMDB.png</icon>   
            <property name="Color">1</property>
        </item>
        <item id="2">
            <label> הרפתקאות </label>      
            <onclick>ActivateWindow(10025,&quot;plugin://plugin.video.pulsar/movies/popular/12&quot;,return)</onclick>      
            <icon>special://skin/extras/icons/Advancers.png</icon>   
            <property name="Color">1</property>
        </item>
        <item id="3">
            <label> קומדיה </label>      
            <onclick>ActivateWindow(10025,&quot;plugin://plugin.video.pulsar/movies/popular/35&quot;,return)</onclick>      
            <icon>special://skin/extras/icons/Comedy.png</icon>   
            <property name="Color">1</property>
        </item>
        <item id="4">
            <label> אנימציה </label>      
            <onclick>ActivateWindow(10025,&quot;plugin://plugin.video.pulsar/movies/popular/16&quot;,return)</onclick>      
            <icon>special://skin/extras/icons/Animation.png</icon>   
            <property name="Color">1</property>
        </item>
        <item id="5">
            <label> פשע </label>      
            <onclick>ActivateWindow(10025,&quot;plugin://plugin.video.pulsar/movies/popular/80&quot;,return)</onclick>      
            <icon>special://skin/extras/icons/Crime.png</icon>   
            <property name="Color">1</property>
        </item>
        <item id="6">
            <label> משפחה </label>      
            <onclick>ActivateWindow(10025,&quot;plugin://plugin.video.pulsar/movies/popular/10751&quot;,return)</onclick>      
            <icon>special://skin/extras/icons/Family.png</icon>   
            <property name="Color">1</property>
        </item>
        <item id="7">
            <label> מדע בדיוני </label>       
            <onclick>ActivateWindow(10025,&quot;plugin://plugin.video.pulsar/movies/popular/878&quot;,return)</onclick>      
            <icon>special://skin/extras/icons/ScienceFiction.png</icon>   
            <property name="Color">1</property>
        </item>
        <item id="8">
            <label> אקשן </label>      
            <onclick>ActivateWindow(10025,&quot;plugin://plugin.video.pulsar/movies/popular/28&quot;,return)</onclick>      
            <icon>special://skin/extras/icons/ActionMovies.png</icon>   
            <property name="Color">1</property>
        </item>                    
    </include>	
<include name="QuickNavKidsHub">
        <item id="1">
            <label>kidsil</label>         
            <onclick>ActivateWindow(Videos,plugin://plugin.video.KIDSIL,return)</onclick>
            <icon>special://skin/extras/icons/kids4.png</icon>
            <property name="Color">1</property>
        </item>
        <item id="2">
            <label>[COLOR deeppink]הוט vod ילדים[/COLOR]</label>     
            <onclick>ActivateWindow(10025,&quot;plugin://plugin.video.hotVOD.video/?mode=5&amp;name=%20HOT%20VOD%20YOUNG&amp;url=http%3a%2f%2fhot.ynet.co.il%2fhome%2f0%2c7340%2cL-7449%2c00.html&quot;,return)</onclick>      
            <icon>special://skin/extras/icons/hot_remote.png</icon>   
            <property name="Color">1</property>
        </item>
        <item id="3">
            <label>[COLOR darkorange]Movix ילדים[/COLOR]</label>     
            <onclick>ActivateWindow(10025,&quot;plugin://plugin.video.movixws/?description&amp;iconimage=http%3a%2f%2fwww.in-hebrew.co.il%2fimages%2flogo-s.jpg&amp;mode=2&amp;name=Kids%20-%20%d7%99%d7%9c%d7%93%d7%99%d7%9d&amp;url=http%3a%2f%2fwww.movix.me%2fgenres%2fKids&quot;,return)</onclick>      
            <icon>special://skin/extras/icons/movix.png</icon>   
            <property name="Color">1</property>
        </item>
        <item id="4">
            <label>[COLOR hotpink]Movix אנימציה[/COLOR]</label>     
            <onclick>ActivateWindow(10025,&quot;plugin://plugin.video.movixws/?description&amp;iconimage=http%3a%2f%2ficons.iconarchive.com%2ficons%2fdesignbolts%2ffree-movie-folder%2f256%2fAnimated-icon.png&amp;mode=2&amp;name=Animation%20-%20%d7%90%d7%a0%d7%99%d7%9e%d7%a6%d7%99%d7%94&amp;url=http%3a%2f%2fwww.movix.me%2fgenres%2fAnimation&quot;,return)</onclick>      
            <icon>special://skin/extras/icons/Animation1.png</icon>   
            <property name="Color">1</property>
        </item>
        <item id="5">
            <label>[COLOR chartreuse]ילדים  zeus[/COLOR]</label>     
            <onclick>ActivateWindow(10025,&quot;plugin://plugin.video.zeus/?description&amp;iconimage=http%3a%2f%2fs6.postimg.org%2f4nu5tf4wx%2fkidzcorner.png&amp;mode=6&amp;name=%5bCOLOR%20white%5d%5bB%5dKIDS%20TV%5b%2fB%5d%5b%2fCOLOR%5d&amp;url=chin-indexkidz&quot;,return)</onclick>      
            <icon>special://skin/extras/icons/zeuskids.png</icon>   
            <property name="Color">1</property>
        </item>
        <item id="6">
            <label>[COLOR yellow]Seretil - מדובבים[/COLOR]</label>     
            <onclick>ActivateWindow(10025,&quot;plugin://plugin.video.seretil/?mode=4&amp;name=%d7%9e%d7%93%d7%95%d7%91%d7%91%d7%99%d7%9d%20%d7%a8%d7%90%d7%a9%d7%99&amp;url=http%3a%2f%2fseretil.me%2fcategory%2f%25D7%25A1%25D7%25A8%25D7%2598%25D7%2599%25D7%259D-%25D7%259E%25D7%2593%25D7%2595%25D7%2591%25D7%2591%25D7%2599%25D7%259D%2fpage1%2f&quot;,return)</onclick>      
            <icon>special://skin/extras/icons/speech.png</icon>   
            <property name="Color">1</property>
        </item>
        <item id="7">
            <label>[COLOR springgreen]ערוצי ילדים live[/COLOR]</label>     
            <onclick>ActivateWindow(10025,&quot;plugin://plugin.video.zeus/?description&amp;iconimage=http%3a%2f%2fs6.postimg.org%2f62s275eht%2fdisney.png&amp;mode=20&amp;name=%5bCOLOR%20white%5dLIVE%20TV%20CHANNELS%5b%2fCOLOR%5d&amp;url=chin-tuxkids&quot;,return)</onclick>      
            <icon>special://skin/extras/icons/kidstvlive.png</icon>   
            <property name="Color">1</property>
        </item>    
    </include>
    <include name="QuickNavMoviesHub">
        <item id="1">
            <label>$INFO[Skin.String(moviehub.1.Label)]</label>         
            <onclick>$INFO[Skin.String(moviehub.1.Path)]</onclick>
            <icon>$INFO[Skin.String(moviehub.1.Icon)]</icon>
            <property name="Color">1</property>
        </item>
        <item id="2">
            <label>$INFO[Skin.String(moviehub.2.Label)]</label>         
            <onclick>$INFO[Skin.String(moviehub.2.Path)]</onclick>
            <icon>$INFO[Skin.String(moviehub.2.Icon)]</icon>
            <property name="Color">1</property>
        </item>
        <item id="3">
            <label>$INFO[Skin.String(moviehub.3.Label)]</label>         
            <onclick>$INFO[Skin.String(moviehub.3.Path)]</onclick>
            <icon>$INFO[Skin.String(moviehub.3.Icon)]</icon>
            <property name="Color">1</property>
        </item>
        <item id="4">
            <label>$INFO[Skin.String(moviehub.4.Label)]</label>         
            <onclick>$INFO[Skin.String(moviehub.4.Path)]</onclick>
            <icon>$INFO[Skin.String(moviehub.4.Icon)]</icon>
            <property name="Color">1</property>
        </item>
        <item id="5">
            <label>$INFO[Skin.String(moviehub.5.Label)]</label>         
            <onclick>$INFO[Skin.String(moviehub.5.Path)]</onclick>
            <icon>$INFO[Skin.String(moviehub.5.Icon)]</icon>
            <property name="Color">1</property>
        </item>
        <item id="6">
            <label>$INFO[Skin.String(moviehub.6.Label)]</label>         
            <onclick>$INFO[Skin.String(moviehub.6.Path)]</onclick>
            <icon>$INFO[Skin.String(moviehub.6.Icon)]</icon>
            <property name="Color">1</property>
        </item>
        <item id="7">
            <label>$INFO[Skin.String(moviehub.7.Label)]</label>         
            <onclick>$INFO[Skin.String(moviehub.7.Path)]</onclick>
            <icon>$INFO[Skin.String(moviehub.7.Icon)]</icon>
            <property name="Color">1</property>
        </item>
    </include>
    
    <include name="QuickNavTvshowsHub">
        <item id="1">
            <label>$INFO[Skin.String(tvshowhub.1.Label)]</label>         
            <onclick>$INFO[Skin.String(tvshowhub.1.Path)]</onclick>
            <icon>$INFO[Skin.String(tvshowhub.1.Icon)]</icon>
            <property name="Color">1</property>
        </item>
        <item id="2">
            <label>$INFO[Skin.String(tvshowhub.2.Label)]</label>         
            <onclick>$INFO[Skin.String(tvshowhub.2.Path)]</onclick>
            <icon>$INFO[Skin.String(tvshowhub.2.Icon)]</icon>
            <property name="Color">1</property>
        </item>
        <item id="3">
            <label>$INFO[Skin.String(tvshowhub.3.Label)]</label>         
            <onclick>$INFO[Skin.String(tvshowhub.3.Path)]</onclick>
            <icon>$INFO[Skin.String(tvshowhub.3.Icon)]</icon>
            <property name="Color">1</property>
        </item>
        <item id="4">
            <label>$INFO[Skin.String(tvshowhub.4.Label)]</label>         
            <onclick>$INFO[Skin.String(tvshowhub.4.Path)]</onclick>
            <icon>$INFO[Skin.String(tvshowhub.4.Icon)]</icon>
            <property name="Color">1</property>
        </item>
        <item id="5">
            <label>$INFO[Skin.String(tvshowhub.5.Label)]</label>         
            <onclick>$INFO[Skin.String(tvshowhub.5.Path)]</onclick>
            <icon>$INFO[Skin.String(tvshowhub.5.Icon)]</icon>
            <property name="Color">1</property>
        </item>
        <item id="6">
            <label>$INFO[Skin.String(tvshowhub.6.Label)]</label>         
            <onclick>$INFO[Skin.String(tvshowhub.6.Path)]</onclick>
            <icon>$INFO[Skin.String(tvshowhub.6.Icon)]</icon>
            <property name="Color">1</property>
        </item>
        <item id="7">
            <label>$INFO[Skin.String(tvshowhub.7.Label)]</label>         
            <onclick>$INFO[Skin.String(tvshowhub.7.Path)]</onclick>
            <icon>$INFO[Skin.String(tvshowhub.7.Icon)]</icon>
            <property name="Color">1</property>
        </item>
    </include>
    
    <include name="QuickNavMusicHub">
        <item id="1">
            <label>$INFO[Skin.String(musichub.1.Label)]</label>         
            <onclick>$INFO[Skin.String(musichub.1.Path)]</onclick>
            <icon>$INFO[Skin.String(musichub.1.Icon)]</icon>
            <property name="Color">1</property>
        </item>
        <item id="2">
            <label>$INFO[Skin.String(musichub.2.Label)]</label>         
            <onclick>$INFO[Skin.String(musichub.2.Path)]</onclick>
            <icon>$INFO[Skin.String(musichub.2.Icon)]</icon>
            <property name="Color">1</property>
        </item>
        <item id="3">
            <label>$INFO[Skin.String(musichub.3.Label)]</label>         
            <onclick>$INFO[Skin.String(musichub.3.Path)]</onclick>
            <icon>$INFO[Skin.String(musichub.3.Icon)]</icon>
            <property name="Color">1</property>
        </item>
        <item id="4">
            <label>$INFO[Skin.String(musichub.4.Label)]</label>         
            <onclick>$INFO[Skin.String(musichub.4.Path)]</onclick>
            <icon>$INFO[Skin.String(musichub.4.Icon)]</icon>
            <property name="Color">1</property>
        </item>
        <item id="5">
            <label>$INFO[Skin.String(musichub.5.Label)]</label>         
            <onclick>$INFO[Skin.String(musichub.5.Path)]</onclick>
            <icon>$INFO[Skin.String(musichub.5.Icon)]</icon>
            <property name="Color">1</property>
        </item>
        <item id="6">
            <label>$INFO[Skin.String(musichub.6.Label)]</label>         
            <onclick>$INFO[Skin.String(musichub.6.Path)]</onclick>
            <icon>$INFO[Skin.String(musichub.6.Icon)]</icon>
            <property name="Color">1</property>
        </item>
        <item id="7">
            <label>$INFO[Skin.String(musichub.7.Label)]</label>         
            <onclick>$INFO[Skin.String(musichub.7.Path)]</onclick>
            <icon>$INFO[Skin.String(musichub.7.Icon)]</icon>
            <property name="Color">1</property>
        </item>
    </include>
    
    <include name="QuickNavPVRHub">
        <item id="1">
            <label>$LOCALIZE[19023]</label>
            <onclick>ActivateWindow(TVChannels,,return)</onclick>
            <icon>special://skin/extras/icons/livetv.png</icon>
            <property name="Color">1</property>
        </item>
        <item id="2">
            <label>$LOCALIZE[31221]</label>
            <onclick>ActivateWindow(TVGuide,,return)</onclick>
            <icon>special://skin/extras/icons/equalizer.png</icon>
            <property name="Color">1</property>
        </item>
        <item id="3">
            <label>$LOCALIZE[19024]</label>
            <onclick>ActivateWindow(RadioChannels,,return)</onclick>
            <icon>special://skin/extras/icons/radio.png</icon>
            <property name="Color">1</property>
        </item>
        <item id="4">
            <label>$LOCALIZE[19163]</label>
            <onclick>ActivateWindow(TVRecordings,,return)</onclick>
            <icon>special://skin/extras/icons/database.png</icon>
            <property name="Color">1</property>
        </item>
        <item id="5">
            <label>$LOCALIZE[19040]</label>
            <onclick>ActivateWindow(TVTimers)</onclick>
            <icon>special://skin/extras/icons/timer.png</icon>
            <property name="Color">1</property>
        </item>
        <item id="6">
            <label>$LOCALIZE[137]</label>
            <onclick>ActivateWindow(TVSearch,,return)</onclick>
            <icon>special://skin/extras/icons/search.png</icon>
            <property name="Color">1</property>
        </item>
        <item id="7">
            <label>$LOCALIZE[1037]</label>
            <onclick>ClearProperty(focushub,home)</onclick>
            <onclick>ActivateWindow(Videos,addons://sources/video/,return)</onclick>
            <icon>special://skin/extras/icons/video-addons.png</icon>
            <property name="Color">1</property>
        </item>
    </include>
    
    <include name="HubCategoriesNF">
        <control type="image">
            <width>widgethubrightw</width>
            <height>90</height>
            <texture colordiffuse="PosterBorder" border="5">common/border-inner.png</texture>
        </control>
        <control type="image">
            <width>90</width>
            <height>90</height>
            <texture>$INFO[ListItem.Icon]</texture>
            <aspectratio>scale</aspectratio>
            <visible>IsEmpty(ListItem.Property(Color))</visible>
        </control>
        <control type="image">
            <width>90</width>
            <height>90</height>
            <texture>$INFO[ListItem.Icon]</texture>
            <aspectratio>scale</aspectratio>
            <visible>!IsEmpty(ListItem.Property(Color))</visible>
            <colordiffuse>PanelFG-NF</colordiffuse>
        </control>
        <control type="label"><!-- הכיתוב של התפריט בתוך הסרטים/סדרות-->
            <right>30</right>
            <posy>-16</posy>
            <left>100</left>
            <height>90</height>
            <align>right</align>
            <aligny>center</aligny>
            <textcolor>PanelFG-NF</textcolor>
            <label>$INFO[ListItem.Label]</label>
            <animation effect="slide" end="0,16" condition="IsEmpty(ListItem.Label2)">Conditional</animation>
        </control>
        <control type="label">
            <right>30</right>
            <posy>48</posy>
            <left>100</left>
            <align>right</align>
            <aligny>center</aligny>
            <textcolor>PanelFG</textcolor>
            <font>Font-ListInfo</font>
            <label>$INFO[ListItem.Label2]</label>
        </control>
    </include>
    <include name="HubCategoriesLayout">
        <itemlayout width="widgethubrightw" height="100">
            <include>HubCategoriesNF</include>
        </itemlayout>
        <focusedlayout width="widgethubrightw" height="100">
            <control type="group">
                <visible>!Control.HasFocus(9500)</visible>
                <include>HubCategoriesNF</include>
            </control>
            <control type="group">
                <visible>Control.HasFocus(9500)</visible>
                <control type="image">
                    <width>widgethubrightw</width>
                    <height>90</height>
                    <texture colordiffuse="PosterHighlight">common/white.png</texture>
                </control>
                <control type="image">
                    <width>90</width>
                    <height>90</height>
                    <texture>$INFO[ListItem.Icon]</texture>
                    <aspectratio>scale</aspectratio>
                    <visible>IsEmpty(ListItem.Property(Color))</visible>
                </control>
                <control type="image">
                    <width>90</width>
                    <height>90</height>
                    <texture>$INFO[ListItem.Icon]</texture>
                    <aspectratio>scale</aspectratio>
                    <visible>!IsEmpty(ListItem.Property(Color))</visible>
                    <colordiffuse>Selected</colordiffuse>
                </control>
                <control type="label">
                    <right>30</right>
                    <posy>-16</posy>
                    <left>100</left>
                    <height>90</height>
                    <align>right</align>
                    <aligny>center</aligny>
                    <textcolor>Selected</textcolor>
                    <label>$INFO[ListItem.Label]</label>
                    <animation effect="slide" end="0,16" condition="IsEmpty(ListItem.Label2)">Conditional</animation>
                </control>
                <control type="label">
                    <right>30</right>
                    <posy>48</posy>
                    <left>100</left>
                    <align>right</align>
                    <aligny>center</aligny>
                    <textcolor>Selected</textcolor>
                    <font>Font-ListInfo</font>
                    <label>$INFO[ListItem.Label2]</label>
                </control>
            </control>
        </focusedlayout>
        
    </include>
    <include name="HubMoveRight">
        <onright condition="SubString(Window(home).Property(librarynode),video)">ActivateWindow(Videos,$INFO[Window(home).Property(librarynode)],return)</onright>
        <onright condition="SubString(Window(home).Property(librarynode),musicdb)">ActivateWindow(Music,$INFO[Window(home).Property(librarynode)],return)</onright>
        <onright condition="stringcompare(Window(home).Property(librarynode),tvchannels)">ActivateWindow(TVChannels,,return)</onright>
        <onright condition="stringcompare(Window(home).Property(librarynode),tvguide)">ActivateWindow(TVGuide,,return)</onright>
        <onright condition="stringcompare(Window(home).Property(librarynode),radiochannels)">ActivateWindow(RadioChannels,,return)</onright>
        <onright condition="stringcompare(Window(home).Property(librarynode),tvrecordings)">ActivateWindow(TVRecordings,,return)</onright>
        <onright condition="stringcompare(Window(home).Property(librarynode),tvsearch)">ActivateWindow(TVSearch,,return)</onright>
        <onright condition="stringcompare(Window(home).Property(librarynode),tvtimers)">ActivateWindow(TVTimers,,return)</onright>
    </include>  
</includes>