<?xml version="1.0" encoding="UTF-8"?>
<!-- Foundation -->
<window id="11">
    <defaultcontrol always="true">8</defaultcontrol>
    <allowoverlay>yes</allowoverlay>

    <controls>

        <control type="videowindow" id="20">
            <description>videowindow</description>
            <include>Dimensions_Fullscreen</include>
        </control>

        <control type="mover" id="8">
            <description>top left mover</description>
            <posx>0</posx>
            <posy>0</posy>
            <width>192</width>
            <height>192</height>
            <texturefocus>other_textures/calibratetopleft.png</texturefocus>
            <texturenofocus>noop</texturenofocus>
        </control>

        <control type="mover" id="9">
            <description>right bottom mover</description>
            <posx>1050</posx>
            <posy>750</posy>
            <width>192</width>
            <height>192</height>
            <texturefocus>other_textures/calibratebottomright.png</texturefocus>
            <texturenofocus>noop</texturenofocus>
        </control>

        <control type="mover" id="10">
            <description>subtitle position mover</description>
            <posx>300</posx>
            <posy>750</posy>
            <width>768</width>
            <height>192</height>
            <texturefocus>other_textures/calibratesubtitles.png</texturefocus>
            <texturenofocus>noop</texturenofocus>
        </control>

        <control type="resize" id="11">
            <description>pixel aspect ratio box</description>
            <posx>0</posx>
            <posy>348</posy>
            <width>384</width>
            <height>384</height>
            <texturefocus>other_textures/calibratepixelratio.png</texturefocus>
            <texturenofocus>noop</texturenofocus>
        </control>

        <control type="label" id="2">
            <description>coordinates label</description>
            <posx>30</posx>
            <posy>60</posy>
            <width>1860</width>
            <align>center</align>
            
        </control>

        <control type="label" id="3">
            <description>help information</description>
            <posx>30</posx>
            <posy>105</posy>
            <width>1860</width>
            <align>center</align>
            
        </control>

    </controls>

</window>
