<?xml version="1.0" encoding="UTF-8"?>
<!-- Foundation -->
<window id="12">
    <defaultcontrol always="true">3</defaultcontrol>
    <allowoverlay>yes</allowoverlay>
    <background>0</background>
    <controls>

        <include>GlobalBackground</include>
        

        <control type="button">
            <posy>540</posy>
            <posx>110</posx>
            <width>48</width>
            <height>48</height>
            <texturenofocus flipx="true">common/right-arrow.png</texturenofocus>
            <texturefocus flipx="true">common/right-arrow.png</texturefocus>
            <aspectratio>keep</aspectratio>
            <animation effect="fade" end="75" condition="true">Conditional</animation>
            <animation effect="fade" start="0" end="100" delay="200" time="650" reversible="false">WindowOpen</animation>
            <animation effect="fade" start="0" end="100" delay="200" time="650" reversible="false">Visible</animation>
            <animation effect="fade" start="100" end="0" delay="0" time="0" reversible="false">WindowClose</animation>
            <animation effect="fade" start="100" end="0" delay="0" time="0" reversible="false">Hidden</animation>
            <include>DialogVisibility</include>
        </control>
        <control type="group">
            <posx>horzpad</posx>
            <posy>topoffset</posy>
            <include>Animation.SlideOpen.Left</include>
            <include>DialogVisibility</include>
            <control type="label" id="2" description="Info Label">
                <include>DefSideLabelCoords</include>
                <label>$INFO[ListItem.Label]</label>
            </control>
        </control>
        <control type="group">
            <posy>160</posy>
            

            <include>DialogVisibility</include>
            <animation effect="fade" start="100" end="0" time="400" condition="Window.IsVisible(SliderDialog) | Window.IsVisible(FileBrowser)">Conditional</animation>
            
            <include>Animation.FadeIn</include>
            <include>Animation.FadeOut</include>
            <include>DefSettingsLines</include>
            
            
            <control type="grouplist" id="3">
                <description>Control Area</description>
                <include>DefSettingsLeftGroup</include>
                <onright>5</onright>
                <onleft>SetProperty(movement,1,settings)</onleft>
                <onleft>$VAR[DefSettingsOnLeft]</onleft>
                <onup>3</onup>
                <ondown>3</ondown>
            </control>

            <control type="grouplist" id="5">
                <description>Control Area</description>
                <include>DefSettingsRightGroup</include>
                <onright>ClearProperty(movement,settings)</onright>
                <onright>$VAR[DefSettingsOnRight]</onright>
                <onleft>3</onleft>
                <onup>21</onup>
                <ondown>noop</ondown>
                
            </control>
            
            <control type="button" id="21">
                <posx>662</posx>
                <posy>51</posy>
                <width>1020</width>
                <height>66</height>
                <align>right</align>
                <label>$INFO[Control.GetLabel(20),,  $LOCALIZE[5]]</label>
                <onclick>SettingsLevelChange</onclick>
                <ondown>5</ondown>
                <texturefocus>noop</texturefocus>
                <focusedcolor>Highlight</focusedcolor>
                <include>Animation.SlideOpen.Left</include>
            </control>
            
            <control type="button" id="20">
                <posx>1273</posx>
                <posy>120</posy>
                <width>450</width>
                <height>66</height>
                <align>left</align>
                <visible allowhiddenfocus="true">false</visible>
            </control>
            
            <control type="textbox" id="6">
	            <!-- text info -->
                <include>Animation.FadeIn</include>
                <include>Animation.FadeOut</include>
                <posx>235</posx>
                <align>right</align>
                <width>globalw</width>
                <posy>685</posy>
                <height>100</height>
                <align>justify</align>
                <font>Font-ListInfo-Small</font>
                <textcolor>Disabled</textcolor>
            </control>
            
            
            

            

        </control>
        
        <include>GlobalTopBar</include>
        
        

        <control type="togglebutton" id="10">
	        <!-- grup Settings left -->
            <description>Default Category Button</description>
            <align>right</align>
            <textcolor>Disabled</textcolor>
            <width>385</width>
        </control>
        
        <control type="button" id="7">
            <description>Default Button</description>
            <align>left</align>
            <font>Font-ListInfo</font>
        </control>

        <control type="radiobutton" id="8">
            <description>Default RadioButton</description>
            <align>left</align>
            <font>Font-ListInfo</font>
        </control>

        <control type="spincontrolex" id="9">
            <description>Default spincontrolex</description>
            <align>left</align>
            <reverse>yes</reverse>
            <font>Font-ListInfo</font>
        </control>
        
        <control type="sliderex" id="13">
            <description>Default spincontrolex</description>
            <align>left</align>
            <font>Font-ListInfo</font>
            <texturefocus border="12" colordiffuse="PosterHighlight">common/white.png</texturefocus>
        </control>
    </controls>

</window>
