<?xml version="1.0" encoding="UTF-8"?>
<!-- Foundation -->
<window>
    <defaultcontrol always="true">9315</defaultcontrol>
    <onload>ClearProperty(homefocus,home)</onload>
    <onload>SetProperty(SkinInitStarted,1,home)</onload>
    <onunload>SetProperty(widget,movies,home)</onunload>

    <controls>
        <control type="image">
            <include>Dimensions_Fullscreen</include>
            <texture colordiffuse="Background">common/white.png</texture>
        </control>
        <control type="button" id="9314">
            
            <visible allowhiddenfocus="true">false</visible>
                        
            <onfocus>Skin.ResetSettings</onfocus>
            <onfocus>Skin.SetBool(home.widgetdown)</onfocus>
            <onfocus>Skin.SetBool(home.showinfoonwidget)</onfocus>
            <onfocus>Skin.SetBool(home.usemixedglobalwidget)</onfocus>
            <onfocus>Skin.SetBool(home.monochromemode)</onfocus>

            <!-- 301 Item -->
            <onfocus>Skin.SetBool(home.301.enabled)</onfocus>
            <onfocus>Skin.SetString(home.301.bgcolor,ff555555)</onfocus>
            <onfocus>Skin.SetString(home.301.icon,special://skin/extras/icons/film.png)</onfocus>
            <onfocus>Skin.SetString(home.301.path,ActivateWindow(3201))</onfocus>
            <onfocus>Skin.SetString(home.301.label,$LOCALIZE[20342])</onfocus>
            
            <!-- 302 Item -->
            <onfocus>Skin.SetBool(home.302.enabled)</onfocus>
            <onfocus>Skin.SetString(home.302.bgcolor,ff555555)</onfocus>
            <onfocus>Skin.SetString(home.302.icon,special://skin/extras/icons/tv.png)</onfocus>
            <onfocus>Skin.SetString(home.302.path,ActivateWindow(3202))</onfocus>
            <onfocus>Skin.SetString(home.302.label,$LOCALIZE[20343])</onfocus>
            
            <!-- 303 Item -->
            <onfocus>Skin.SetBool(home.303.enabled)</onfocus>
            <onfocus>Skin.SetString(home.303.bgcolor,ff555555)</onfocus>
            <onfocus>Skin.SetString(home.303.icon,special://skin/extras/icons/songs.png)</onfocus>
            <onfocus>Skin.SetString(home.303.path,ActivateWindow(3203))</onfocus>
            <onfocus>Skin.SetString(home.303.label,$LOCALIZE[2])</onfocus>
            
            <!-- 304 Item -->
            <onfocus>Skin.SetBool(home.304.enabled)</onfocus>
            <onfocus>Skin.SetString(home.304.bgcolor,ff555555)</onfocus>
            <onfocus>Skin.SetString(home.304.icon,special://skin/extras/icons/livetv.png)</onfocus>
            <onfocus>Skin.SetString(home.304.path,ActivateWindow(3204))</onfocus>
            <onfocus>Skin.SetString(home.304.label,$LOCALIZE[31104])</onfocus>
            
            <!-- 305 Item -->
            <onfocus>Skin.SetBool(home.305.enabled)</onfocus>
            <onfocus>Skin.SetString(home.305.bgcolor,ff555555)</onfocus>
            <onfocus>Skin.SetString(home.305.icon,special://skin/extras/icons/pictures.png)</onfocus>
            <onfocus>Skin.SetString(home.305.path,ActivateWindow(Pictures))</onfocus>
            <onfocus>Skin.SetString(home.305.label,$LOCALIZE[1])</onfocus>
            
            <!-- 306 Item -->
            <onfocus>Skin.SetBool(home.306.enabled)</onfocus>
            <onfocus>Skin.SetString(home.306.bgcolor,ff555555)</onfocus>
            <onfocus>Skin.SetString(home.306.icon,special://skin/extras/icons/addons.png)</onfocus>
            <onfocus>Skin.SetString(home.306.path,ActivateWindow(Programs))</onfocus>
            <onfocus>Skin.SetString(home.306.label,$LOCALIZE[0])</onfocus>
            
            <!-- 307 Item -->
            <onfocus>Skin.SetBool(home.307.enabled)</onfocus>
            <onfocus>Skin.SetString(home.307.bgcolor,ff555555)</onfocus>
            <onfocus>Skin.SetString(home.307.icon,special://skin/extras/icons/sun.png)</onfocus>
            <onfocus>Skin.SetString(home.307.path,ActivateWindow(Weather))</onfocus>
            <onfocus>Skin.SetString(home.307.label,$LOCALIZE[8])</onfocus>
            
            <!-- 308 Item -->
            <onfocus>Skin.SetBool(home.308.enabled)</onfocus>
            <onfocus>Skin.SetString(home.308.bgcolor,ff555555)</onfocus>
            <onfocus>Skin.SetString(home.308.icon,special://skin/extras/icons/search.png)</onfocus>
            <onfocus>Skin.SetString(home.308.path,RunScript(script.globalsearch))</onfocus>
            <onfocus>Skin.SetString(home.308.label,$LOCALIZE[137])</onfocus>
            
            <!-- 309 Item -->
            <onfocus>Skin.SetBool(home.309.enabled)</onfocus>
            <onfocus>Skin.SetString(home.309.bgcolor,ff555555)</onfocus>
            <onfocus>Skin.SetString(home.309.icon,special://skin/extras/icons/youtube.png)</onfocus>
            <onfocus>Skin.SetString(home.309.path,ActivateWindow(10025,"plugin://plugin.video.youtube/",return))</onfocus>
            <onfocus>Skin.SetString(home.309.label,$LOCALIZE[31102])</onfocus>
            
            <!-- 310 Item -->
            <onfocus>Skin.SetBool(home.310.enabled)</onfocus>
            <onfocus>Skin.SetString(home.310.bgcolor,ff555555)</onfocus>
            <onfocus>Skin.SetString(home.310.icon,special://skin/extras/icons/video-addons.png)</onfocus>
            <onfocus>Skin.SetString(home.310.path,ActivateWindow(Videos,addons://sources/video/,return))</onfocus>
            <onfocus>Skin.SetString(home.310.label,$LOCALIZE[24001])</onfocus>
            
            <!-- 311 Item -->
            <onfocus>Skin.SetBool(home.311.enabled)</onfocus>
            <onfocus>Skin.SetString(home.311.bgcolor,ff555555)</onfocus>
            <onfocus>Skin.SetString(home.311.icon,special://skin/extras/icons/database.png)</onfocus>
            <onfocus>Skin.SetString(home.311.path,ActivateWindow(3))</onfocus>
            <onfocus>Skin.SetString(home.311.label,$LOCALIZE[1214])</onfocus>
            
            <!-- 313 Item -->
            <onfocus>Skin.SetBool(home.313.enabled)</onfocus>
            <onfocus>Skin.SetString(home.313.bgcolor,ff555555)</onfocus>
            <onfocus>Skin.SetString(home.313.icon,special://skin/extras/icons/settings.png)</onfocus>
            <onfocus>Skin.SetString(home.313.path,ActivateWindow(settings))</onfocus>
            <onfocus>Skin.SetString(home.313.label,$LOCALIZE[5])</onfocus>
            
            <!-- 314 Item -->
            <onfocus>Skin.SetBool(home.314.enabled)</onfocus>
            <onfocus>Skin.SetString(home.314.bgcolor,ff752555)</onfocus>
            <onfocus>Skin.SetString(home.314.icon,special://skin/extras/icons/power.png)</onfocus>
            <onfocus>Skin.SetString(home.314.path,ActivateWindow(shutdownmenu))</onfocus>
            <onfocus>Skin.SetString(home.314.label,$LOCALIZE[33060])</onfocus>
            
            <!-- Other Item Colours -->
            <onfocus>Skin.SetString(home.320.bgcolor,ff555555)</onfocus>
            <onfocus>Skin.SetString(home.321.bgcolor,ff555555)</onfocus>
            <onfocus>Skin.SetString(home.322.bgcolor,ff555555)</onfocus>
            <onfocus>Skin.SetString(home.323.bgcolor,ff555555)</onfocus>
            <onfocus>Skin.SetString(home.324.bgcolor,ff555555)</onfocus>
            <onfocus>Skin.SetString(home.325.bgcolor,ff555555)</onfocus>
            <onfocus>Skin.SetString(home.326.bgcolor,ff555555)</onfocus>
            <onfocus>Skin.SetString(home.327.bgcolor,ff555555)</onfocus>
            <onfocus>Skin.SetString(home.328.bgcolor,ff555555)</onfocus>
            <onfocus>Skin.SetString(home.329.bgcolor,ff555555)</onfocus>
            
            <!-- Init Complete -->
            <onfocus>Skin.SetBool(skin.init)</onfocus>
            <onfocus>Skin.SetString(widget.typeid,11)</onfocus>
            <onfocus>Skin.SetBool(disable.bgvideo)</onfocus>
            <onfocus>Skin.SetBool(HideDebugInfo)</onfocus>
            <onfocus>Skin.SetBool(showdetailedosdinfo)</onfocus>
            <onfocus>Skin.SetBool(disable.pvricon)</onfocus>
            <onfocus>SetFocus(9315)</onfocus>
            
        </control>
        <control type="button" id="9316">
            
            <visible allowhiddenfocus="true">false</visible>
            
            <!-- Movies Hub -->
            <onfocus>Skin.SetString(moviehub.1.Label,$LOCALIZE[31156])</onfocus>
            <onfocus>Skin.SetString(moviehub.1.Icon,special://skin/extras/icons/title.png)</onfocus>
            <onfocus>Skin.SetString(moviehub.1.Path,ActivateWindow(Videos,MovieTitles,return))</onfocus>
            
            <onfocus>Skin.SetString(moviehub.2.Label,$LOCALIZE[31109])</onfocus>
            <onfocus>Skin.SetString(moviehub.2.Icon,special://skin/extras/icons/timer.png)</onfocus>
            <onfocus>Skin.SetString(moviehub.2.Path,ActivateWindow(Videos,RecentlyAddedMovies,return))</onfocus>
                    
            <onfocus>Skin.SetString(moviehub.3.Label,$LOCALIZE[137])</onfocus>
            <onfocus>Skin.SetString(moviehub.3.Icon,special://skin/extras/icons/search.png)</onfocus>
            <onfocus>Skin.SetString(moviehub.3.Path,RunScript(script.globalsearch,tvshows=true&amp;episodes=true&amp;movies=true))</onfocus>
            
            <onfocus>Skin.SetString(moviehub.4.Label,$LOCALIZE[135])</onfocus>
            <onfocus>Skin.SetString(moviehub.4.Icon,special://skin/extras/icons/genre.png)</onfocus>
            <onfocus>Skin.SetString(moviehub.4.Path,ActivateWindow(Videos,MovieGenres,return))</onfocus>
            
            <onfocus>Skin.SetString(moviehub.5.Label,$LOCALIZE[136])</onfocus>
            <onfocus>Skin.SetString(moviehub.5.Icon,special://skin/extras/icons/playlist.png)</onfocus>
            <onfocus>Skin.SetString(moviehub.5.Path,ActivateWindow(videos,special://videoplaylists/,return))</onfocus>
            
            <onfocus>Skin.SetString(moviehub.6.Label,$LOCALIZE[1214])</onfocus>
            <onfocus>Skin.SetString(moviehub.6.Icon,special://skin/extras/icons/files.png)</onfocus>
            <onfocus>Skin.SetString(moviehub.6.Path,ActivateWindow(Videos,Files,return))</onfocus>
            
            <onfocus>Skin.SetString(moviehub.7.Label,$LOCALIZE[653])</onfocus>
            <onfocus>Skin.SetString(moviehub.7.Icon,special://skin/extras/icons/update.png)</onfocus>
            <onfocus>Skin.SetString(moviehub.7.Path,UpdateLibrary(video))</onfocus>
            
            <!-- TvShow Hub -->
            <onfocus>Skin.SetString(tvshowhub.1.Label,$LOCALIZE[31157])</onfocus>
            <onfocus>Skin.SetString(tvshowhub.1.Icon,special://skin/extras/icons/title.png)</onfocus>
            <onfocus>Skin.SetString(tvshowhub.1.Path,ActivateWindow(Videos,TvShowTitles,return))</onfocus>
            
            <onfocus>Skin.SetString(tvshowhub.2.Label,$LOCALIZE[31109])</onfocus>
            <onfocus>Skin.SetString(tvshowhub.2.Icon,special://skin/extras/icons/timer.png)</onfocus>
            <onfocus>Skin.SetString(tvshowhub.2.Path,ActivateWindow(Videos,RecentlyAddedEpisodes,return))</onfocus>
                    
            <onfocus>Skin.SetString(tvshowhub.3.Label,$LOCALIZE[137])</onfocus>
            <onfocus>Skin.SetString(tvshowhub.3.Icon,special://skin/extras/icons/search.png)</onfocus>
            <onfocus>Skin.SetString(tvshowhub.3.Path,RunScript(script.globalsearch,tvshows=true&amp;episodes=true&amp;movies=true))</onfocus>
            
            <onfocus>Skin.SetString(tvshowhub.4.Label,$LOCALIZE[135])</onfocus>
            <onfocus>Skin.SetString(tvshowhub.4.Icon,special://skin/extras/icons/genre.png)</onfocus>
            <onfocus>Skin.SetString(tvshowhub.4.Path,ActivateWindow(Videos,TvShowGenres,return))</onfocus>
            
            <onfocus>Skin.SetString(tvshowhub.5.Label,$LOCALIZE[136])</onfocus>
            <onfocus>Skin.SetString(tvshowhub.5.Icon,special://skin/extras/icons/playlist.png)</onfocus>
            <onfocus>Skin.SetString(tvshowhub.5.Path,ActivateWindow(videos,special://videoplaylists/,return))</onfocus>
            
            <onfocus>Skin.SetString(tvshowhub.6.Label,$LOCALIZE[1214])</onfocus>
            <onfocus>Skin.SetString(tvshowhub.6.Icon,special://skin/extras/icons/files.png)</onfocus>
            <onfocus>Skin.SetString(tvshowhub.6.Path,ActivateWindow(Videos,Files,return))</onfocus>
            
            <onfocus>Skin.SetString(tvshowhub.7.Label,$LOCALIZE[653])</onfocus>
            <onfocus>Skin.SetString(tvshowhub.7.Icon,special://skin/extras/icons/update.png)</onfocus>
            <onfocus>Skin.SetString(tvshowhub.7.Path,UpdateLibrary(video))</onfocus>
            
            <!-- Music Hub -->
            <onfocus>Skin.SetString(musichub.1.Label,$LOCALIZE[133])</onfocus>
            <onfocus>Skin.SetString(musichub.1.Icon,special://skin/extras/icons/artist.png)</onfocus>
            <onfocus>Skin.SetString(musichub.1.Path,ActivateWindow(MusicLibrary,Artists,return))</onfocus>
            
            <onfocus>Skin.SetString(musichub.2.Label,$LOCALIZE[132])</onfocus>
            <onfocus>Skin.SetString(musichub.2.Icon,special://skin/extras/icons/songs.png)</onfocus>
            <onfocus>Skin.SetString(musichub.2.Path,ActivateWindow(MusicLibrary,Albums,return))</onfocus>
                    
            <onfocus>Skin.SetString(musichub.3.Label,$LOCALIZE[137])</onfocus>
            <onfocus>Skin.SetString(musichub.3.Icon,special://skin/extras/icons/search.png)</onfocus>
            <onfocus>Skin.SetString(musichub.3.Path,RunScript(script.globalsearch,albums=true&amp;artists=true&amp;songs=true))</onfocus>
            
            <onfocus>Skin.SetString(musichub.4.Label,$LOCALIZE[10505])</onfocus>
            <onfocus>Skin.SetString(musichub.4.Icon,special://skin/extras/icons/top100.png)</onfocus>
            <onfocus>Skin.SetString(musichub.4.Path,ActivateWindow(MusicLibrary,Top100Albums,return))</onfocus>
            
            <onfocus>Skin.SetString(musichub.5.Label,$LOCALIZE[136])</onfocus>
            <onfocus>Skin.SetString(musichub.5.Icon,special://skin/extras/icons/playlist.png)</onfocus>
            <onfocus>Skin.SetString(musichub.5.Path,ActivateWindow(MusicLibrary,Playlists,return))</onfocus>
            
            <onfocus>Skin.SetString(musichub.6.Label,$LOCALIZE[1214])</onfocus>
            <onfocus>Skin.SetString(musichub.6.Icon,special://skin/extras/icons/files.png)</onfocus>
            <onfocus>Skin.SetString(musichub.6.Path,ActivateWindow(MusicFiles))</onfocus>
            
            <onfocus>Skin.SetString(musichub.7.Label,$LOCALIZE[653])</onfocus>
            <onfocus>Skin.SetString(musichub.7.Icon,special://skin/extras/icons/update.png)</onfocus>
            <onfocus>Skin.SetString(musichub.7.Path,UpdateLibrary(music))</onfocus>
            
            <!-- Init Complete -->
            <onfocus>Skin.SetBool(skin.init2)</onfocus>
            <onfocus>SetFocus(9315)</onfocus>
            
        </control>
        <control type="button" id="9315">
            <visible allowhiddenfocus="true">false</visible>
            <onfocus condition="!Skin.HasSetting(skin.init)">SetFocus(9314)</onfocus>
            <onfocus condition="!Skin.HasSetting(skin.init2)">SetFocus(9316)</onfocus>
            <onfocus condition="IsEmpty(Window(home).Property(SkinInitStarted)) + Skin.HasSetting(skin.init) + Skin.HasSetting(skin.init2) + !IsEmpty(Skin.String(StartupPlaylist))">PlayMedia($ESCINFO[Skin.String(StartupPlaylist)])</onfocus>
            <onfocus condition="Skin.HasSetting(skin.init) + Skin.HasSetting(skin.init2)">RunScript(script.skin.info.service)</onfocus>
            <onfocus condition="Skin.HasSetting(skin.init) + Skin.HasSetting(skin.init2) + Skin.HasSetting(NextAired.Update) + Library.HasContent(tvshows)">RunScript(script.tv.show.next.aired,silent=True)</onfocus>
            <onfocus condition="Skin.HasSetting(skin.init) + Skin.HasSetting(skin.init2) + !Player.HasVideo">ReplaceWindow(Home)</onfocus>
            <!--<onfocus condition="Skin.HasSetting(skin.init) + Skin.HasSetting(skin.init2)">AlarmClock(GoHome,ReplaceWindow(home),00:01,silent,false)</onfocus>-->
        </control>
        <control type="image">
            <posy>200</posy>
            <posx>660</posx><!-- להזיז ימינה או שמאלה -->
            <width>660</width>
            <height>550</height>           
            <texture>home/eminence_restart.png</texture>
	        <aspectratio scalediffuse="false"></aspectratio>
        </control>
    </controls>
</window>
