<?xml version="1.0" encoding="UTF-8"?>
<window>
	<defaultcontrol always="true">903</defaultcontrol>
	<allowoverlay>no</allowoverlay>
	<controls>
		<control type="group">
			<include>ContentFade</include>
			<animation effect="fade" start="100" end="0" time="200" condition="Window.IsVisible(SliderDialog)">conditional</animation>
			<visible>Player.HasMedia</visible>
			<control type="group">
				<posx>0</posx>
				<posy>380</posy>
				<animation effect="slide" start="-280,0" end="0,0" time="300" condition="!Window.IsVisible(FullscreenInfo)">WindowOpen</animation>
				<animation effect="slide" start="0,0" end="-280,0" time="300" condition="!Window.IsVisible(FullscreenInfo)">WindowClose</animation>
				<include condition="Skin.HasSetting(ClearArt) + VideoPlayer.Content(Episodes) + !Skin.HasSetting(SafeMode)">clearart-dialogfullscreeninfo</include>
				<control type="image">
					<description>cover image</description>
					<posx>10</posx>
					<posy>183</posy>
					<width>279</width>
					<height>157</height>
					<aspectratio align="center" aligny="center" scalediffuse="true">keep</aspectratio>
					<texture diffuse="video-diffuse.png">$INFO[Player.Art(thumb)]</texture>
					<visible>VideoPlayer.Content(Episodes) + [!Skin.HasSetting(ClearArt) | [IsEmpty(Control.GetLabel(7017)) + IsEmpty(Control.GetLabel(7018))] | Skin.HasSetting(Safemode) | substring(Player.FolderPath,pvr://) | substring(Player.FolderPath,http://) | substring(Player.FolderPath,https://) | substring(Player.FolderPath,htsp://)]</visible>
				</control>
				<control type="image">
					<description>cover image</description>
					<posx>10</posx>
					<posy>183</posy>
					<width>279</width>
					<height>157</height>
					<aspectratio align="center" aligny="center" scalediffuse="true">keep</aspectratio>
					<texture diffuse="video-diffuse.png">$INFO[Player.Art(thumb)]</texture>
					<visible>[!VideoPlayer.Content(Movies) + !VideoPlayer.Content(Episodes)] | [!VideoPlayer.Content(Movies) + [SubString(Player.FileNameAndPath,http,left) | SubString(Player.FileNameAndPath,mms,left) | SubString(Player.FileNameAndPath,rtmp,left)]]</visible>
				</control>
				 <control type="image">
					<description>cover image</description>
					<posx>44</posx>
					<posy>40</posy>
					<width>206</width>
					<height>292</height>
					<texture>$INFO[Player.Art(thumb)]</texture>
					<visible>IsEmpty(Player.Art(clearlogo)) + VideoPlayer.Content(Movies) + ![SubString(Player.FileNameAndPath,http,left) | SubString(Player.FileNameAndPath,mms,left) | SubString(Player.FileNameAndPath,rtmp,left)]</visible>
				</control> 
				<control type="image">
					<posx>44</posx>
					<posy>16</posy>
					<width>222</width>
					<height>338</height>
					<texture fallback="case-sets.png">case$INFO[VideoPlayer.VideoResolution].png</texture>
					<visible>IsEmpty(Player.Art(clearlogo)) + VideoPlayer.Content(Movies) + !Skin.HasSetting(HideMovieCase) + ![SubString(Player.FileNameAndPath,http,left) | SubString(Player.FileNameAndPath,mms,left) | SubString(Player.FileNameAndPath,rtmp,left)]</visible>
				</control>
				<control type="image">
					<posx>0</posx>
					<posy>185</posy>
					<width>300</width>
					<height>145</height>
					<aspectratio aligny="top">keep</aspectratio>
					<texture background="true" fallback="$INFO[Player.Folderpath,,logo.png]">$INFO[Player.Art(clearlogo)]</texture>
				</control>
			</control>
			<control type="label">
				<description>System Time Label</description>
				<posx>1260</posx>
				<posy>5</posy>
				<width>400</width>
				<height>25</height>
				<textcolor>blue</textcolor>
				<shadowcolor>black</shadowcolor>
				<label>$INFO[System.Time] ($LOCALIZE[31050]: $INFO[Player.FinishTime])</label>
				<align>right</align>
				<aligny>center</aligny>
				<font>font-25</font>
			</control>
			<control type="group">
				<posy>520</posy>
				<animation effect="slide" start="0,230" end="0,0" time="300" condition="!Window.IsVisible(FullscreenInfo)">WindowOpen</animation>
				<animation effect="slide" start="0,0" end="0,230" time="300" condition="!Window.IsVisible(FullscreenInfo)">WindowClose</animation>
				<!-- <control type="image">
					<description>media info background image</description>
					<posx>280</posx>
					<posy>23</posy>
					<width>1102</width>
					<height>220</height>
					<texture border="42">panel-shadow-reverse.png</texture>
				</control> -->
				<include condition="Skin.HasSetting(HateTransparency)">T-Panel4</include>
				<control type="image">
					<description>media info background image</description>
					<posx>300</posx>
					<posy>43</posy>
					<width>1070</width>
					<height>200</height>
					<texture border="30">panel.png</texture>
				</control>
				<control type="button">
					<posx>1258</posx>
					<posy>62</posy>
					<width>20</width>
					<height>20</height>
					<texturefocus>close-window-focus.png</texturefocus>
					<texturenofocus>close-window-nofocus.png</texturenofocus>
					<onclick>Dialog.Close(videoosd)</onclick>
					<visible>Skin.HasSetting(TouchScreenMode)</visible>
				</control>
				<control type="label">
					<posx>1250</posx>
					<posy>55</posy>
					<width>650</width>
					<height>25</height>
					<label>$INFO[VideoPlayer.Title]</label>
					<scroll>true</scroll>
					<align>right</align>
					<aligny>center</aligny>
					<font>font-32</font>
					<textcolor>lightblue</textcolor>
				</control>
				<control type="label">
					<description>Genre</description>
					<posx>1250</posx>
					<posy>85</posy>
					<width>625</width>
					<height>25</height>
					<label>$VAR[DialogFullScreenInfoLabel2]</label>
					<align>right</align>
					<aligny>center</aligny>
					<font>font-23</font>
					<textcolor>white</textcolor>
				</control>

				<control type="progress">
					<description>Progressbar Cache</description>
					<posx>500</posx>
					<posy>110</posy>
					<width>741</width>
					<height>25</height>
					<info>Player.ProgressCache</info>
					<midtexture border="10,0,10,0">ProgressCache.png</midtexture>
				</control>
				<control type="progress">
					<description>Progressbar</description>
					<posx>500</posx>
					<posy>110</posy>
					<width>741</width>
					<height>25</height>
					<info>Player.Progress</info>
				</control>
				<control type="slider" id="888">
					<description>Slider</description>
					<posx>500</posx>
					<posy>110</posy>
					<width>741</width>
					<height>25</height>
					<action>seek</action>
				</control>
				<control type="label">
					<description>time label</description>
					<posx>320</posx>
					<posy>110</posy>
					<width>280</width>
					<height>25</height>
					<textcolor>lightblue</textcolor>
					<label>$INFO[VideoPlayer.Time]/$INFO[Player.Duration]</label>
					<align>left</align>
					<aligny>center</aligny>
					<font>font-20</font>
				</control>
				<!-- <control type="label">
					<description>time label</description>
					<posx>405</posx>
					<posy>110</posy>
					<width>280</width>
					<height>25</height>
					<textcolor>lightblue</textcolor>
					<label>/ $INFO[Player.Duration]</label>
					<align>left</align>
					<aligny>center</aligny>
					<font>font-20</font>
				</control> -->
				<control type="image">
					<posx>320</posx>
					<posy>35</posy>
					<width>95</width>
					<height>68</height>
					<texture fallback="">resolution/$INFO[VideoPlayer.VideoResolution,,.png]</texture>
				</control>
				<control type="image">
					<posx>410</posx>
					<posy>35</posy>
					<width>95</width>
					<height>68</height>
					<texture fallback="">audiocodec/$INFO[VideoPlayer.AudioCodec,,.png]</texture>
				</control>
				<control type="image">
					<posx>500</posx>
					<posy>35</posy>
					<width>95</width>
					<height>68</height>
					<texture fallback="">rating.png</texture>
					<visible>!IsEmpty(VideoPlayer.Rating)</visible>
				</control>
				<control type="label">
					<posx>540</posx>
					<posy>55</posy>
					<width>160</width>
					<height>30</height>
					<font>font-22</font>
					<textcolor>white</textcolor>
					<shadowcolor>black</shadowcolor>
					<align>left</align>
					<aligny>center</aligny>
					<label>[B]$INFO[VideoPlayer.Rating][/B]</label>
				</control>
			</control>
			<control type="group">
				<control type="grouplist">
					<posx>320</posx>
					<posy>668</posy>
					<animation effect="slide" start="0,230" end="0,0" time="300" condition="!Window.IsVisible(FullscreenInfo)">WindowOpen</animation>
					<animation effect="slide" start="0,0" end="0,230" time="300" condition="!Window.IsVisible(FullscreenInfo)">WindowClose</animation>
					<animation effect="fade" start="100" end="0" time="200" condition="Window.IsVisible(SliderDialog)">conditional</animation>
					<itemgap>0</itemgap>
					<orientation>horizontal</orientation>
					<onup>60</onup>
					<onleft>919</onleft>
					<onright>911</onright>
					<control type="button" id="901">
						<width>40</width>
						<height>40</height>
						<label>-</label>
						<font>-</font>
						<texturefocus>osd2/back-f.png</texturefocus>
						<texturenofocus>osd2/back.png</texturenofocus>
						<onclick>PlayerControl(Previous)</onclick>
					</control>
					<control type="button" id="902">
						<width>40</width>
						<height>40</height>
						<label>-</label>
						<font>-</font>
						<texturefocus>osd2/rewind-f.png</texturefocus>
						<texturenofocus>osd2/rewind.png</texturenofocus>
						<onclick>PlayerControl(Rewind)</onclick>
					</control>
					<control type="togglebutton" id="903">
						<width>40</width>
						<height>40</height>
						<label>-</label>
						<font>-</font>
						<texturefocus>osd2/pause-f.png</texturefocus>
						<texturenofocus>osd2/pause.png</texturenofocus>
						<usealttexture>Player.Paused | Player.Forwarding | Player.Rewinding</usealttexture>
						<alttexturefocus>osd2/play-f.png</alttexturefocus>
						<alttexturenofocus>osd2/play.png</alttexturenofocus>
						<onclick>PlayerControl(Play)</onclick>
					</control>
					<control type="button" id="904">
						<width>40</width>
						<height>40</height>
						<label>-</label>
						<font>-</font>
						<texturefocus>osd2/ff-f.png</texturefocus>
						<texturenofocus>osd2/ff.png</texturenofocus>
						<onclick>PlayerControl(Forward)</onclick>
					</control>
					<control type="button" id="905">
						<width>40</width>
						<height>40</height>
						<label>-</label>
						<font>-</font>
						<texturefocus>osd2/stop-f.png</texturefocus>
						<texturenofocus>osd2/stop.png</texturenofocus>
						<onclick>PlayerControl(Stop)</onclick>
					</control>
					<control type="button" id="906">
						<width>40</width>
						<height>40</height>
						<label>-</label>
						<font>-</font>
						<texturefocus>osd2/next-f.png</texturefocus>
						<texturenofocus>osd2/next.png</texturenofocus>
						<onclick>PlayerControl(Next)</onclick>
					</control>

					<control type="group" id="999">
						<width>40</width>
						<height>40</height>
						<control type="button" id="907">
							<posx>0</posx>
							<posy>0</posy>
							<width>40</width>
							<height>40</height>
							<label>-</label>
							<font>-</font>
							<texturefocus>-</texturefocus>
							<texturenofocus>-</texturenofocus>
							<onleft>906</onleft>
							<onright>908</onright>
							<onclick>PlayerControl(Repeat)</onclick>
						</control>
						<control type="image">
							<posx>0</posx>
							<posy>0</posy>
							<width>40</width>
							<height>40</height>
							<texture>osd2/repeat.png</texture>
							<visible>!Playlist.IsRepeat + !Playlist.IsRepeatOne + !Control.HasFocus(907)</visible>
						</control>
						<control type="image">
							<posx>0</posx>
							<posy>0</posy>
							<width>40</width>
							<height>40</height>
							<texture>osd2/repeat-f.png</texture>
							<visible>!Playlist.IsRepeat + !Playlist.IsRepeatOne + Control.HasFocus(907)</visible>
						</control>
						<control type="image">
							<posx>0</posx>
							<posy>0</posy>
							<width>40</width>
							<height>40</height>
							<texture>osd2/repeat-one.png</texture>
							<visible>Playlist.IsRepeatOne + !Control.HasFocus(907)</visible>
						</control>
						<control type="image">
							<posx>0</posx>
							<posy>0</posy>
							<width>40</width>
							<height>40</height>
							<texture>osd2/repeat-one-f.png</texture>
							<visible>Playlist.IsRepeatOne + Control.HasFocus(907)</visible>
						</control>
						<control type="image">
							<posx>0</posx>
							<posy>0</posy>
							<width>40</width>
							<height>40</height>
							<texture>osd2/repeat1.png</texture>
							<visible>Playlist.IsRepeat + !Control.HasFocus(907)</visible>
						</control>
						<control type="image">
							<posx>0</posx>
							<posy>0</posy>
							<width>40</width>
							<height>40</height>
							<texture>osd2/repeat1-f.png</texture>
							<visible>Playlist.IsRepeat + Control.HasFocus(907)</visible>
						</control>
					</control>
					<control type="togglebutton" id="908">
						<width>40</width>
						<height>40</height>
						<label>-</label>
						<font>-</font>
						<texturefocus>osd2/shuffle-f.png</texturefocus>
						<texturenofocus>osd2/shuffle.png</texturenofocus>
						<usealttexture>Playlist.IsRandom</usealttexture>
						<alttexturefocus>osd2/shuffle1-f.png</alttexturefocus>
						<alttexturenofocus>osd2/shuffle1.png</alttexturenofocus>
						<onclick>PlayerControl(Random)</onclick>
					</control>
					<control type="button" id="909">
						<width>40</width>
						<height>40</height>
						<label>-</label>
						<font>-</font>
						<texturefocus>osdplayer-record-focus.png</texturefocus>
						<texturenofocus>osdplayer-record-nofocus.png</texturenofocus>
						<onclick>PlayerControl(record)</onclick>
						<visible>Player.CanRecord + !Player.Recording</visible>
					</control>
					<control type="button" id="910">
						<width>40</width>
						<height>40</height>
						<label>-</label>
						<font>-</font>
						<texturefocus>osdplayer-recordrecording-focus.png</texturefocus>
						<texturenofocus>osdplayer-recordrecording-nofocus.png</texturenofocus>
						<onclick>PlayerControl(record)</onclick>
						<visible>Player.CanRecord + Player.Recording</visible>
					</control>
				</control>
				<control type="grouplist">
					<posx>862</posx>
					<posy>668</posy>
					<width>400</width>
					<animation effect="slide" start="0,230" end="0,0" time="300" condition="!Window.IsVisible(FullscreenInfo)">WindowOpen</animation>
					<animation effect="slide" start="0,0" end="0,230" time="300" condition="!Window.IsVisible(FullscreenInfo)">WindowClose</animation>
					<animation effect="fade" start="100" end="0" time="200" condition="Window.IsVisible(SliderDialog)">conditional</animation>
					<itemgap>2</itemgap>
					<orientation>horizontal</orientation>
					<align>right</align>
					<onleft>910</onleft>
					<onright>901</onright>
					<control type="button" id="911">
						<description>Channels Menu</description>
						<width>40</width>
						<height>40</height>
						<label>-</label>
						<font>-</font>
						<texturenofocus>osd-channels-nofocus.png</texturenofocus>
						<texturefocus>osd-channels-focus.png</texturefocus>
						<onclick>ActivateWindow(PVROSDChannels)</onclick>
						<visible>VideoPlayer.Content(LiveTV)</visible>
					</control>
					<control type="button" id="912">
						<description>EPG Menu</description>
						<width>40</width>
						<height>40</height>
						<label>-</label>
						<font>-</font>
						<texturenofocus>osd-epg-nofocus.png</texturenofocus>
						<texturefocus>osd-epg-focus.png</texturefocus>
						<onclick>ActivateWindow(PVROSDGuide)</onclick>
						<visible>VideoPlayer.Content(LiveTV)</visible>
					</control>
					<control type="button" id="921">
						<description>3D Menu</description>
						<width>40</width>
						<height>40</height>
						<label>-</label>
						<font>-</font>
						<texturenofocus>osd2/3d.png</texturenofocus>
						<texturefocus>osd2/3d-f.png</texturefocus>
						<onclick>ActivateWindow(1116)</onclick>
						<visible>VideoPlayer.IsStereoscopic</visible>
					</control>
					<control type="button" id="916">
						<description>Subtitles button</description>
						<width>40</width>
						<height>40</height>
						<label>-</label>
						<font>-</font>
						<texturenofocus>osd2/subtitle.png</texturenofocus>
						<texturefocus>osd2/subtitle-f.png</texturefocus>
						<onup>404</onup>
						<onclick>ActivateWindow(SubtitleSearch)</onclick>
					</control>
					<control type="button" id="913">
						<description>Audio Menu</description>
						<width>40</width>
						<height>40</height>
						<label>-</label>
						<font>-</font>
						<texturenofocus>osd2/sound.png</texturenofocus>
						<texturefocus>osd2/sound-f.png</texturefocus>
						<onclick>ActivateWindow(OSDAudioSettings)</onclick>
						<visible>!Skin.HasSetting(KioskMode)</visible>
					</control>
					<control type="button" id="914">
						<description>Video Menu</description>
						<width>40</width>
						<height>40</height>
						<label>-</label>
						<font>-</font>
						<texturenofocus>osd2/movie.png</texturenofocus>
						<texturefocus>osd2/movie-f.png</texturefocus>
						<onclick>ActivateWindow(OSDVideoSettings)</onclick>
						<visible>!Skin.HasSetting(KioskMode)</visible>
					</control>
					<control type="button" id="915">
						<description>Bookmarks Menu</description>
						<width>40</width>
						<height>40</height>
						<label>-</label>
						<font>-</font>
						<texturenofocus>osd2/bookmark.png</texturenofocus>
						<texturefocus>osd2/bookmark-f.png</texturefocus>
						<onclick>ActivateWindow(VideoBookmarks)</onclick>
					</control>
					<control type="button" id="917">
						<description>DVD menu button</description>
						<width>40</width>
						<height>40</height>
						<label>-</label>
						<font>-</font>
						<texturenofocus>osd-dvd-nofocus.png</texturenofocus>
						<texturefocus>osd-dvd-focus.png</texturefocus>
						<onclick>PlayerControl(ShowVideoMenu)</onclick>
						<visible>VideoPlayer.HasMenu</visible>
					</control>
					<control type="button" id="918">
						<description>Teletext button</description>
						<width>40</width>
						<height>40</height>
						<label>-</label>
						<font>-</font>
						<texturefocus>osd-teletext-focus.png</texturefocus>
						<texturenofocus>osd-teletext-nofocus.png</texturenofocus>
						<onclick>ActivateWindow(Teletext)</onclick>
						<visible>VideoPlayer.HasTeletext</visible>
					</control>
					<control type="button" id="919">
						<description>Info button</description>
						<width>40</width>
						<height>40</height>
						<label>-</label>
						<font>-</font>
						<texturefocus>osd2/info-f.png</texturefocus>
						<texturenofocus>osd2/info.png</texturenofocus>
						<onclick>Skin.ToggleSetting(VideoOSDInfo)</onclick>
					</control>
				</control>
			<control type="button" id="410">
				<description>Fake button for mouse control</description>
				<right>145</right>
				<bottom>60</bottom>
				<width>256</width>
				<height>250</height>
				<label>-</label>
				<font>-</font>
				<texturenofocus>-</texturenofocus>
				<texturefocus>-</texturefocus>
				<visible>Control.HasFocus(410) | Control.HasFocus(916) | ControlGroup(400).HasFocus</visible>
			</control>
		<control type="grouplist" id="400">
			<visible>![Window.IsVisible(SliderDialog) | Window.IsVisible(OSDVideoSettings) | Window.IsVisible(OSDAudioSettings) | Window.IsVisible(VideoBookmarks)]</visible>
			<animation effect="fade" time="200">VisibleChange</animation>
			<animation effect="slide" start="0,0" end="0,80" time="0" condition="![VideoPlayer.HasSubtitles + VideoPlayer.SubtitlesEnabled]">Conditional</animation>
			<animation effect="slide" start="0,0" end="0,40" time="0" condition="!VideoPlayer.HasSubtitles">Conditional</animation>
			<right>85</right>
			<bottom>40</bottom>
			<width>256</width>
			<height>260</height>
			<itemgap>0</itemgap>
			<onleft>400</onleft>
			<onright>400</onright>
			<onup>916</onup>
			<ondown>916</ondown>
			<orientation>vertical</orientation>
			<visible>Control.HasFocus(410) | Control.HasFocus(916) | ControlGroup(400).HasFocus</visible>
			<include>VisibleFadeEffect</include>
			<control type="group">
				<description>Header</description>
				<width>256</width>
				<height>40</height>
				<control type="image">
					<description>Header</description>
					<left>0</left>
					<top>0</top>
					<width>256</width>
					<height>40</height>
					<texture border="20,18,20,0">SubMenuBack-Header.png</texture>
				</control>
				<control type="label" id="">
					<left>30</left>
					<top>20</top>
					<width>196</width>
					<height>15</height>
					<font>font12</font>
					<label>24012</label>
					<textcolor>blue</textcolor>
					<align>center</align>
					<aligny>center</aligny>
				</control>
			</control>
			<control type="togglebutton" id="401">
				<description>Download with Subtitles script</description>
				<height>40</height>
				<width>256</width>
				<font>font13</font>
				<label>33003</label>
				<font>-</font>
				<textoffsetx>30</textoffsetx>
				<align>right</align>
				<aligny>center</aligny>
				<texturefocus border="25,5,25,5">SubMenuBack-MiddleFO.png</texturefocus>
				<texturenofocus border="25,5,25,5">SubMenuBack-MiddleNF.png</texturenofocus>
				<alttexturefocus border="25,5,25,5">SubMenuBack-MiddleFO.png</alttexturefocus>
				<alttexturenofocus border="25,5,25,5">SubMenuBack-MiddleNF.png</alttexturenofocus>
				<onclick>Close</onclick>
				<onclick>Dialog.Close(VideoOSD)</onclick>
				<onclick>ActivateWindow(SubtitleSearch)</onclick>
			</control>
			<control type="button" id="402">
				<height>40</height>
				<width>256</width>
				<align>right</align>
				<aligny>center</aligny>
				<font>font13</font>
				<textoffsetx>30</textoffsetx>
				<texturefocus border="25,5,25,5">SubMenuBack-MiddleFO.png</texturefocus>
				<texturenofocus border="25,5,25,5">SubMenuBack-MiddleNF.png</texturenofocus>
				<pulseonselect>false</pulseonselect>
				<label>22006</label>
				<onclick>SubtitleDelay</onclick>
				<visible>VideoPlayer.HasSubtitles + VideoPlayer.SubtitlesEnabled</visible>
			</control>
			<control type="button" id="403">
				<height>40</height>
				<width>256</width>
				<align>right</align>
				<aligny>center</aligny>
				<font>font13</font>
				<textoffsetx>30</textoffsetx>
				<texturefocus border="25,5,25,5">SubMenuBack-MiddleFO.png</texturefocus>
				<texturenofocus border="25,5,25,5">SubMenuBack-MiddleNF.png</texturenofocus>
				<pulseonselect>false</pulseonselect>
				<label>209</label>
				<onclick>CycleSubtitle</onclick>
				<visible>VideoPlayer.HasSubtitles + VideoPlayer.SubtitlesEnabled</visible>
			</control>
			<control type="radiobutton" id="404">
				<height>40</height>
				<width>256</width>
				<textoffsetx>30</textoffsetx>
				<align>right</align>
				<aligny>center</aligny>
				<font>font13</font>
				<label>449</label>
				<radioposx>25</radioposx>
				<texturefocus border="25,5,25,5">SubMenuBack-MiddleFO.png</texturefocus>
				<texturenofocus border="25,5,25,5">SubMenuBack-MiddleNF.png</texturenofocus>
				<onclick>ShowSubtitles</onclick>
				<selected>VideoPlayer.SubtitlesEnabled</selected>
				<visible>VideoPlayer.HasSubtitles</visible>
				<pulseonselect>false</pulseonselect>
			</control>
			<control type="image" id="440">
				<description>Footer</description>
				<width>256</width>
				<height>52</height>
				<texture border="20,0,20,50">SubMenuBack-Footer.png</texture>
			</control>
		</control>
			</control>
			<control type="group">
				<posy>385</posy>
				<visible>Skin.HasSetting(VideoOSDInfo)</visible>
				<animation effect="fade" time="400">VisibleChange</animation>
				<animation effect="fade" start="100" end="0" time="400">WindowClose</animation>
				<include condition="Skin.HasSetting(HateTransparency)">T-Underlay36</include>
				<control type="image">
					<description>media info background image</description>
					<posx>300</posx>
					<posy>-95</posy>
					<width>980</width>
					<height>270</height>
					<texture diffuse="underlay-diffuse.png" border="0,11,0,11">underlay3.png</texture>
				</control>
				<control type="textbox">
					<description>Plot</description>
					<posx>385</posx>
					<posy>-65</posy>
					<width>805</width>
					<height>215</height>
					<font>font-20</font>
					<align>right</align>
					<textcolor>white</textcolor>
					<pagecontrol>60</pagecontrol>
					<label>$INFO[VideoPlayer.Plot]</label>
					<autoscroll time="2000" delay="16000" repeat="5000">Skin.HasSetting(AutoScroll)</autoscroll>
				</control>
				<control type="scrollbar" id="60">
					<posx>1215</posx>
					<posy>-82</posy>
					<width>20</width>
					<height>245</height>
					<texturesliderbackground border="0,10,0,10">scrollbar-back.png</texturesliderbackground>
					<texturesliderbar border="0,10,0,10">scrollbar-front-nofocus.png</texturesliderbar>
					<texturesliderbarfocus border="0,10,0,10">scrollbar-front.png</texturesliderbarfocus>
					<textureslidernib>scrollbar-nib-nofocus.png</textureslidernib>
					<textureslidernibfocus>scrollbar-nib.png</textureslidernibfocus>
					<onup>60</onup>
					<ondown>60</ondown>
					<onleft>919</onleft>
					<onright>919</onright>
					<showonepage>false</showonepage>
					<orientation>vertical</orientation>
				</control>
			</control>
		</control>
		<include condition="Skin.HasSetting(DebugMode)">debuginfovideoplayer</include>
	</controls>
</window>
