<?xml version="1.0" encoding="UTF-8"?>
<!-- Foundation -->
<includes>
    <include name="59ListContent">
        <control type="label">
            <left>25</left>
            <right>75</right>
            <font>Font-ListInfo</font>
            <label>$VAR[VARLabel]</label>
        </control>
        <control type="group">
            <posx>56r</posx>
            <posy>8</posy>
            <include>WatchedImageList</include>
        </control>
    </include>
    <include name="View_59_MediaInfo3">
    
        <description>List View (id=59)</description>
        <control type="group">
            <visible>Control.IsVisible(59)</visible>
            <include>Animation.ViewChange</include>     
            <include>DefSideLabel</include> 
              
            <control type="group">
                <posx>listx</posx>
                <posy>listy</posy>
                <control type="image">
                    <visible>!Skin.HasSetting(list.highlight)</visible>
                    <width>widgethubrightw</width>
                    <height>globalh</height>
                    <texture border="5" colordiffuse="PosterBorder">common/border-inner.png</texture>
                </control>
                <control type="group">
                    <posx>widgethubrightw</posx>
                    <width>965</width>
                    <height>globalh</height>
                    <control type="group">
                        <posx>globalpad</posx>
                        <control type="image">
                            <width>955</width>
                            <height>globalh</height>
                            <texture colordiffuse="PosterBorder" border="5">common/border-inner.png</texture>
                        </control>
                        
                        <control type="image">
                            <left>globalpad</left>
                            <top>globalpad</top>
                            <width>269</width>
                            <height>404</height>
                            <aspectratio>scale</aspectratio>
                            <texture background="true">$VAR[PosterImage]</texture>
                            <fadetime>150</fadetime>
                        </control>
                        
                        <control type="image">
                            <left>289</left>
                            <top>globalpad</top>
                            <right>10</right>
                            <height>404</height>
                            <aspectratio>scale</aspectratio>
                            <texture background="true">$VAR[FanartImage]</texture>
                            <fadetime>150</fadetime>
                        </control>
                        
                        <control type="grouplist">
                            <top>424</top>
                            <left>20</left>
                            <control type="group">
                                <height>48</height>
                                <control type="label">
	                                <!-- name off the movies -->
                                    <width>900l</width>
                                    <align>right</align>
                                    <label>$VAR[VARLabel]</label>
                                    <font>Font-ListHeader</font>
                                </control>
                                <!--<control type="label">
                                    <width>915</width>
                                    <align>right</align>
                                    <font>Font-ListInfo-Small</font>
                                    <label>$INFO[ListItem.Label2]</label>
                                </control>-->
                            </control>
                            <control type="label">
	                            <!-- Action , Comedy -->
                                <width>915</width>
                                <height>32</height>
                                <align>right</align>
                                <aligny>top</aligny>
                                <font>Font-ListInfo-Small</font>
                                <label>$VAR[VARLabel3]</label>
                            </control>
                            <control type="textbox">
	                            <!-- text off the movies -->
                                <width>915</width>
                                <align>right</align>
                                <height>100</height>
                                <font>Font-ListInfo-Small</font>
                                <label>$VAR[PlotBox]</label>
                            </control>
                            
                        </control>
                        <control type="grouplist">
	                        <!-- Star -->
                            <include>Animation.FadeIn</include>
                            <include>Animation.FadeOut</include>
                            <right>2</right>
                            <centertop>456</centertop>
                            <height>64</height>
                            <orientation>horizontal</orientation>
                            <align>left</align>
                            <itemgap>24</itemgap>
                            <usecontrolcoords>true</usecontrolcoords>
                            
                            <control type="image">
                                <width>64</width>
                                <height>64</height>
                                <texture colordiffuse="PanelFG-NF">flags/$VAR[Flagstar1].png</texture>
                            </control>
                            <control type="image">
                                <posx>-48</posx>
                                <width>64</width>
                                <height>64</height>
                                <texture colordiffuse="PanelFG-NF">flags/$VAR[Flagstar2].png</texture>
                            </control>
                            <control type="image">
                                <posx>-48</posx>
                                <width>64</width>
                                <height>64</height>
                                <texture colordiffuse="PanelFG-NF">flags/$VAR[Flagstar3].png</texture>
                            </control>
                            <control type="image">
                                <posx>-48</posx>
                                <width>64</width>
                                <height>64</height>
                                <texture colordiffuse="PanelFG-NF">flags/$VAR[Flagstar4].png</texture>
                            </control>
                            <control type="image">
                                <posx>-48</posx>
                                <width>64</width>
                                <height>64</height>
                                <texture colordiffuse="PanelFG-NF">flags/$VAR[Flagstar5].png</texture>
                            </control>
                        </control>
                        
                        <control type="grouplist">
	                        <!-- The film quality -->
                            <include>Animation.FadeIn</include>
                            <include>Animation.FadeOut</include>
                            <left>8</left>
                            <centerbottom>40</centerbottom>
                            <height>64</height>
                            <orientation>horizontal</orientation>
                            <align>left</align>
                            <itemgap>20</itemgap>
                            <usecontrolcoords>true</usecontrolcoords>
                            <control type="image">
                                <width>48</width>
                                <height>64</height>
                                <texture colordiffuse="PanelFG-NF">flags/year.png</texture>
                                <aspectratio align="left">scale</aspectratio>
                                <visible>!IsEmpty(ListItem.Year)</visible>
                            </control>
                            <control type="label">
                                <width>80</width>
                                <height>64</height>
                                <align>left</align>
                                <aligny>center</aligny>
                                <label>$INFO[ListItem.Year]</label>
                                <font>Flag</font>
                                <textcolor>PanelFG-NF</textcolor>
                                <visible>!IsEmpty(ListItem.Year)</visible>
                            </control>
                            <control type="image">
                                <width>48</width>
                                <height>64</height>
                                <texture colordiffuse="PanelFG-NF">flags/time.png</texture>
                                <aspectratio align="left">scale</aspectratio>
                                <visible>!IsEmpty(ListItem.Duration)</visible>
                            </control>
                            <control type="label">
                                <width>130</width>
                                <height>64</height>
                                <align>left</align>
                                <aligny>center</aligny>
                                <label>$INFO[ListItem.Duration,, $LOCALIZE[31107]]</label>
                                <font>Flag</font>
                                <textcolor>PanelFG-NF</textcolor>
                                <visible>!IsEmpty(ListItem.Duration)</visible>
                            </control>
                            <control type="image">
                                <width>48</width>
                                <height>64</height>
                                <texture colordiffuse="PanelFG-NF">flags/video.png</texture>
                                <aspectratio align="left">scale</aspectratio>
                                <visible>!IsEmpty(ListItem.VideoCodec)</visible>
                            </control>
                            <control type="label">
                                <width>70</width>
                                <height>64</height>
                                <align>left</align>
                                <aligny>center</aligny>
                                <label>$INFO[ListItem.VideoResolution]</label>
                                <font>Flag</font>
                                <textcolor>PanelFG-NF</textcolor>
                                <visible>!IsEmpty(ListItem.VideoCodec)</visible>
                            </control>
                            <control type="image">
                                <width>48</width>
                                <height>64</height>
                                <texture colordiffuse="PanelFG-NF">flags/audio.png</texture>
                                <aspectratio align="left">scale</aspectratio>
                                <visible>!IsEmpty(ListItem.AudioCodec)</visible>
                            </control>
                            <control type="label">
                                <width>auto</width>
                                <height>64</height>
                                <align>left</align>
                                <aligny>center</aligny>
                                <label>$VAR[LabelAudioChannels]</label>
                                <font>Flag</font>
                                <textcolor>PanelFG-NF</textcolor>
                                <visible>!IsEmpty(ListItem.AudioCodec)</visible>
                            </control>
                            
                            
                        </control>
                        <control type="image">
                            <right>16</right>
                            <centerbottom>40</centerbottom>
                            <width>64</width>
                            <height>64</height>
                            <texture colordiffuse="PanelFG-NF">$VAR[3DDVDFLAG]</texture>
                        </control>
        
                    </control>
                </control>
                <control type="list" id="59">
                    <width>widgethubrightw</width>
                    <height>globalh</height>
                    <onleft>60</onleft>
                    <onright>9000</onright>
                    <onup>59</onup>
                    <ondown>59</ondown>
                    <movement>2</movement>
                    <focusposition>2</focusposition>
                    <include>DefOnBack</include>
                    <pagecontrol>60</pagecontrol>
                    <viewtype label="31242">list</viewtype>
                    <scrolltime tween="quadratic">400</scrolltime>

                    <itemlayout width="widgethubrightw" height="69">
                        <control type="group">
                            <include>59ListContent</include>
                        </control>
        

                    </itemlayout>

                    <focusedlayout width="widgethubrightw" height="69">
                        <control type="group">
                            <control type="group">
                                <visible>Control.HasFocus(59)</visible>
                                <control type="image">
                                    <width>widgethubrightw</width>
                                    <height>69</height>
                                    <texture border="5" colordiffuse="PosterHighlight">common/white.png</texture>
                                    <visible>!Skin.HasSetting(list.highlight)</visible>
                                </control>
                                <control type="group">
                                    <visible>Skin.HasSetting(list.highlight)</visible>
                                    <control type="image">
                                        <width>widgethubrightw</width>
                                        <height>69</height>
                                        <texture border="5" colordiffuse="PosterBorder">common/border-inner.png</texture>
                                    </control>
                                    <control type="image">
                                        <width>8</width>
                                        <height>69</height>
                                        <texture colordiffuse="PosterHighlight">common/white.png</texture>
                                    </control>
                                </control>
                                <control type="label">
                                    <left>25</left>
                                    <right>75</right>
                                    <textcolor>Selected</textcolor>
                                    <font>Font-ListInfo</font>
                                    <label>$VAR[VARLabel]</label>
                                </control>
                                <control type="group">
                                    <posx>56r</posx>
                                    <posy>8</posy>
                                    <include>WatchedImageList</include>
                                </control>
                            </control>
                            <control type="group">
                                <visible>!Control.HasFocus(59)</visible>
                                <include>59ListContent</include>
                            </control>
                        </control>
                    </focusedlayout>

                </control>
                <control type="scrollbar" id="60">
                    <posx>-26</posx>
                    <posy>0</posy>
                    <height>globalh</height>
                    <include>DefScrollBarMove</include>
                    <animation effect="fade" start="100" end="25" time="100" condition="!Control.HasFocus(60)">Conditional</animation>
                    <animation effect="fade" start="100" end="0" condition="ControlGroup(9000).HasFocus()">Conditional</animation>
                    <animation effect="fade" start="100" end="25" condition="[!IntegerGreaterThan(Container.NumPages,1) + !Control.HasFocus(60)]">Conditional</animation>
                </control>   
               
            </control>
        </control>

    </include>

</includes>
