<?xml version="1.0" encoding="UTF-8"?>
<!-- Foundation -->
<includes>
    <constant name="infolistw">1448</constant>
    <constant name="infolistx">0</constant>
    <include name="57ListContent">
        <control type="group">
            <visible>Container.Content(movies) | Container.Content(episodes) | Container.Content(songs) | Container.Content(seasons) | Container.Content(tvshows)</visible>
            
            <control type="group">
                <posx>1400</posx>
                <posy>8</posy>
                <align>right</align>
                <include>WatchedImageList</include>
                <animation effect="fade" start="100" end="50" condition="true">Conditional</animation>
            </control>
            <control type="label">
                <posx>500</posx>
                <align>right</align>
                <width>900</width>
                <font>Font-Button</font>
                <label>$INFO[ListItem.Label]</label>
            </control>
        </control>
        <control type="label">
            <posx>30</posx>
            <width>900</width>
            <font>Font-Button</font>
            <label>$INFO[ListItem.Label]</label>
            <visible>!Container.Content(movies) + !Container.Content(episodes) + !Container.Content(songs) + !Container.Content(seasons) + !Container.Content(tvshows)</visible>
        </control>
        <control type="label">
            <right>500</right>
            <width>900</width>
            <font>Font-ListInfo-Small</font>
            <align>left</align>
            <label>$INFO[ListItem.Label2]</label>
        </control>
    </include>
    <include name="View_57_InfoList">
    
        <description>List View (id=57)</description>
        <control type="group">
            <visible>Control.IsVisible(57)</visible>
            <include>Animation.ViewChange</include>     
            <include>DefSideLabel</include> 
              
            <control type="group">
                <posx>listx</posx>
                <posy>listy</posy>
                <control type="group">
                    <height>335</height>
                    <width>globalw</width>
                    <control type="image">
                        <width>globalw</width>
                        <height>100%</height>
                        <texture border="5" colordiffuse="PosterBorder">common/border-inner.png</texture>
                    </control>
                    <control type="group">
                        <posx>870</posx>
                        <control type="image">
                            <posx>globalpad</posx>
                            <posy>globalpad</posy>
                            <width>558</width>
                            <height>315</height>
                            <texture>$VAR[FanartImage]</texture>
                            <aspectratio>scale</aspectratio>
                        </control>
                    </control>
                    <control type="grouplist">
                        <orientation>vertical</orientation>
                        <posx>20</posx>
                        <posy>16</posy>
                        <width>835</width>
                        <height>312</height>
                        <itemgap>4</itemgap>
                        <control type="label">
                            <width>835</width>
                            <height>44</height>
                            <aligny>top</aligny>
                            <align>right</align>
                            <label>$INFO[ListItem.Label]</label>
                            <font>Font-ListHeader</font>
                        </control>
                        <control type="label">
	                        <!-- אקשן-->
	                        <align>right</align>
                            <width>835</width>
                            <height>46</height>
                            <aligny>top</aligny>
                            <label>$VAR[VARLabel3]</label>
                            <font>Font-ListInfo-Small</font>
                        </control>
                        <control type="textbox">
	                        <!--textbox-->
                            <width>835</width>
                            <height>130</height>
                            <label>$VAR[PlotBox]</label>
                            <font>Font-ListInfo-Small</font>
                            <align>right</align>
                        </control>
                        
                    </control>
                    <control type="grouplist">
                        <include>Animation.FadeIn</include>
                        <include>Animation.FadeOut</include>
                        <!--Star-->
                        <right>575</right>
                        <centertop>42</centertop>
                        <height>64</height>
                        <orientation>horizontal</orientation>
                        <align>laft</align>
                        <itemgap>24</itemgap>
                        <usecontrolcoords>true</usecontrolcoords>
                        
                        <control type="image">
                            <width>64</width>
                            <height>64</height>
                            <texture colordiffuse="PanelFG-NF">flags/$VAR[Flagstar1].png</texture>
                        </control>
                        <control type="image">
                            <posx>-48</posx>
                            <width>64</width>
                            <height>64</height>
                            <texture colordiffuse="PanelFG-NF">flags/$VAR[Flagstar2].png</texture>
                        </control>
                        <control type="image">
                            <posx>-48</posx>
                            <width>64</width>
                            <height>64</height>
                            <texture colordiffuse="PanelFG-NF">flags/$VAR[Flagstar3].png</texture>
                        </control>
                        <control type="image">
                            <posx>-48</posx>
                            <width>64</width>
                            <height>64</height>
                            <texture colordiffuse="PanelFG-NF">flags/$VAR[Flagstar4].png</texture>
                        </control>
                        <control type="image">
                            <posx>-48</posx>
                            <width>64</width>
                            <height>64</height>
                            <texture colordiffuse="PanelFG-NF">flags/$VAR[Flagstar5].png</texture>
                        </control>
                    </control>
                    <control type="grouplist">
	                    <!- dts -->
                        <include>Animation.FadeIn</include>
                        <include>Animation.FadeOut</include>
                        <left>8</left>
                        <centerbottom>40</centerbottom>
                        <height>64</height>
                        <orientation>horizontal</orientation>
                        <align>left</align>
                        <itemgap>20</itemgap>
                        <usecontrolcoords>true</usecontrolcoords>
                        <control type="image">
                            <width>48</width>
                            <height>64</height>
                            <texture colordiffuse="PanelFG-NF">flags/year.png</texture>
                            <aspectratio align="left">scale</aspectratio>
                            <visible>!IsEmpty(ListItem.Year)</visible>
                        </control>
                        <control type="label">
                            <width>80</width>
                            <height>64</height>
                            <align>right</align>
                            <aligny>center</aligny>
                            <label>$INFO[ListItem.Year]</label>
                            <font>Flag</font>
                            <textcolor>PanelFG-NF</textcolor>
                            <visible>!IsEmpty(ListItem.Year)</visible>
                        </control>
                        <control type="image">
                            <width>48</width>
                            <height>64</height>
                            <texture colordiffuse="PanelFG-NF">flags/time.png</texture>
                            <aspectratio align="left">scale</aspectratio>
                            <visible>!IsEmpty(ListItem.Duration)</visible>
                        </control>
                        <control type="label">
                            <width>120</width>
                            <height>64</height>
                            <align>right</align>
                            <aligny>center</aligny>
                            <label>$INFO[ListItem.Duration,, $LOCALIZE[31107]]</label>
                            <font>Flag</font>
                            <textcolor>PanelFG-NF</textcolor>
                            <visible>!IsEmpty(ListItem.Duration)</visible>
                        </control>
                        <control type="image">
                            <width>48</width>
                            <height>64</height>
                            <texture colordiffuse="PanelFG-NF">flags/video.png</texture>
                            <aspectratio align="left">scale</aspectratio>
                            <visible>!IsEmpty(ListItem.VideoCodec)</visible>
                        </control>
                        <control type="label">
                            <width>70</width>
                            <height>64</height>
                            <align>right</align>
                            <aligny>center</aligny>
                            <label>$INFO[ListItem.VideoResolution]</label>
                            <font>Flag</font>
                            <textcolor>PanelFG-NF</textcolor>
                            <visible>!IsEmpty(ListItem.VideoCodec)</visible>
                        </control>
                        <control type="image">
                            <width>48</width>
                            <height>64</height>
                            <texture colordiffuse="PanelFG-NF">flags/audio.png</texture>
                            <aspectratio align="left">scale</aspectratio>
                            <visible>!IsEmpty(ListItem.AudioCodec)</visible>
                        </control>
                        <control type="label">
                            <width>auto</width>
                            <height>64</height>
                            <align>right</align>
                            <aligny>center</aligny>
                            <label>$VAR[LabelAudioChannels]</label>
                            <font>Flag</font>
                            <textcolor>PanelFG-NF</textcolor>
                            <visible>!IsEmpty(ListItem.AudioCodec)</visible>
                        </control>
                        
                        
                    </control>
                    <control type="image">
                        <right>585</right>
                        <centerbottom>40</centerbottom>
                        <width>64</width>
                        <height>64</height>
                        <texture colordiffuse="PanelFG-NF">$VAR[3DDVDFLAG]</texture>
                    </control>
                
                </control>
                <control type="group">
                    <posy>345</posy>
                    <control type="image">
                        <posx>infolistx</posx>
                        <posy>0</posy>
                        <width>infolistw</width>
                        <height>345</height>
                        <texture border="5" colordiffuse="PosterBorder">common/border-inner.png</texture>
                        <visible>!Skin.HasSetting(list.highlight)</visible>
                    </control>
                
                    
                    <control type="list" id="57">
                        <posx>infolistx</posx>
                        <width>infolistw</width>
                        <height>345</height>
                        <onleft>60</onleft>
                        <onright>9000</onright>
                        <onup>57</onup>
                        <ondown>57</ondown>
                        <movement>2</movement>
                        <focusposition>2</focusposition>
                        <include>DefOnBack</include>
                        <pagecontrol>60</pagecontrol>
                        <viewtype label="31225">list</viewtype>
                        <scrolltime tween="quadratic">400</scrolltime>

                        <itemlayout width="infolistw" height="69">
                            <control type="group">
                                <include>57ListContent</include>
                            </control>
            

                        </itemlayout>

                        <focusedlayout width="infolistw" height="69">
                            <control type="group">
                                <control type="group">
                                    <visible>Control.HasFocus(57)</visible>
                                 
                                    <control type="group">
                                        <visible>Skin.HasSetting(list.highlight)</visible>
                                        <control type="image">
                                            <height>listh</height>
                                            <width>infolistw</width>
                                            <texture border="12" flipx="false" colordiffuse="PosterBorder">common/border-inner.png</texture>
                                        </control>
                                        <control type="image">
                                            <height>listh</height>
                                            <width>8</width>
                                            <texture flipx="false" colordiffuse="PosterHighlight">common/white.png</texture>
                                        </control>
                                    </control>
                                    <control type="image">
                                        <visible>!Skin.HasSetting(list.highlight)</visible>
                                        <height>listh</height>
                                        <width>infolistw</width>
                                        <texture border="12" flipx="false" colordiffuse="PosterHighlight">common/white.png</texture>
                                    </control>
                                    <control type="group">
                                        <visible>Container.Content(movies) | Container.Content(episodes) | Container.Content(songs) | Container.Content(seasons) | Container.Content(tvshows)</visible>
                                        <control type="group">
                                            <posx>1400</posx>
                                            <posy>8</posy>
                                            <align>right</align>
                                            <include>WatchedImageList</include>
                                        </control>
                                        <control type="label">
                                            <posx>500</posx>
                                            <width>900</width>
                                            <align>right</align>
                                            <textcolor>Selected</textcolor>
                                            <font>Font-Button</font>
                                            <label>$INFO[ListItem.Label]</label>
                                        </control>
                                    </control>
                                    <control type="label">
                                        <posx>30</posx>
                                        <width>900</width>
                                        <font>Font-Button</font>
                                        <textcolor>Selected</textcolor>
                                        <label>$INFO[ListItem.Label]</label>
                                        <visible>!Container.Content(movies) + !Container.Content(episodes) + !Container.Content(songs) + !Container.Content(seasons) + !Container.Content(tvshows)</visible>
                                    </control>
                                    <control type="label">
                                        <right>500</right>
                                        <width>900</width>
                                        <textcolor>Selected</textcolor>
                                        <font>Font-ListInfo-Small</font>
                                        <align>left</align>
                                        <label>$INFO[ListItem.Label2]</label>
                                    </control>
                                    
                                </control>
                                <control type="group">
                                    <visible>!Control.HasFocus(57)</visible>
                                    <include>57ListContent</include>
                                </control>
                            </control>
                        </focusedlayout>

                    </control>
                </control>
                <control type="scrollbar" id="60">
                    <posx>infolistx</posx>
                    <posy>345</posy>
                    <height>345</height>
                    <include>DefScrollBarMove</include>
                    <animation effect="fade" start="100" end="0" time="100" condition="!Control.HasFocus(60)">Conditional</animation>
                    <animation effect="fade" start="100" end="0" condition="[!IntegerGreaterThan(Container.NumPages,1) + !Control.HasFocus(60)] | ControlGroup(9000).HasFocus()">Conditional</animation>
                </control>    
            </control>
        </control>

    </include>

</includes>
