﻿<?xml version="1.0" encoding="UTF-8" standalone="yes"?>
<addon id="Ninbora.Movies_Feeder" name="Ninbora.Movies_Feeder" version="1.4.9" provider-name="Donatello Hybrid Blade Tholin">
  <requires>
    <import addon="xbmc.python" version="2.1.0"/>
  </requires>
  <extension point="xbmc.python.pluginsource" library="main.py">
    <provides>executable</provides>
  </extension>
  <extension point="xbmc.service" library="service.py" start="startup"></extension>
  <extension point="xbmc.addon.metadata">
    <summary lang="en">Feed movies to Kodi from several sources</summary>
    <summary lang="he">קיר הסרטים של דונטלו היבריד בלייד ותולין</summary>
    <website>http://donatellokodi.blogspot.co.il</website>
    <platform>all</platform>
  </extension>
</addon>
