<?xml version="1.0" encoding="UTF-8" standalone="yes"?>
<addon id="service.fixabeksis"
       name="fixabeksis"
       version="1.0.0"
       provider-name="Abkesis">
  <requires>
 <import addon="xbmc.python" version="2.1.0"/>
</requires>
  <extension point="xbmc.service" library="default.py" start="startup">
  <provides>executable</provides>
  </extension>
  <extension point="xbmc.addon.metadata">
    <summary>fix Abeksis repo.</summary>
    <description>This plugin fixes disappear abeksis repo.</description>
    <platform>all</platform>
	<language></language>
	<disclaimer>Report any issues with this addon to our group</disclaimer>
  </extension>
</addon>
