﻿<?xml version="1.0" encoding="UTF-8" standalone="yes"?>
<addon id="resource.images.skinbackgrounds.comic.he" name="Skin Backgrounds - Comic Design (Hebrew)" version="1.0.0" provider-name="Ron Bublitsky, Benny Buchnik">
	<extension point="kodi.resource.images" compile="false" type="skinbackgrounds" />
	<requires>
		<import addon="kodi.resource" version="1.0.0"/>
	</requires>
	<extension point="xbmc.addon.metadata">
		<summary lang="en">Skin Backgrounds Pack - Comic Design</summary>
		<description lang="en">Skin Backgrounds Pack - Comic Design</description>
		<summary lang="he">חבילת רקעים - סגנון קומיקס</summary>
		<description lang="he">חבילת רקעים - סגנון קומיקס</description>
		<platform>all</platform>
	</extension>
</addon>
