<?xml version="1.0" encoding="UTF-8" standalone="yes"?>
<addon id="script.mrknow.urlresolver" name="Mrknow URLResolver" version="2016.10.28.1" provider-name="mrknow" >
	<requires>
		<import addon="xbmc.python" version="2.1.0" />
	</requires>
	<extension point="xbmc.python.module" library="lib" />
	<extension point="xbmc.python.pluginsource" library="lib/default.py" />
	<extension point="xbmc.addon.metadata">
		<platform>all</platform>
		<summary lang="en">This addon is almost exact copy Urlresolver from Tknorris repository https://github.com/tknorris/script.module.urlresolver. Resolve common video host URL's to be playable in XBMC/Kodi. Website http://filmkodi.com . Our suport forum https://github.com/mrknow/filmkodi/issues. </summary>
		<description lang="en">This addon is almost exact copy Urlresolver from Tknorris repository https://github.com/tknorris/script.module.urlresolver Resolve common video host URL's to be playable in XBMC/Kodi, simplify addon development of video plugins requiring multi video hosts.</description>
	</extension>
</addon>
