﻿<?xml version="1.0" encoding="UTF-8" standalone="yes"?>
<addon id="plugin.video.specto" name="Specto - ... Fork"  version="2016.11.18.1" provider-name="mrknow" >
	<requires>
		<import addon="xbmc.python" version="2.1.0" />
		<import addon="script.module.requests" version="1.0.0" />
		<import addon="script.module.metahandler" />
		<import addon="plugin.video.youtube" optional="true" />
		<import addon="script.mrknow.urlresolver" />
		<import addon="script.specto.media" />

	</requires>
	<extension point="xbmc.python.pluginsource" library="default.py">
		<provides>video</provides>
	</extension>
	<extension point="xbmc.service" library="service.py" start="startup" />
	<extension point="xbmc.addon.metadata">
		<summary lang="en">Mrknow fork of ...</summary>
		<description lang="en">Specto - ... Fork. Website http://filmkodi.com . Our suport forum https://github.com/mrknow/filmkodi/issues.</description>
		<disclaimer lang="en">The author does not host or distribute any of the content displayed by this addon. The author does not have any affiliation with the content provider.
		</disclaimer>
		<forum>https://github.com/mrknow/filmkodi/issues</forum>
		<source>http://filmkodi.com/repository/</source>
		<website>http://filmkodi.com/en/wtyczka-specto-fork-genesis/</website>
		<platform>all</platform>
	</extension>
</addon>
