﻿<?xml version="1.0" encoding="UTF-8" standalone="yes"?>
<addon id="repository.thevibe" name="The-Vibe Team Repository" version="6.2.1" provider-name="The-Vibe Team">
  <extension point="xbmc.addon.repository" name=".TheVibe Repository ">
    <info compressed="false">https://raw.githubusercontent.com/teamThevibe/thevibe-repo/master/addons.xml</info>
    <checksum>http://bit.srp.co.il/addonsMD5</checksum>
    <datadir zip="true">https://github.com/teamThevibe/thevibe-repo/raw/master/repo/</datadir>
  </extension>
  <extension point="xbmc.addon.metadata">
    <summary>The-Vibe Team Repository</summary>
    <description>The-Vibe Team Repository</description>
    <platform>all</platform>
    <website>http://www.the-vibe.co.il</website>
  </extension>
</addon>
