﻿<?xml version="1.0" encoding="UTF-8" standalone="yes"?>
<addon id="repository.exodus" version="1.0.0" name="Exodus repository" provider-name="Exodus">
	<extension point="xbmc.addon.repository" name="Exodus repository">
		<dir>
			<info compressed="false">https://offshoregit.com/tvaresolvers/tva-common-repository/raw/master/addons.xml</info>
			<checksum>https://offshoregit.com/tvaresolvers/tva-common-repository/raw/master/addons.xml.md5</checksum>
			<datadir zip="true">https://offshoregit.com/tvaresolvers/tva-common-repository/raw/master/zips/</datadir>
		</dir>
		<info compressed="false">https://offshoregit.com/exodus/addons.xml</info>
		<checksum>https://offshoregit.com/exodus/addons.xml.md5</checksum>
		<datadir zip="true">https://offshoregit.com/exodus/</datadir>
	</extension>
	<extension point="xbmc.addon.metadata">
		<summary lang="en">Exodus repository</summary>
		<description lang="en">Exodus repository</description>
		<platform>all</platform>
	</extension>
</addon>

