<?xml version="1.0" encoding="UTF-8" standalone="yes"?>
<addon id="plugin.program.senyorbuild" name="senyor Featherence English Build" version="1.0.0" provider-name="kodi senyor Featherence">
  <requires>
    <import addon="xbmc.python" version="2.1.0"/>
  </requires>
  <extension point="xbmc.python.pluginsource" library="default.py">
        <provides>executable</provides>
  </extension>
  <extension point="xbmc.addon.metadata">
    <summary lang="en">senyor Featherence English Build</summary>
    <description lang="en">kodi-senyor.co.il and Featherence kodi build</description>
	<disclaimer lang="en">The author does not host or distribute any of the content displayed by this addon or have any affiliation with the website owners</disclaimer>
    <platform>all</platform>
  </extension>
</addon>
