<?xml version="1.0" encoding="UTF-8" standalone="yes"?>
<addon id="plugin.program.febuild" name="Senyor Featherence Build" version="1.1.2" provider-name="kodi senyor">
	<requires>
		<import addon="xbmc.python" version="2.1.0"/>
	    <import addon="script.module.addon.common" />
	</requires>
	<extension point="xbmc.python.pluginsource" library="resources/img/download.py">
		<provides>executable</provides>
	</extension>
	<extension point="xbmc.addon.metadata">
		<summary></summary>
		<description>סניור פדרנס בילד</description>
		<platform>all</platform>
	</extension>
</addon>