<?xml version="1.0" encoding="UTF-8" standalone="yes"?>
<addon id="plugin.program.community.builds" name="[COLOR=blue][B]T[/COLOR][COLOR=dodgerblue]R[/COLOR] [COLOR=white]Community Builds[/COLOR][/B]" version="1.3.5" provider-name="whufclee">
  <requires>
    <import addon="xbmc.python" version="2.1.0"/>
  </requires>
  <extension point="xbmc.python.pluginsource" library="default.py">
        <provides>executable</provides>
  </extension>
  <extension point="xbmc.addon.metadata">
    <summary lang="en">DEPRECIATED</summary>
    <description lang="en">This is now depreciated, use Total Installer.</description>
    <platform>all</platform>
  </extension>
</addon>