<?xml version="1.0" encoding="UTF-8" standalone="yes"?>
<addon id="plugin.video.greek" name="מוזיקה יוונית" version="1.0.3" provider-name="Abeksis - Yehuda Belhasin‎‏">
  <requires>
    <import addon="xbmc.python" version="2.1.0"/>
    <import addon="script.module.addon.common" version="2.0.0"/>
    <import addon="plugin.video.youtube" version="5.0.0"/>
  </requires>
  <extension point="xbmc.python.pluginsource" library="default.py">
    <provides>video audio</provides>
  </extension>
  <extension point="xbmc.addon.metadata">
    <summary lang="en">Greek Music</summary>
    <summary lang="he">מוזיקה יוונית</summary>
    <description lang="en">The Best Greek Music</description>
    <description lang="he">מוזיקה יוונית מכל הזמנים ובכל הסגנונות</description>
    <platform>all</platform>
    <forum>n/a</forum>
    <website>n/a</website>
  </extension>
</addon>