﻿<?xml version="1.0" encoding="UTF-8" standalone="yes"?>
<addon id="resource.images.skinicons.vibe2.he" name="Skin Icons - The Vibe2 Icons (Hebrew)" version="1.0.0" provider-name="Adir Abutbul, Benny Buchnik">
	<extension point="kodi.resource.images" compile="false" type="skinicons" />
	<requires>
		<import addon="kodi.resource" version="1.0.0"/>
	</requires>
	<extension point="xbmc.addon.metadata">
		<summary lang="en">Skin Icons Pack - The Vibe2 Design</summary>
		<description lang="en">Skin Icons Pack - The Vibe2 Design</description>
		<summary lang="he">חבילת אייקונים - וייב</summary>
		<description lang="he">חבילת אייקונים - וייב</description>
		<platform>all</platform>
	</extension>
</addon>
