<?xml version="1.0" encoding="UTF-8" standalone="yes"?><addon id="metadata.hebmovies.wiz" name="HebMovies.wiz" version="1.0.3" provider-name="CaTz, TheWiz">
    <requires>
        <import addon="xbmc.metadata" version="1.0"/>
        <import addon="metadata.common.themoviedb.org" version="2.8.0"/>
        <import addon="metadata.common.movieposterdb.com" version="1.1.0" optional="true"/>
        <import addon="metadata.common.imdb.com" version="2.6.0"/>
    </requires>
    <extension point="xbmc.metadata.scraper.movies" language="he" library="hebmovies.xml"/>
    <extension point="xbmc.addon.metadata">
        <summary lang="en">HebMovies.wiz Scraper</summary>
        <summary lang="he">סקרייפר סרטים HebMovies.wiz</summary>
        <description lang="he">הורדת מידע של סרטים בעברית</description>
        <description lang="en">Download Movie information from HebMovies.wiz</description>
        <platform>all</platform>
    </extension>
</addon>