﻿<?xml version="1.0" encoding="UTF-8"?>
<scraper framework="1.1" date="2015-02-26">

    <!-- This Is what happen when local NFO is found - right now I'm not dealing with it -->
    <NfoUrl dest="3">
		<RegExp input="$$1" output="&lt;details&gt;&lt;url&gt;http://api.thewiz.info/?imdb=tt\1&lt;/details&gt;" dest="3">
			<expression noclean="1">imdb....?/title/tt([0-9]*)</expression>
		</RegExp>
    </NfoUrl>

    <!-- Here Is The Tricky Part, There Are 3 steps of getting data. first - we need to search the movie, second we need to get page with all of the movies\urls that found according to our search - and last, we need to get data from the result -->
    <!-- this how scarpers work and we should stick with it -->
    <!-- Step1 - Create url search - This is creates the url search, normaly this is should return the page with all the results of the search, in our case - just one result because no realy search is made by us -->
    <CreateSearchUrl dest="3">
        <RegExp input="$$1" output="&lt;url&gt;http://api.thewiz.info/?t=\1&amp;y=\2&lt;/url&gt;" dest="3">
            <expression></expression>
        </RegExp>
    </CreateSearchUrl>

    <!-- Step2- after the search was made - this is the section that made the dialog of movies and urls and let the user pick one. again in our case only one movie -->
    <GetSearchResults dest="8">
        <!-- this part is a little difficult to understand, right now I think it is good enough and no edit need to be made-->
        <RegExp input="$$5" output="&lt;?xml version=&quot;1.0&quot; encoding=&quot;iso-8859-1&quot; standalone=&quot;yes&quot;?&gt;&lt;results&gt;\1&lt;/results&gt;" dest="8">
            <RegExp input="$$1" output="&lt;entity&gt;&lt;title&gt;\1&lt;/title&gt;" dest="5">
                <expression repeat="yes">&lt;SEARCH\d+ id=&quot;\d+&quot;&gt;(.+?)&lt;/SEARCH\d+&gt;</expression>
            </RegExp>
            <RegExp input="$$1" output="&lt;url&gt;http://api.thewiz.info/index.php?l=he&amp;i=\1&lt;/url&gt;&lt;/entity&gt;" dest="5+">
                <expression repeat="yes">&lt;SEARCH\d+ id=&quot;(\d+)&quot;&gt;.+?&lt;/SEARCH\d+&gt;</expression>
            </RegExp>
            <expression noclean="1"></expression>
        </RegExp>
    </GetSearchResults>

    <!-- Step 3 - this is the part when we getting the data from the result. $$1 contains all the page, and we need to use regex to extract the right data -->
    <!-- as you will see I used this &lt;TAGNAME&gt;(.+?)&lt;/TAGNAME&gt; method to extract data between xml tags, actually I don't see why use the xml format was good... but its working so..doesnt matter -->
    <!-- you need to use this tool http://www.freeformatter.com/xml-escape.html#ad-output for making chars that doesn't allowed on xml like &<>/ to &amp; &lt; etc.... -->
    <!-- also be aware that regex is case sensetive so hebrew_title instead of Hebrew_Title won't work -->
    <!-- http://kodi.wiki/view/Scrapers -> This is GREAT link - read it -->

    <GetDetails dest="3">
        <!--makes the <details>all-tags-here</details> tags and put everything that is below between them -->
        <RegExp input="$$5" output="&lt;details&gt;\1&lt;/details&gt;" dest="3">
            <RegExp input="$$1" output="&lt;id&gt;\1&lt;/id&gt;" dest="5+">
                <expression clear="yes" noclean="1">http://api.thewiz.info/?i=([^"]+)</expression>
            </RegExp>
            <RegExp conditional="!keeporiginaltitle" input="$$1" output="&lt;title&gt;\1&lt;/title&gt;" dest="5">
                <expression>&lt;TITLE&gt;(.+?)&lt;/TITLE&gt;</expression>
            </RegExp>
            <RegExp conditional="keeporiginaltitle" input="$$1" output="&lt;title&gt;\1&lt;/title&gt;" dest="5">
                <expression>&lt;ORIGINAL_TITLE&gt;(.+?)&lt;/ORIGINAL_TITLE&gt;</expression>
            </RegExp>
            <RegExp input="$$1" output="&lt;runtime&gt;\1&lt;/runtime&gt;" dest="5+">
                <expression>&lt;RUNTIME&gt;(.+?)&lt;/RUNTIME&gt;</expression>
            </RegExp>
            <RegExp input="$$1" output="&lt;year&gt;\1&lt;/year&gt;" dest="5+">
                <expression>&lt;YEAR&gt;(.+?)&lt;/YEAR&gt;</expression>
            </RegExp>
            <RegExp input="$$1" output="&lt;plot&gt;\1&lt;/plot&gt;" dest="5+">
                <expression trim="1">&lt;PLOT&gt;(.+?)&lt;/PLOT&gt;</expression>
            </RegExp>
            <RegExp input="$$1" output="&lt;rating&gt;\1&lt;/rating&gt;" dest="5+">
                <expression>&lt;RATING&gt;(.+?)&lt;/RATING&gt;</expression>
            </RegExp>
            <RegExp input="$$1" output="&lt;votes&gt;\1&lt;/votes&gt;" dest="5+">
                <expression>&lt;VOTES&gt;(.+?)&lt;/VOTES&gt;</expression>
            </RegExp>
            <RegExp input="$$1" output="&lt;mpaa&gt;\1&lt;/mpaa&gt;" dest="5+">
                <expression>&lt;MPAA&gt;(.+?)&lt;/MPAA&gt;</expression>
            </RegExp>
            <RegExp input="$$1" output="&lt;tagline&gt;\1&lt;/tagline&gt;" dest="5+">
                <expression>&lt;STORYLINE&gt;(.+?)&lt;/STORYLINE&gt;</expression>
            </RegExp>
            <RegExp input="$$1" output="&lt;director&gt;\1&lt;/director&gt;" dest="5+">
                <expression repeat="true">&lt;DIRECTING n=&quot;\d+&quot;&gt;(.+?)&lt;/DIRECTING&gt;</expression>
            </RegExp>
            <RegExp input="$$1" output="&lt;writer&gt;\1&lt;/writer&gt;" dest="5+">
                <expression repeat="true">&lt;WRITING .*&gt;(.+?)&lt;/WRITING&gt;</expression>
            </RegExp>
            <RegExp input="$$1" output="&lt;genre&gt;\1&lt;/genre&gt;" dest="5+">
                <expression repeat="yes">&lt;GENRE n=&quot;\d+&quot;&gt;(.+?)&lt;/GENRE&gt;</expression>
            </RegExp>
            <RegExp input="$$1" output="&lt;actor&gt;&lt;name&gt;\2&lt;/name&gt;&lt;thumb&gt;\1&lt;/thumb&gt;&lt;/actor&gt;" dest="5+">
                <expression repeat="yes">&lt;ACTOR n=&quot;\d+&quot; photo=&quot;([^&quot;]+)&quot;&gt;(.+?)&lt;/ACTOR&gt;</expression>
            </RegExp>
            <!--thumb (9)-->
            <RegExp input="$INFO[thumbFrom]" output="&lt;chain function=&quot;GetTMDBThumbsByIdChain&quot;&gt;$$9&lt;/chain&gt;" dest="5+">
                <RegExp input="$$1" output="\1" dest="9">
                    <expression trim="1">&lt;IMDB_ID&gt;(.+?)&lt;/IMDB_ID&gt;</expression>
                </RegExp>
                <expression>TMDB</expression>
            </RegExp>
            <RegExp input="$INFO[thumbFrom]" output="$$9" dest="5+">
                <RegExp input="$$1" output="&lt;thumb&gt;\1&lt;/thumb&gt;" dest="9">
                    <expression>&lt;POSTER&gt;(.+?)&lt;/POSTER&gt;</expression>
                </RegExp>
                <expression>HebMovies</expression>
            </RegExp>
            <RegExp input="$INFO[thumbFrom]" output="&lt;chain function=&quot;GetMoviePosterDBThumbs&quot;&gt;$$9&lt;/chain&gt;" dest="5+">
                <RegExp input="$$1" output="\1" dest="9">
                    <expression trim="1">&lt;IMDB_ID&gt;(.+?)&lt;/IMDB_ID&gt;</expression>
                </RegExp>
                <expression>MoviePosterDB</expression>
            </RegExp>
            <!-- Fan Art (13)-->
            <RegExp input="$INFO[fanart]" output="&lt;chain function=&quot;GetTMDBFanartByIdChain&quot;&gt;$$13&lt;/chain&gt;" dest="5+">
                <RegExp input="$$1" output="\1" dest="13">
                    <expression trim="1">&lt;IMDB_ID&gt;(.+?)&lt;/IMDB_ID&gt;</expression>
                </RegExp>
                <expression>MovieDB</expression>
            </RegExp>

            <RegExp conditional="trailer" input="$$16" output="&lt;chain function=&quot;GetTMDBTrailerByIdChain&quot;&gt;\1&lt;/chain&gt;" dest="5+">
                <RegExp conditional="trailer" input="$$16" output="$$1" dest="16">
                    <expression noclean="1" clear="yes">^$</expression>
                </RegExp>
                <expression trim="1">&lt;IMDB_ID&gt;(.+?)&lt;/IMDB_ID&gt;</expression>
            </RegExp>

            <expression noclean="1" />
        </RegExp>
    </GetDetails>
</scraper>