<?xml version="1.0" encoding="UTF-8" standalone="yes"?>
<addon id="plugin.video.AresMoTV"
	   name="AresMoTV"
	   version="5.0"
	   provider-name="2uk3y-Kodim-Ares-Streams">
  <requires>
    <import addon="script.module.metahandler" optional="true" />
  </requires>
  <extension point="xbmc.python.pluginsource"
			 library="AresMoTV.py">
    	<provides>video</provides>
  </extension>
  <extension point="xbmc.addon.metadata">
    <summary lang="en">Sit Back &amp; Relax</summary>
    <description lang="en">Watch Your Favorite Movies &amp; TV Shows Online For Free.
Please visit [COLOR orange]https://ares-project.uk[/COLOR] for support and assistance.</description>
    <disclaimer lang="en">The author does not host or distribute any of the content displayed by this addon. The author does not have any affiliation with the content provider.</disclaimer>
    <platform>all</platform>
    <website>https://ares-project.uk</website>
    <forum>https://ares-project.uk</forum>
    <license>GNU GENERAL PUBLIC LICENSE. Version 2, June 1991</license>
  </extension>
</addon>
