<?xml version="1.0" encoding="UTF-8" standalone="yes"?>
<addon id="plugin.video.all_wrestling"
       name="All Wrestling"
       version="1.0.2"
       provider-name="RayW1986">
    <requires>
        <import addon="xbmc.python" version="2.1.0"/>
		<import addon="script.module.urlresolver"  version="2.1.2"/> 
		<import addon="script.module.liveresolver"  version="0.1.28"/> 
    </requires>
    <extension point="xbmc.python.pluginsource"
               	library="default.py">
        <provides>video</provides>
    </extension>
    <extension point="xbmc.addon.metadata">
        <platform>all</platform>
        <summary>Wrestling from allwrestling.net</summary>
        <description>For help or more information please visit TVADDONS.ag</description>
		<disclaimer lang="en">The author is not responsible for the media you find in this add-on.</disclaimer>
    </extension>
	
</addon>
