<?xml version="1.0" encoding="UTF-8"?>
<addon id="skin.eminence.he.2" version="0.9.49" name="Eminence He 2.0" provider-name="jurialmunkey">
    <requires>
        <import addon="xbmc.gui" version="5.10.0"/>
        <import addon="script.skinshortcuts" version="0.6.6"/>
        <import addon="script.skin.helper.service" version="0.0.1"/>
        <import addon="script.extendedinfo" version="3.0.0"/>
        <import addon="script.image.resource.select" version="0.0.5"/>
        <import addon="script.toolbox" version="1.1.0"/>
        <import addon="script.cdartmanager-NG" version="4.1.0"/>
        <import addon="plugin.program.autocompletion" version="1.0.0"/>
    </requires>
    <extension point="xbmc.gui.skin" defaultthemename="Textures.xbt" effectslowdown="1.00" debugging="false">
        <res width="1920" height="1080" aspect="16:9" default="true" folder="16x9" />
    </extension>
    <extension point="xbmc.addon.metadata">
        <platform>all</platform>
        <summary lang="en">Clean, clear, simple, modern.</summary>
        <summary lang="he">נוצר ע"י jurialmunkey/Abeksis</summary>
        <description lang="en">Eminence is a skin that aims to be clean, clear, simple and modern.</description>
        <description lang="he">הותאם לשפה העברית בהתאם למגבלות הקודי - נוחות, פשטות, בעלת מראה מודרני, והתאמה אישית</description>
    </extension>
</addon>
