﻿<?xml version="1.0" encoding="UTF-8" standalone="no"?>
<addon id="service.pushbullet"
       name="Pushbullet"
       version="11.0.0"
       provider-name="muttley,Rick Phillips (ruuk)">
  <requires>
    <import addon="xbmc.addon" version="12.0.0"/>
    <import addon="xbmc.python" version="2.1.0"/>
    <import addon="script.module.httplib2" version="0.8.0"/>
    <import addon="script.module.six" version="1.7.3"/>
    <import addon="script.module.youtube.dl" version="14.1104.0"/>
    <import addon="script.module.requests" version="2.3.0"/>
    <import addon="script.module.oauth.helper" version="0.0.7"/>
  </requires>
  <extension point="xbmc.service" library="service.py" start="login"/>
  <extension point="xbmc.python.script" library="main.py">
    <provides>executable</provides>
  </extension>
  <extension point="xbmc.addon.metadata">
    <summary lang="en">Receive, view, send and manage Pusbullet pushes.</summary>
    <description lang="en">
      A Pushbullet client that receives/sends pushes and/or mirrors other devices.
      Send videos, images, notes, lists and addresses from your phone and PC to Kodi/XBMC. Currently allows viewing of videos, images, audio, notes, addresses (with map) and lists (checkable).
    </description>
    <disclaimer lang="en">
      The author is not responsible for anything. Please review the code if you do not trust.
    </disclaimer>
    <license>GNU GENERAL PUBLIC LICENSE. Version 3, 29 June 2007. Logo is copyright of PushBullet Inc</license>
    <forum>http://forum.xbmc.org/showthread.php?tid=204567</forum>
    <website>https://github.com/elbowz/xbmc.service.pushbullet</website>
    <platform>all</platform>
  </extension>
</addon>
