﻿<?xml version="1.0" encoding="UTF-8" standalone="yes"?>
<addon id="plugin.video.thewiz.kids" name="TheWiz Kids Area" version="1.0.1" provider-name="TheWiz">
    <requires>
        <import addon="xbmc.python" version="2.1.0"/>
    </requires>
    <extension point="xbmc.python.pluginsource" library="default.py">
        <provides>video</provides>
    </extension>
    <extension point="xbmc.addon.metadata">
        <platform>all</platform>
        <summary lang="en">TheWiz Kids Area</summary>
        <summary lang="he">TheWiz סדרות/סרטים לילדים</summary>
        <description lang="en"></description>
        <description lang="he"></description>
        <disclaimer></disclaimer>
    </extension>
 </addon>
