<?xml version="1.0" encoding="UTF-8"?>
<includes>
    <!-- Password Protection -->
	<variable name="passcode">
		<value condition="[IsEmpty(Container(211).ListItem.Property(ParentalControl)) | SubString(Container(211).ListItem.Property(ParentalControl),no)]">$LOCALIZE[106]</value>
		<value>$LOCALIZE[107]</value>
	</variable>
	<variable name="temp_passcode">
		<value condition="!IsEmpty(Skin.String(temp))">$INFO[Skin.String(temp)]</value>
		<value>$INFO[Skin.String(passcode)]</value>
	</variable>
	<variable name="password_time">
		<value condition="!IsEmpty(Skin.String(password_time))">$INFO[Skin.String(password_time)]</value>
		<value>5</value>
	</variable>
	<variable name="password_notification">
		<value condition="StringCompare(Skin.String(mypassword),Skin.String(passcode))">$LOCALIZE[31291] $VAR[password_time] $LOCALIZE[12391]</value>
		<value>$LOCALIZE[31290]</value>
	</variable>	
	
    <include name="DefCdArtContainer">
        <top>45</top>
        <left>150</left>
        <width>1184</width>
        <height>990</height>
        <preloaditems>2</preloaditems>
        <pagecontrol>60</pagecontrol>
        <orientation>vertical</orientation>
        <scrolltime tween="quadratic">400</scrolltime>
        <itemlayout height="330" width="296">
            <control type="image">
                <left>10</left>
                <top>10</top>
                <right>10</right>
                <bottom>10</bottom>
                <texture border="5" colordiffuse="PosterBorder">common/white.png</texture>
            </control>
            <control type="label">
                <left>20</left>
                <right>20</right>
                <bottom>10</bottom>
                <height>50</height>
                <aligny>center</aligny>
                <align>center</align>
                <font>Tiny</font>
                <label>$INFO[ListItem.Label]</label>
                <textcolor>ListLabel</textcolor>
                <visible>!IsEmpty(ListItem.Label)</visible>
            </control>
            <control type="image">
                <left>20</left>
                <top>20</top>
                <right>20</right>
                <height>256</height>
                <aspectratio scalediffuse="false">scale</aspectratio>
                <texture colordiffuse="PosterBorder">common/white.png</texture>
            </control>
            <control type="image">
                <left>20</left>
                <top>20</top>
                <right>20</right>
                <height>256</height>
                <aspectratio scalediffuse="false" align="center" aligny="center">keep</aspectratio>
                <texture background="true">$INFO[ListItem.Art(thumb)]</texture>
            </control>
        </itemlayout>
        <focusedlayout height="330" width="296">
            <control type="image">
                <left>10</left>
                <top>10</top>
                <right>10</right>
                <bottom>10</bottom>
                <texture border="5" colordiffuse="$VAR[HighlightColor]">common/white.png</texture>
            </control>
            <control type="label">
                <left>20</left>
                <right>20</right>
                <bottom>10</bottom>
                <height>50</height>
                <aligny>center</aligny>
                <align>center</align>
                <font>Tiny</font>
                <label>$INFO[ListItem.Label]</label>
                <selectedcolor>Selected</selectedcolor>
                <textcolor>Selected</textcolor>
                <visible>!IsEmpty(ListItem.Label)</visible>
            </control>
            <control type="image">
                <left>20</left>
                <top>20</top>
                <right>20</right>
                <height>256</height>
                <aspectratio scalediffuse="false">scale</aspectratio>
                <texture colordiffuse="PosterBorder">common/white.png</texture>
            </control>
            <control type="image">
                <left>20</left>
                <top>20</top>
                <right>20</right>
                <height>256</height>
                <aspectratio scalediffuse="false" align="center" aligny="center">keep</aspectratio>
                <texture background="true">$INFO[ListItem.Art(thumb)]</texture>
            </control>
        </focusedlayout>
    </include>

    <variable name="Defs_SpinnerTexture">
        <value condition="!IsEmpty(Skin.String(SkinHelper.SpinnerTexturePath)) + !IsEmpty(Skin.String(SkinHelper.SpinnerTexture)) + !StringCompare(Skin.String(SkinHelper.SpinnerTexturePath),None)">$INFO[Skin.String(SkinHelper.SpinnerTexturePath)]</value>
        <value>special://skin/extras/busy_spinners/Default</value>
    </variable>
    <include name="Defs_OptionButton">
        <width>364</width>
        <height>69</height>
        <textcolor>ListLabel</textcolor>
        <alttextcolor>Selected</alttextcolor>
        <selectedcolor>Selected</selectedcolor>
        <focusedcolor>Selected</focusedcolor>
        <font>Font-ListInfo-Small</font>
        <aligny>center</aligny>
        <textoffsetx>side</textoffsetx>
        <radioposx>320</radioposx>
        <texturenofocus colordiffuse="PosterBorder">common/white.png</texturenofocus>
        <texturefocus colordiffuse="$VAR[HighlightColor]">common/white.png</texturefocus>
        <alttexturenofocus colordiffuse="PosterBorder">common/white.png</alttexturenofocus>
        <alttexturefocus colordiffuse="$VAR[HighlightColor]">common/white.png</alttexturefocus>
    </include>
    <include name="Defs_OptionButton2">
        <width>364</width>
        <height>69</height>
        <textcolor>ListLabel</textcolor>
        <alttextcolor>Selected</alttextcolor>
        <selectedcolor>Selected</selectedcolor>
        <focusedcolor>Selected</focusedcolor>
        <font>Font-ListInfo-Small</font>
        <aligny>center</aligny>
        <align>right</align>
        <textoffsetx>side</textoffsetx>
        <radioposx>40</radioposx>
        <texturenofocus colordiffuse="PosterBorder">common/white.png</texturenofocus>
        <texturefocus colordiffuse="$VAR[HighlightColor]">common/white.png</texturefocus>
        <alttexturenofocus colordiffuse="PosterBorder">common/white.png</alttexturenofocus>
        <alttexturefocus colordiffuse="$VAR[HighlightColor]">common/white.png</alttexturefocus>
    </include>
    <include name="Defs_OSDButton">
        <width>230</width>
        <height>48</height>
        <textcolor>ListLabel</textcolor>
        <selectedcolor>$VAR[HighlightColor]</selectedcolor>
        <focusedcolor>$VAR[HighlightColor]</focusedcolor>
        <font>Font-OSD</font>
        <aligny>center</aligny>
        <align>center</align>
        <textoffsetx>side</textoffsetx>
        <texturenofocus>noop</texturenofocus>
        <texturefocus>noop</texturefocus>
        <alttexturenofocus>noop</alttexturenofocus>
        <alttexturefocus>noop</alttexturefocus>
    </include>
    <include name="Defs_KeyboardButton">
        <width>120</width>
        <height>70</height>
        <textcolor>ListLabel</textcolor>
        <selectedcolor>Selected</selectedcolor>
        <focusedcolor>Selected</focusedcolor>
        <font>Font-ListInfo-Small</font>
        <aligny>center</aligny>
        <textoffsetx>side</textoffsetx>
        <radioposx>275</radioposx>
        <texturenofocus colordiffuse="PosterBorder">common/white.png</texturenofocus>
        <texturefocus colordiffuse="$VAR[HighlightColor]">common/white.png</texturefocus>
        <alttexturenofocus colordiffuse="PosterBorder">common/white.png</alttexturenofocus>
        <alttexturefocus colordiffuse="$VAR[HighlightColor]">common/white.png</alttexturefocus>
    </include>
        <include name="Defs_KeyboardButton2">
        <width>120</width>
        <height>70</height>
        <textcolor>ListLabel</textcolor>
        <selectedcolor>Selected</selectedcolor>
        <focusedcolor>Selected</focusedcolor>
        <font>Font-ListInfo-Small</font>
        <align>center</align>
        <aligny>center</aligny>
        <textoffsetx>side</textoffsetx>
        <radioposx>275</radioposx>
        <texturenofocus colordiffuse="PosterBorder">common/white.png</texturenofocus>
        <texturefocus colordiffuse="$VAR[HighlightColor]">common/white.png</texturefocus>
        <alttexturenofocus colordiffuse="PosterBorder">common/white.png</alttexturenofocus>
        <alttexturefocus colordiffuse="$VAR[HighlightColor]">common/white.png</alttexturefocus>
    </include>    
        <include name="Defs_KeyboardButton3">
        <width>120</width>
        <height>70</height>
        <textcolor>ListLabel</textcolor>
        <selectedcolor>Selected</selectedcolor>
        <focusedcolor>Selected</focusedcolor>
        <font>Font-ListInfo-Small</font>
        <align>right</align>
        <aligny>center</aligny>
        <textoffsetx>side</textoffsetx>
        <radioposx>275</radioposx>
        <texturenofocus colordiffuse="PosterBorder">common/white.png</texturenofocus>
        <texturefocus colordiffuse="$VAR[HighlightColor]">common/white.png</texturefocus>
        <alttexturenofocus colordiffuse="PosterBorder">common/white.png</alttexturenofocus>
        <alttexturefocus colordiffuse="$VAR[HighlightColor]">common/white.png</alttexturefocus>
    </include>    
    <variable name="Defs_Hub_Widget">
        <value condition="Window.IsVisible(1101) + !IsEmpty(Skin.String(Widget.1101))">$INFO[Skin.String(Widget.1101)]</value>
        <value condition="Window.IsVisible(1102) + !IsEmpty(Skin.String(Widget.1102))">$INFO[Skin.String(Widget.1102)]</value>
        <value condition="Window.IsVisible(1103) + !IsEmpty(Skin.String(Widget.1103))">$INFO[Skin.String(Widget.1103)]</value>
        <value condition="Window.IsVisible(1104) + !IsEmpty(Skin.String(Widget.1104))">$INFO[Skin.String(Widget.1104)]</value>
        <value condition="Window.IsVisible(1105) + !IsEmpty(Skin.String(Widget.1105))">$INFO[Skin.String(Widget.1105)]</value>
        <value condition="Window.IsVisible(1106) + !IsEmpty(Skin.String(Widget.1106))">$INFO[Skin.String(Widget.1106)]</value>
        <value condition="Window.IsVisible(1107) + !IsEmpty(Skin.String(Widget.1107))">$INFO[Skin.String(Widget.1107)]</value>
        <value condition="Window.IsVisible(1108) + !IsEmpty(Skin.String(Widget.1108))">$INFO[Skin.String(Widget.1108)]</value>
        <value condition="Window.IsVisible(1109) + !IsEmpty(Skin.String(Widget.1109))">$INFO[Skin.String(Widget.1109)]</value>
        <value condition="Window.IsVisible(1110) + !IsEmpty(Skin.String(Widget.1110))">$INFO[Skin.String(Widget.1110)]</value>
        <value condition="Window.IsVisible(1111) + !IsEmpty(Skin.String(Widget.1111))">$INFO[Skin.String(Widget.1111)]</value>
        <value condition="Window.IsVisible(1112) + !IsEmpty(Skin.String(Widget.1112))">$INFO[Skin.String(Widget.1112)]</value>
        <value condition="Window.IsVisible(1113) + !IsEmpty(Skin.String(Widget.1113))">$INFO[Skin.String(Widget.1113)]</value>
        <value condition="Window.IsVisible(1114) + !IsEmpty(Skin.String(Widget.1114))">$INFO[Skin.String(Widget.1114)]</value>
        <value condition="Window.IsVisible(1115) + !IsEmpty(Skin.String(Widget.1115))">$INFO[Skin.String(Widget.1115)]</value>
        <value condition="Window.IsVisible(1116) + !IsEmpty(Skin.String(Widget.1116))">$INFO[Skin.String(Widget.1116)]</value>
        <value condition="Window.IsVisible(1117) + !IsEmpty(Skin.String(Widget.1117))">$INFO[Skin.String(Widget.1117)]</value>
        <value condition="Window.IsVisible(1118) + !IsEmpty(Skin.String(Widget.1118))">$INFO[Skin.String(Widget.1118)]</value>
        <value condition="Window.IsVisible(1119) + !IsEmpty(Skin.String(Widget.1119))">$INFO[Skin.String(Widget.1119)]</value>
        <value condition="Window.IsVisible(1112) + !IsEmpty(Skin.String(Widget.1120))">$INFO[Skin.String(Widget.1120)]</value>
        <value condition="Window.IsVisible(1120)">special://skin/extras/playlists/RandomEpisodes.xsp</value>
        <value>special://skin/extras/playlists/RandomMovies.xsp</value>
    </variable>
    <variable name="Defs_HomeTileColor">
        <value condition="Skin.HasSetting(home.tilecolor) + !IsEmpty(Container(9000).ListItem.Property(tilecolor))">$INFO[Container(9000).ListItem.Property(tilecolor)]</value>
        <value condition="Skin.HasSetting(home.tilecolor) + !IsEmpty(Container(211).ListItem.Property(tilecolor))">$INFO[Container(211).ListItem.Property(tilecolor)]</value>
        <value>$VAR[HighlightColor]</value>
    </variable>
    <!-- Me HomeTextColor -->    
    <variable name="Defs_HomeTextColor">
        <value condition="!IsEmpty(Container(9000).ListItem.Property(textcolor)) + Skin.HasSetting(home.textcolor)">$INFO[Container(9000).ListItem.Property(textcolor)]</value>
        <value condition="IsEmpty(Skin.String(TextColor))">HomeBarFG</value>
        <value>$INFO[Skin.String(TextColor)]</value>
    </variable>  
      
    <include name="Defs_Shortcuts_SetHub">
        <control type="button" id="$PARAM[buttonid2]" description="Set HUB WIDGET">
            <width>100%</width>
            <align>left</align>
            <label>31097</label>
            <label2>$INFO[Skin.String(Widget.$PARAM[hubid].Label)]</label2>
            <visible>stringcompare(Window.Property(groupname),mainmenu)</visible>
            <visible>stringcompare(Container(211).ListItem.Label2,Hub $PARAM[hubid]) | stringcompare(Container(211).ListItem.Property(Path),ActivateWindow($PARAM[hubid]))</visible>
            <include>Defs_OptionButton</include>
            <onclick>RunScript(script.skinshortcuts,type=shortcuts&amp;grouping=widget&amp;skinList=Widget.$PARAM[hubid]&amp;skinLabel=Widget.$PARAM[hubid].Label)</onclick>
        </control>
        <control type="button" id="$PARAM[buttonid1]" description="Set HUB">
            <width>100%</width>
            <label>31096</label>
            <visible>stringcompare(Window.Property(groupname),mainmenu)</visible>
            <include>Defs_OptionButton</include>
            <visible>stringcompare(Container(211).ListItem.Label2,Hub $PARAM[hubid]) | stringcompare(Container(211).ListItem.Property(Path),ActivateWindow($PARAM[hubid]))</visible>
            <onclick>RunScript(script.skinshortcuts,type=manage&amp;group=x$PARAM[hubid])</onclick>
        </control>
    </include>
    <variable name="Defs_HomeWidget_Content">
        <value condition="Player.HasVideo + Skin.HasSetting(background.showvideo)">noop</value>
        <value condition="StringCompare(Container(9000).ListItem.Property(widget),Weather) + !IsEmpty(Skin.String(weather.fanart.path))">$INFO[Skin.String(weather.fanart.path)]$INFO[Window(Weather).Property(Current.FanartCode)]/</value>
        <value condition="!IsEmpty(Container(9000).ListItem.Property(widgetPath))">$INFO[Container(9000).ListItem.Property(widgetPath)]</value>
        <value condition="!IsEmpty(Container(9000).ListItem.Property(Background))">noop</value>
        <value condition="StringCompare(Skin.String(home.fallbackwidget),Weather) + !IsEmpty(Skin.String(weather.fanart.path))">$INFO[Skin.String(weather.fanart.path)]$INFO[Window(Weather).Property(Current.FanartCode)]/</value>
        <value condition="!IsEmpty(Skin.String(home.fallbackwidget))">$INFO[Skin.String(home.fallbackwidget)]</value>
        <value>special://skin/extras/playlists/RandomMovies.xsp</value>
    </variable>
    <!--  Me Transparency Fanart -->
    <variable name="Transparency">
        <value condition="IsEmpty(Skin.String(transparencyfanart.name)) + Stringcompare(Skin.CurrentColourTheme,SKINDEFAULT)">e2181818</value>
        <value condition="IsEmpty(Skin.String(transparencyfanart.name)) + Stringcompare(Skin.CurrentColourTheme,Light)">e2ffffff</value>
        <value condition="StringCompare(Skin.String(transparencyfanart.name),$LOCALIZE[31180]) + Stringcompare(Skin.CurrentColourTheme,SKINDEFAULT)">e2181818</value>
        <value condition="StringCompare(Skin.String(transparencyfanart.name),$LOCALIZE[31180]) + Stringcompare(Skin.CurrentColourTheme,Light)">e2ffffff</value>
        <value condition="StringCompare(Skin.String(transparencyfanart.name),100%) + Stringcompare(Skin.CurrentColourTheme,SKINDEFAULT)"></value>
        <value condition="StringCompare(Skin.String(transparencyfanart.name),100%) + Stringcompare(Skin.CurrentColourTheme,Light)">00ffffff</value>
        <value condition="StringCompare(Skin.String(transparencyfanart.name),95%) + Stringcompare(Skin.CurrentColourTheme,SKINDEFAULT)">0D181818</value>
        <value condition="StringCompare(Skin.String(transparencyfanart.name),95%) + Stringcompare(Skin.CurrentColourTheme,Light)">0Dffffff</value>
        <value condition="StringCompare(Skin.String(transparencyfanart.name),90%) + Stringcompare(Skin.CurrentColourTheme,SKINDEFAULT)">1A181818</value>
        <value condition="StringCompare(Skin.String(transparencyfanart.name),90%) + Stringcompare(Skin.CurrentColourTheme,Light)">1Affffff</value>
        <value condition="StringCompare(Skin.String(transparencyfanart.name),85%) + Stringcompare(Skin.CurrentColourTheme,SKINDEFAULT)">26181818</value>
        <value condition="StringCompare(Skin.String(transparencyfanart.name),85%) + Stringcompare(Skin.CurrentColourTheme,Light)">26ffffff</value>
        <value condition="StringCompare(Skin.String(transparencyfanart.name),80%) + Stringcompare(Skin.CurrentColourTheme,SKINDEFAULT)">33181818</value>
        <value condition="StringCompare(Skin.String(transparencyfanart.name),80%) + Stringcompare(Skin.CurrentColourTheme,Light)">33ffffff</value>
        <value condition="StringCompare(Skin.String(transparencyfanart.name),75%) + Stringcompare(Skin.CurrentColourTheme,SKINDEFAULT)">40181818</value>
        <value condition="StringCompare(Skin.String(transparencyfanart.name),75%) + Stringcompare(Skin.CurrentColourTheme,Light)">40ffffff</value>
        <value condition="StringCompare(Skin.String(transparencyfanart.name),70%) + Stringcompare(Skin.CurrentColourTheme,SKINDEFAULT)">4D181818</value>
        <value condition="StringCompare(Skin.String(transparencyfanart.name),70%) + Stringcompare(Skin.CurrentColourTheme,Light)">4Dffffff</value>
        <value condition="StringCompare(Skin.String(transparencyfanart.name),65%) + Stringcompare(Skin.CurrentColourTheme,SKINDEFAULT)">59181818</value>
        <value condition="StringCompare(Skin.String(transparencyfanart.name),65%) + Stringcompare(Skin.CurrentColourTheme,Light)">59ffffff</value>
        <value condition="StringCompare(Skin.String(transparencyfanart.name),60%) + Stringcompare(Skin.CurrentColourTheme,SKINDEFAULT)">66181818</value>
        <value condition="StringCompare(Skin.String(transparencyfanart.name),60%) + Stringcompare(Skin.CurrentColourTheme,Light)">66ffffff</value>
        <value condition="StringCompare(Skin.String(transparencyfanart.name),55%) + Stringcompare(Skin.CurrentColourTheme,SKINDEFAULT)">73181818</value>
        <value condition="StringCompare(Skin.String(transparencyfanart.name),55%) + Stringcompare(Skin.CurrentColourTheme,Light)">73ffffff</value>
        <value condition="StringCompare(Skin.String(transparencyfanart.name),50%) + Stringcompare(Skin.CurrentColourTheme,SKINDEFAULT)">80181818</value>
        <value condition="StringCompare(Skin.String(transparencyfanart.name),50%) + Stringcompare(Skin.CurrentColourTheme,Light)">80ffffff</value>
        <value condition="StringCompare(Skin.String(transparencyfanart.name),45%) + Stringcompare(Skin.CurrentColourTheme,SKINDEFAULT)">8C181818</value>
        <value condition="StringCompare(Skin.String(transparencyfanart.name),45%) + Stringcompare(Skin.CurrentColourTheme,Light)">8Cffffff</value>
        <value condition="StringCompare(Skin.String(transparencyfanart.name),40%) + Stringcompare(Skin.CurrentColourTheme,SKINDEFAULT)">99181818</value>
        <value condition="StringCompare(Skin.String(transparencyfanart.name),40%) + Stringcompare(Skin.CurrentColourTheme,Light)">99ffffff</value>
        <value condition="StringCompare(Skin.String(transparencyfanart.name),35%) + Stringcompare(Skin.CurrentColourTheme,SKINDEFAULT)">A6181818</value>
        <value condition="StringCompare(Skin.String(transparencyfanart.name),35%) + Stringcompare(Skin.CurrentColourTheme,Light)">A6ffffff</value>
        <value condition="StringCompare(Skin.String(transparencyfanart.name),30%) + Stringcompare(Skin.CurrentColourTheme,SKINDEFAULT)">B3181818</value>
        <value condition="StringCompare(Skin.String(transparencyfanart.name),30%) + Stringcompare(Skin.CurrentColourTheme,Light)">B3ffffff</value>
        <value condition="StringCompare(Skin.String(transparencyfanart.name),25%) + Stringcompare(Skin.CurrentColourTheme,SKINDEFAULT)">BF181818</value>
        <value condition="StringCompare(Skin.String(transparencyfanart.name),25%) + Stringcompare(Skin.CurrentColourTheme,Light)">BFffffff</value>
        <value condition="StringCompare(Skin.String(transparencyfanart.name),20%) + Stringcompare(Skin.CurrentColourTheme,SKINDEFAULT)">CC181818</value>
        <value condition="StringCompare(Skin.String(transparencyfanart.name),20%) + Stringcompare(Skin.CurrentColourTheme,Light)">CCffffff</value>
        <value condition="StringCompare(Skin.String(transparencyfanart.name),15%) + Stringcompare(Skin.CurrentColourTheme,SKINDEFAULT)">D9181818</value>
        <value condition="StringCompare(Skin.String(transparencyfanart.name),15%) + Stringcompare(Skin.CurrentColourTheme,Light)">D9ffffff</value>
        <value condition="StringCompare(Skin.String(transparencyfanart.name),10%) + Stringcompare(Skin.CurrentColourTheme,SKINDEFAULT)">E6181818</value>
        <value condition="StringCompare(Skin.String(transparencyfanart.name),10%) + Stringcompare(Skin.CurrentColourTheme,Light)">E6ffffff</value>
        <value condition="StringCompare(Skin.String(transparencyfanart.name),5%) + Stringcompare(Skin.CurrentColourTheme,SKINDEFAULT)">F2181818</value>
        <value condition="StringCompare(Skin.String(transparencyfanart.name),5%) + Stringcompare(Skin.CurrentColourTheme,Light)">F2ffffff</value>        
        <value condition="StringCompare(Skin.String(transparencyfanart.name),0%) + Stringcompare(Skin.CurrentColourTheme,SKINDEFAULT)">ff181818</value>
        <value condition="StringCompare(Skin.String(transparencyfanart.name),0%) + Stringcompare(Skin.CurrentColourTheme,Light)">ffffffff</value>
    </variable>    
</includes>