<?xml version="1.0" encoding="UTF-8"?>
<includes>

    <!-- HUBS -->
    <include name="Window_Hub">
        <include>Furniture_Background</include>
        <include>Furniture_TopBar</include>        
        <include>Furniture_Hub_Flags</include><!-- Me Hub Flags --> 
        <include>Furniture_RSS</include>
        <control type="group">
            <include>Animation_Hub</include>
            <control type="group">
                <top>top</top>
                <left>side</left>
                <right>side</right>
                <height>height</height>
                <control type="group">
                    <left>0</left>
                    <top>0</top>
                    <width>1210</width>
                    <height>100%</height>
                    <control type="group">
                        <include name="Object_Line">
                            <param name="width" value="1210" />
                            <param name="label" value="$VAR[Label_Hub_WidgetType]" />
                        </include>
                    </control>
                    <control type="image"><!-- מסגרת תמונה בחלון האב -->
                        <width>100%</width>
                        <height>100%</height>
                        <texture colordiffuse="PosterBorder">common/white.png</texture>
                        <visible>!Control.HasFocus(9500)</visible>
                    </control>
                    <control type="image"><!-- מסגרת תמונה בחלון האב -->
                        <width>100%</width>
                        <height>100%</height>
                        <texture colordiffuse="$VAR[HighlightColor]">common/white.png</texture>
                        <visible>Control.HasFocus(9500)</visible>
                    </control>
                    <control type="wraplist" id="9500">
                        <left>pad</left>
                        <right>pad</right>
                        <top>pad</top>
                        <bottom>pad</bottom>
                        <pagecontrol>60</pagecontrol>
                        <preloaditems>2</preloaditems>
                        <onleft>9501</onleft>
                        <onright>9501</onright>
                        <orientation>vertical</orientation>
                        <autoscroll time="7000">!Control.HasFocus(9500)</autoscroll>
                        <scrolltime tween="quadratic">400</scrolltime>
                        <itemlayout width="1190" height="670">
                            <control type="image">
                                <width>100%</width>
                                <height>100%</height>
                                <aspectratio>scale</aspectratio>
                                <texture background="true" fallback="special://skin/extras/backgrounds/home.jpg">$VAR[Image_Thumb]</texture>                                
                            </control>
                        </itemlayout>
                        <focusedlayout width="1190" height="670">
                            <control type="image">
                                <width>100%</width>
                                <height>100%</height>
                                <aspectratio>scale</aspectratio>
                                <texture background="true" fallback="special://skin/extras/backgrounds/home.jpg">$VAR[Image_Thumb]</texture>
                            </control>
                        </focusedlayout>
                        <content limit="10" target="video">$VAR[Defs_Hub_Widget]</content>
                        <visible>IsEmpty(Container(9501).ListItem.Property(Background))</visible><!-- Me Hub Background -->
                    </control>
					<control type="multiimage"><!-- Me Hub Background -->
						<left>pad</left>
						<right>pad</right>
						<top>pad</top>
						<bottom>pad</bottom>
						<pagecontrol>60</pagecontrol>
						<preloaditems>2</preloaditems>
						<onleft>9501</onleft>
						<onright>9501</onright>
						<timeperimage>3000</timeperimage>
						<imagepath background="true">$VAR[Image_Background]</imagepath>
						<aspectratio>scale</aspectratio>
						<fadetime>400</fadetime>
						<visible>!IsEmpty(Container(9501).ListItem.Property(Background))</visible>
					</control>
                    <control type="group">
                        <left>pad</left>
                        <right>pad</right>
                        <bottom>pad</bottom>
                        <height>122</height>                        
                        <control type="image">
                            <width>100%</width>
                            <height>240</height>
                            <bottom>0</bottom>
                            <texture flipy="true" colordiffuse="bfffffff">common/gradient.png</texture>
                            <visible>IsEmpty(Container(9501).ListItem.Property(Background))</visible><!-- Me Hub Background -->
                        </control>                       
                        <control type="group">
                            <control type="label">
                                <right>side</right>
                                <left>side</left>
                                <align>right</align>
                                <top>-3</top>
                                <height>32</height>
                                <!--<font>Font-ListInfo-Small-Bold2</font><!-- Me Hub Background -->
                                <!--<textcolor>HomeSubLabel</textcolor><!-- Me Hub Background -->
                                <label>$VAR[Label_Hub_WidgetLabel]</label>
                                <visible>IsEmpty(Container(9501).ListItem.Property(Background))</visible><!-- Me Hub Background -->
                            </control>
                            <control type="label">
                                <right>side</right>
                                <left>side</left>
                                <top>-3</top>
                                <height>32</height>
                                <align>left</align>
                                <textcolor>HomeSubLabel</textcolor>
                                <font>Font-ListInfo-Small-Bold2</font>
                                <label>$VAR[Label_Hub_WidgetLabel2]</label>
                                <visible>IsEmpty(Container(9501).ListItem.Property(Background))</visible><!-- Me Hub Background -->
                            </control>
                        </control>
                        <control type="textbox"><!-- מידע על הסרט בחלון האב -->
                            <left>side</left>
                            <right>side</right>
                            <bottom>14</bottom>
                            <height>68</height>
                            <align>right</align>
                            <font>Font-Button</font>
                            <textcolor>HomeSubLabel</textcolor>
                            <label fallback="31092">$INFO[Container(9500).ListItem.Plot]$INFO[Container(9500).ListItem.Property(Album_Description)]$INFO[Container(9500).ListItem.Property(Artist_Description)]$INFO[Container(9500).ListItem.Property(Addon.Description)]</label>
                            <visible>IsEmpty(Container(9501).ListItem.Property(Background))</visible><!-- Me Hub Background - אין מידע זמין-->
                        </control>
                    </control>
                </control>
                <control type="group" description="hub side">
                    <right>0</right>
                    <top>0</top>
                    <width>660</width>
                    <height>100%</height>
                    <include name="Object_Line">
                        <param name="width" value="660" />
                        <param name="label" value="$LOCALIZE[31073]" />
                    </include>
                    <control type="panel" id="9501">  
                        <onleft>9500</onleft>
                        <onup>9501</onup>
                        <ondown>9501</ondown>
                        <height>700</height>
                        <onright condition="!StringCompare(Window(home).Property(HubReturn),Home) + !IsEmpty(Window(home).Property(NodeReturn))">ActivateWindow($INFO[Window(home).Property(NodeReturn)],$INFO[Window(home).Property(HubReturn)],return)</onright>
                        <pagecontrol>60</pagecontrol>
                        <preloaditems>2</preloaditems>
                        <orientation>vertical</orientation>
                        <scrolltime tween="quadratic">400</scrolltime>
                        <itemlayout width="660" height="100">
                            <control type="image"><!-- רקע אחורי תפריט צד -->
                                <width>100%</width>
                                <top>0</top>
                                <bottom>pad</bottom>
                                <texture colordiffuse="PosterBorder">common/white.png</texture>
                            </control>
                            <control type="image"><!-- אייקון -->
                                <right>0</right>
                                <top>0</top>
                                <align>right</align>
                                <bottom>pad</bottom>
                                <width>90</width>
                                <aspectratio>keep</aspectratio>
                                <texture colordiffuse="ListLabel">$INFO[ListItem.Icon]</texture>
                            </control>
                            <control type="label"><!-- שם האב -->
                                <right>100</right>
                                <right>80</right>
                                <top>0</top>
                                <align>right</align>
                                <font>Font-Button2</font>
                                <bottom>pad</bottom>
                                <label>[COLOR=$INFO[ListItem.Property(textcolor)]]$INFO[ListItem.Label][/COLOR]</label><!-- Me Hub Background -->
                            </control>
                        </itemlayout>
                        <focusedlayout width="660" height="100">
                            <control type="image"><!-- רקע אחורי תפריט צד -->
                                <width>100%</width>
                                <top>0</top>
                                <bottom>pad</bottom>
                                <texture colordiffuse="$VAR[HighlightColor]">common/white.png</texture>
                            </control>
                            <control type="image"><!-- אייקון -->
                                <right>0</right>
                                <top>0</top>
                                <align>right</align>
                                <bottom>pad</bottom>
                                <width>90</width>
                                <aspectratio>keep</aspectratio>
                                <texture colordiffuse="Selected">$INFO[ListItem.Icon]</texture>
                            </control>
                            <control type="label"><!-- שם האב -->
                                <right>100</right>
                                <right>80</right>
                                <align>right</align>
                                <top>0</top>
                                <bottom>pad</bottom>
                                <font>Font-Button2</font>
                                <textcolor>Selected</textcolor>
                                <label>[COLOR=$INFO[ListItem.Property(textcolor)]]$INFO[ListItem.Label][/COLOR]</label><!-- Me Hub Background -->                              
                            </control>
                        </focusedlayout>
                        <content><include>$PARAM[categories]</include></content>
                    </control>
                </control>
            </control>
        </control>
        
    </include>


    <!-- PLAYER CONTROLS -->
    <include name="Window_PlayerControls">
        <control type="group">
            <width>669</width>
            <animation effect="slide" start="-668" end="0" time="150" tween="quadratic">Visible</animation>
            <animation effect="slide" start="-668" end="0" time="150" tween="quadratic">WindowOpen</animation>
            <animation effect="slide" end="-668" start="0" time="150" tween="quadratic">Hidden</animation>
            <animation effect="slide" end="-668" start="0" time="150" tween="quadratic">WindowClose</animation>
            <control type="group">
                <posx>0</posx>
                <posy>0</posy>
                <width>667</width>
                <height>1100</height>
                <include>Dialog_Background</include>
            </control>
            <control type="group">
                <posy>294</posy>
                <control type="group">
                    <left>14</left><!-- כפתור ניגון -->
                    <centertop>60</centertop>
                    <height>100</height>
                    <width>100</width>
                    <control type="image" description="Back">
                        <left>0</left>
                        <centertop>50%</centertop>
                        <width>100</width>
                        <height>100</height>
                        <aspectratio align="center" aligny="center">keep</aspectratio>
                        <texture>progress/loading-back.png</texture>
                        <animation effect="fade" start="0" end="100" time="150">VisibleChange</animation>
                    </control>
                    <control type="image" description="Play">
                        <left>0</left>
                        <centertop>50%</centertop>
                        <width>100</width>
                        <height>100</height>
                        <aspectratio align="center" aligny="center">keep</aspectratio>
                        <texture colordiffuse="ListLabel">progress/play.png</texture>
                        <animation effect="fade" start="0" end="100" time="150">VisibleChange</animation>
                        <visible>!Player.Paused</visible>
                    </control>
                    <control type="image" description="Pause">
                        <left>0</left>
                        <centertop>50%</centertop>
                        <width>100</width>
                        <height>100</height>
                        <aspectratio align="center" aligny="center">keep</aspectratio>
                        <texture colordiffuse="ListLabel">progress/pause.png</texture>
                        <animation effect="fade" start="0" end="100" time="150">VisibleChange</animation>
                        <visible>Player.Paused</visible>
                    </control>
                    <control type="progress" id="933">
                        <texturebg>-</texturebg>
                        <lefttexture>-</lefttexture>
                        <midtexture>-</midtexture>
                        <righttexture>-</righttexture>
                        <info>Player.Progress</info>
                        <visible>false</visible>
                    </control>
                    <control type="image"><!-- התקדמות -->
                        <left>0</left>
                        <centertop>50%</centertop>
                        <width>100</width>
                        <height>100</height>
                        <texture>$INFO[Control.GetLabel(933),progress/circle/p,.png]</texture>
                        <aspectratio align="center">keep</aspectratio>
                        <visible>!IsEmpty(Player.Duration)</visible>
                    </control>
                  
                </control>
        
                <control type="label"><!-- רשימת ניגון נוכחית -->
                    <left>30</left>
                    <right>30</right>
                    <posy>10</posy>
                    <height>69</height>
                    <align>right</align>
                    <textcolor>Selected</textcolor>
                    <font>Font-Header-He3</font>
                    <label>13350</label>
                    <visible>Player.HasAudio</visible>
                </control>
                <control type="label"><!-- מספר שירים -->
                    <left>30</left>
                    <right>30</right>
                    <posy>43</posy>
                    <height>69</height>
                    <align>right</align>
                    <textcolor>$VAR[HighlightColor2]</textcolor>
                    <font>Font-ListInfo-Small-Bold</font>
                    <label>[UPPERCASE]$INFO[Container(9100).NumItems,,  $LOCALIZE[134]][/UPPERCASE]</label>
                    <visible>Player.HasAudio</visible>
                </control>
                <control type="label"><!-- כיתוב מנגן -->
                    <left>30</left>
                    <right>30</right>
                    <posy>10</posy>
                    <height>69</height>
                    <align>right</align>
                    <textcolor>Selected</textcolor>
                    <font>Font-Header-He3</font>
                    <label>$VAR[Label_PlayerStatus]</label>
                    <visible>Player.HasVideo</visible>
                </control>
                <control type="label"><!-- מסתיים  -->
                    <left>30</left>
                    <right>30</right>
                    <posy>43</posy>
                    <height>69</height>
                    <align>right</align>
                    <textcolor>$VAR[HighlightColor2]</textcolor>
                    <font>Font-ListInfo-Small-Bold</font>
                    <label>[UPPERCASE]$INFO[Player.FinishTime,$LOCALIZE[31071] ,][/UPPERCASE]</label>
                    <visible>Player.HasVideo</visible>
                </control>
            </control>

            <control type="group">
                <posy>30</posy>
                <width>667</width>
                <control type="image">
                    <left>30</left>
                    <width>260</width>
                    <height>260</height>
                    <texture>$INFO[Player.Art(thumb)]</texture>
                    <aspectratio aligny="center" align="center">keep</aspectratio>
                </control>

                <control type="grouplist">
                    <top>4</top>
                    <bottom>0</bottom>
                    <left>312</left>
                    <right>30</right>
                    <orientation>vertical</orientation>
                    <itemgap>12</itemgap>
                    <visible>true</visible>
                    <usecontrolcoords>true</usecontrolcoords>
                    
                    <control type="label" description="Artist">
                        <top>0</top>
                        <width>100%</width>
                        <height>48</height>
                        <font>Font-Header-He3</font><!-- שם הסרט -->
                        <align>center</align>
                        <textcolor>ListLabel</textcolor>
                        <label>$VAR[Label_PlayerControl_Header]</label>
                    </control>
                    
                    <control type="label" description="Song">
                        <width>100%</width>
                        <height>40</height>
                        <font>Font-Sublabel_2</font>
                        <align>center</align>
                        <textcolor>ListLabel</textcolor>
                        <label>$VAR[Label_PlayerControl_SubHeader]</label>
                    </control>

                    <control type="grouplist">
                        <top>-12</top>
                        <width>100%</width>
                        <height>52</height>
                        <orientation>horizontal</orientation>
                        <align>center</align>
                        <itemgap>24</itemgap>
                        <usecontrolcoords>true</usecontrolcoords>
                        <visible>true</visible>
                        <control type="image">
                            <!-- <posx>-16</posx> -->
                            <width>64</width>
                            <height>64</height>
                            <colordiffuse>ListLabel</colordiffuse>
                            <texture>indicator/$VAR[Image_OSDMusicFlagstar1].png</texture>
                        </control>
                        <control type="image">
                            <posx>-48</posx>
                            <width>64</width>
                            <height>64</height>
                            <colordiffuse>ListLabel</colordiffuse>
                            <texture>indicator/$VAR[Image_OSDMusicFlagstar2].png</texture>
                        </control>
                        <control type="image">
                            <posx>-48</posx>
                            <width>64</width>
                            <height>64</height>
                            <colordiffuse>ListLabel</colordiffuse>
                            <texture>indicator/$VAR[Image_OSDMusicFlagstar3].png</texture>
                        </control>
                        <control type="image">
                            <posx>-48</posx>
                            <width>64</width>
                            <height>64</height>
                            <colordiffuse>ListLabel</colordiffuse>
                            <texture>indicator/$VAR[Image_OSDMusicFlagstar4].png</texture>
                        </control>
                        <control type="image">
                            <posx>-48</posx>
                            <width>64</width>
                            <height>64</height>
                            <colordiffuse>ListLabel</colordiffuse>
                            <texture>indicator/$VAR[Image_OSDMusicFlagstar5].png</texture>
                        </control>
                    </control>
                    
                    <control type="label" description="AlbumYear">
                        <width>100%</width>
                        <height>40</height>
                        <align>center</align>
                        <font>Font-RSS</font>
                        <textcolor>LineLabel</textcolor>
                        <label>$VAR[Label_PlayerControl_ByLine]</label>
                    </control>
                    <control type="label" description="Duration">
                        <width>100%</width>
                        <height>40</height>
                        <font>Font-ListInfo-Bold</font>
                        <align>center</align>
                        <textcolor>ListLabel</textcolor>
                        <label>$INFO[Player.Time]  /  $INFO[Player.Duration]</label>
                    </control>
                </control>
                <control type="image">
                    <posx>side</posx>
                    <posy>380</posy>
                    <height>580</height>
                    <width>627</width>
                    <texture colordiffuse="7f000000">common/white.png</texture>
                    <visible>Player.HasVideo</visible>
                </control>
                <control type="videowindow">
                    <posx>side</posx>
                    <posy>380</posy>
                    <height>580</height>
                    <width>627</width>
                    <visible>Player.HasVideo</visible>
                </control>
                <control type="list" id="9100">
                    <visible>Player.HasAudio</visible>
                    <posx>0</posx>
                    <posy>370</posy>
                    <height>600</height>
                    <width>667</width>
                    <onleft>14</onleft>
                    <onright>14</onright>
                    <onup>noop</onup>
                    <ondown>14</ondown>
                    <orientation>vertical</orientation>
                    <itemlayout height="60" width="667">
                        <control type="image">
                            <left>-8</left>
                            <centertop>50%</centertop>
                            <height>32</height>
                            <width>32</width>
                            <texture colordiffuse="ListLabel">indicator/playwhite.png</texture>
                            <visible>!IsEmpty(ListItem.Property(IsPlaying))</visible>
                        </control>
                        <control type="label">
                            <left>30</left>
                            <right>30</right>
                            <height>100%</height>
                            <aligny>center</aligny>
                            <align>left</align>
                            <font>Font-ListInfo-Small</font>
                            <textcolor>ListLabel</textcolor>
                            <label>$INFO[ListItem.Label]</label>
                            <selectedcolor>ListLabel</selectedcolor>
                        </control>
                        <control type="label">
                            <left>30</left>
                            <right>30</right>
                            <height>100%</height>
                            <aligny>center</aligny>
                            <align>right</align>
                            <font>Font-ListInfo-Small</font>
                            <textcolor>ListLabel</textcolor>
                            <label>$INFO[ListItem.Label2]</label>
                            <selectedcolor>ListLabel</selectedcolor>
                        </control>
                    </itemlayout>
                    <focusedlayout height="60" width="667">
                        <control type="group">
                            <visible>!Control.HasFocus(9100)</visible>
                            <control type="image">
                                <left>-8</left>
                                <centertop>50%</centertop>
                                <height>32</height>
                                <width>32</width>
                                <texture colordiffuse="ListLabel">indicator/playwhite.png</texture>
                                <visible>!IsEmpty(ListItem.Property(IsPlaying))</visible>
                            </control>
                            <control type="label">
                                <left>30</left>
                                <right>30</right>
                                <height>100%</height>
                                <aligny>center</aligny>
                                <align>left</align>
                                <font>Font-ListInfo-Small</font>
                                <textcolor>ListLabel</textcolor>
                                <label>$INFO[ListItem.Label]</label>
                                <selectedcolor>ListLabel</selectedcolor>
                            </control>
                            <control type="label">
                                <left>30</left>
                                <right>30</right>
                                <height>100%</height>
                                <aligny>center</aligny>
                                <align>right</align>
                                <font>Font-ListInfo-Small</font>
                                <textcolor>ListLabel</textcolor>
                                <label>$INFO[ListItem.Label2]</label>
                                <selectedcolor>ListLabel</selectedcolor>
                            </control>
                        </control>
                        <control type="group">
                            <visible>Control.HasFocus(9100)</visible>
                            <control type="image">
                                <width>667</width>
                                <height>100%</height>
                                <texture colordiffuse="$VAR[HighlightColor]">common/white.png</texture>
                            </control>
                            <control type="image">
                                <left>-8</left>
                                <centertop>50%</centertop>
                                <height>32</height>
                                <width>32</width>
                                <texture colordiffuse="Selected">indicator/playwhite.png</texture>
                                <visible>!IsEmpty(ListItem.Property(IsPlaying))</visible>
                            </control>
                            <control type="label">
                                <left>30</left>
                                <right>30</right>
                                <height>100%</height>
                                <aligny>center</aligny>
                                <align>left</align>
                                <font>Font-ListInfo-Small</font>
                                <textcolor>Selected</textcolor>
                                <label>$INFO[ListItem.Label]</label>
                                <selectedcolor>Selected</selectedcolor>
                            </control>
                            <control type="label">
                                <left>30</left>
                                <right>30</right>
                                <height>100%</height>
                                <aligny>center</aligny>
                                <align>right</align>
                                <font>Font-ListInfo-Small</font>
                                <textcolor>Selected</textcolor>
                                <label>$INFO[ListItem.Label2]</label>
                                <selectedcolor>Selected</selectedcolor>
                            </control>
                        </control>
                    </focusedlayout>
                    <content>
                        <item id="1">
                            <label>$INFO[MusicPlayer.offset(-20).Title]</label>
                            <label2>$INFO[MusicPlayer.offset(-20).Duration]</label2>
                            <property name="TrackNumber">$INFO[MusicPlayer.offset(-20).PlaylistPosition]</property>
                            <onclick>Playlist.PlayOffset(-20)</onclick>
                            <visible>MusicPlayer.offset(-20).Exists</visible>
                        </item>
                        <item id="2">
                            <label>$INFO[MusicPlayer.offset(-19).Title]</label>
                            <label2>$INFO[MusicPlayer.offset(-19).Duration]</label2>
                            <property name="TrackNumber">$INFO[MusicPlayer.offset(-19).PlaylistPosition]</property>
                            <onclick>Playlist.PlayOffset(-19)</onclick>
                            <visible>MusicPlayer.offset(-19).Exists</visible>
                        </item>
                        <item id="3">
                            <label>$INFO[MusicPlayer.offset(-18).Title]</label>
                            <label2>$INFO[MusicPlayer.offset(-18).Duration]</label2>
                            <property name="TrackNumber">$INFO[MusicPlayer.offset(-18).PlaylistPosition]</property>
                            <onclick>Playlist.PlayOffset(-18)</onclick>
                            <visible>MusicPlayer.offset(-18).Exists</visible>
                        </item>
                        <item id="4">
                            <label>$INFO[MusicPlayer.offset(-17).Title]</label>
                            <label2>$INFO[MusicPlayer.offset(-17).Duration]</label2>
                            <property name="TrackNumber">$INFO[MusicPlayer.offset(-17).PlaylistPosition]</property>
                            <onclick>Playlist.PlayOffset(-17)</onclick>
                            <visible>MusicPlayer.offset(-17).Exists</visible>
                        </item>
                        <item id="5">
                            <label>$INFO[MusicPlayer.offset(-16).Title]</label>
                            <label2>$INFO[MusicPlayer.offset(-16).Duration]</label2>
                            <property name="TrackNumber">$INFO[MusicPlayer.offset(-16).PlaylistPosition]</property>
                            <onclick>Playlist.PlayOffset(-16)</onclick>
                            <visible>MusicPlayer.offset(-16).Exists</visible>
                        </item>
                        <item id="6">
                            <label>$INFO[MusicPlayer.offset(-15).Title]</label>
                            <label2>$INFO[MusicPlayer.offset(-15).Duration]</label2>
                            <property name="TrackNumber">$INFO[MusicPlayer.offset(-15).PlaylistPosition]</property>
                            <onclick>Playlist.PlayOffset(-15)</onclick>
                            <visible>MusicPlayer.offset(-15).Exists</visible>
                        </item>
                        <item id="7">
                            <label>$INFO[MusicPlayer.offset(-14).Title]</label>
                            <label2>$INFO[MusicPlayer.offset(-14).Duration]</label2>
                            <property name="TrackNumber">$INFO[MusicPlayer.offset(-14).PlaylistPosition]</property>
                            <onclick>Playlist.PlayOffset(-14)</onclick>
                            <visible>MusicPlayer.offset(-14).Exists</visible>
                        </item>
                        <item id="8">
                            <label>$INFO[MusicPlayer.offset(-13).Title]</label>
                            <label2>$INFO[MusicPlayer.offset(-13).Duration]</label2>
                            <property name="TrackNumber">$INFO[MusicPlayer.offset(-13).PlaylistPosition]</property>
                            <onclick>Playlist.PlayOffset(-13)</onclick>
                            <visible>MusicPlayer.offset(-13).Exists</visible>
                        </item>
                        <item id="9">
                            <label>$INFO[MusicPlayer.offset(-12).Title]</label>
                            <label2>$INFO[MusicPlayer.offset(-12).Duration]</label2>
                            <property name="TrackNumber">$INFO[MusicPlayer.offset(-12).PlaylistPosition]</property>
                            <onclick>Playlist.PlayOffset(-12)</onclick>
                            <visible>MusicPlayer.offset(-12).Exists</visible>
                        </item>
                        <item id="10">
                            <label>$INFO[MusicPlayer.offset(-11).Title]</label>
                            <label2>$INFO[MusicPlayer.offset(-11).Duration]</label2>
                            <property name="TrackNumber">$INFO[MusicPlayer.offset(-11).PlaylistPosition]</property>
                            <onclick>Playlist.PlayOffset(-11)</onclick>
                            <visible>MusicPlayer.offset(-11).Exists</visible>
                        </item>
                        <item id="11">
                            <label>$INFO[MusicPlayer.offset(-10).Title]</label>
                            <label2>$INFO[MusicPlayer.offset(-10).Duration]</label2>
                            <property name="TrackNumber">$INFO[MusicPlayer.offset(-10).PlaylistPosition]</property>
                            <onclick>Playlist.PlayOffset(-10)</onclick>
                            <visible>MusicPlayer.offset(-10).Exists</visible>
                        </item>
                        <item id="12">
                            <label>$INFO[MusicPlayer.offset(-9).Title]</label>
                            <label2>$INFO[MusicPlayer.offset(-9).Duration]</label2>
                            <property name="TrackNumber">$INFO[MusicPlayer.offset(-9).PlaylistPosition]</property>
                            <onclick>Playlist.PlayOffset(-9)</onclick>
                            <visible>MusicPlayer.offset(-9).Exists</visible>
                        </item>
                        <item id="13">
                            <label>$INFO[MusicPlayer.offset(-8).Title]</label>
                            <label2>$INFO[MusicPlayer.offset(-8).Duration]</label2>
                            <property name="TrackNumber">$INFO[MusicPlayer.offset(-8).PlaylistPosition]</property>
                            <onclick>Playlist.PlayOffset(-8)</onclick>
                            <visible>MusicPlayer.offset(-8).Exists</visible>
                        </item>
                        <item id="14">
                            <label>$INFO[MusicPlayer.offset(-7).Title]</label>
                            <label2>$INFO[MusicPlayer.offset(-7).Duration]</label2>
                            <property name="TrackNumber">$INFO[MusicPlayer.offset(-7).PlaylistPosition]</property>
                            <onclick>Playlist.PlayOffset(-7)</onclick>
                            <visible>MusicPlayer.offset(-7).Exists</visible>
                        </item>
                        <item id="15">
                            <label>$INFO[MusicPlayer.offset(-6).Title]</label>
                            <label2>$INFO[MusicPlayer.offset(-6).Duration]</label2>
                            <property name="TrackNumber">$INFO[MusicPlayer.offset(-6).PlaylistPosition]</property>
                            <onclick>Playlist.PlayOffset(-6)</onclick>
                            <visible>MusicPlayer.offset(-6).Exists</visible>
                        </item>
                        <item id="16">
                            <label>$INFO[MusicPlayer.offset(-5).Title]</label>
                            <label2>$INFO[MusicPlayer.offset(-5).Duration]</label2>
                            <property name="TrackNumber">$INFO[MusicPlayer.offset(-5).PlaylistPosition]</property>
                            <onclick>Playlist.PlayOffset(-5)</onclick>
                            <visible>MusicPlayer.offset(-5).Exists</visible>
                        </item>
                        <item id="17">
                            <label>$INFO[MusicPlayer.offset(-4).Title]</label>
                            <label2>$INFO[MusicPlayer.offset(-4).Duration]</label2>
                            <property name="TrackNumber">$INFO[MusicPlayer.offset(-4).PlaylistPosition]</property>
                            <onclick>Playlist.PlayOffset(-4)</onclick>
                            <visible>MusicPlayer.offset(-4).Exists</visible>
                        </item>
                        <item id="18">
                            <label>$INFO[MusicPlayer.offset(-3).Title]</label>
                            <label2>$INFO[MusicPlayer.offset(-3).Duration]</label2>
                            <property name="TrackNumber">$INFO[MusicPlayer.offset(-3).PlaylistPosition]</property>
                            <onclick>Playlist.PlayOffset(-3)</onclick>
                            <visible>MusicPlayer.offset(-3).Exists</visible>
                        </item>
                        <item id="19">
                            <label>$INFO[MusicPlayer.offset(-2).Title]</label>
                            <label2>$INFO[MusicPlayer.offset(-2).Duration]</label2>
                            <property name="TrackNumber">$INFO[MusicPlayer.offset(-2).PlaylistPosition]</property>
                            <onclick>Playlist.PlayOffset(-2)</onclick>
                            <visible>MusicPlayer.offset(-2).Exists</visible>
                        </item>
                        <item id="20">
                            <label>$INFO[MusicPlayer.offset(-1).Title]</label>
                            <label2>$INFO[MusicPlayer.offset(-1).Duration]</label2>
                            <property name="TrackNumber">$INFO[MusicPlayer.offset(-1).PlaylistPosition]</property>
                            <onclick>Playlist.PlayOffset(-1)</onclick>
                            <visible>MusicPlayer.offset(-1).Exists</visible>
                        </item>
                        
                        <item id="21">
                            <label>$INFO[MusicPlayer.offset(0).Title]</label>
                            <label2>$INFO[MusicPlayer.offset(0).Duration]</label2>
                            <property name="TrackNumber">$INFO[MusicPlayer.offset(0).PlaylistPosition]</property>
                            <property name="IsPlaying">1</property>
                            <onclick>Playlist.PlayOffset(0)</onclick>
                            <visible>MusicPlayer.offset(0).Exists</visible>
                        </item>
                        <item id="22">
                            <label>$INFO[MusicPlayer.offset(1).Title]</label>
                            <label2>$INFO[MusicPlayer.offset(1).Duration]</label2>
                            <property name="TrackNumber">$INFO[MusicPlayer.offset(1).PlaylistPosition]</property>
                            <onclick>Playlist.PlayOffset(1)</onclick>
                            <visible>MusicPlayer.offset(1).Exists</visible>
                        </item>
                        <item id="23">
                            <label>$INFO[MusicPlayer.offset(2).Title]</label>
                            <label2>$INFO[MusicPlayer.offset(2).Duration]</label2>
                            <property name="TrackNumber">$INFO[MusicPlayer.offset(2).PlaylistPosition]</property>
                            <onclick>Playlist.PlayOffset(2)</onclick>
                            <visible>MusicPlayer.offset(2).Exists</visible>
                        </item>
                        <item id="24">
                            <label>$INFO[MusicPlayer.offset(3).Title]</label>
                            <label2>$INFO[MusicPlayer.offset(3).Duration]</label2>
                            <property name="TrackNumber">$INFO[MusicPlayer.offset(3).PlaylistPosition]</property>
                            <onclick>Playlist.PlayOffset(3)</onclick>
                            <visible>MusicPlayer.offset(3).Exists</visible>
                        </item>
                        <item id="25">
                            <label>$INFO[MusicPlayer.offset(4).Title]</label>
                            <label2>$INFO[MusicPlayer.offset(4).Duration]</label2>
                            <property name="TrackNumber">$INFO[MusicPlayer.offset(4).PlaylistPosition]</property>
                            <onclick>Playlist.PlayOffset(4)</onclick>
                            <visible>MusicPlayer.offset(4).Exists</visible>
                        </item>
                        <item id="26">
                            <label>$INFO[MusicPlayer.offset(5).Title]</label>
                            <label2>$INFO[MusicPlayer.offset(5).Duration]</label2>
                            <property name="TrackNumber">$INFO[MusicPlayer.offset(5).PlaylistPosition]</property>
                            <onclick>Playlist.PlayOffset(5)</onclick>
                            <visible>MusicPlayer.offset(5).Exists</visible>
                        </item>
                        <item id="27">
                            <label>$INFO[MusicPlayer.offset(6).Title]</label>
                            <label2>$INFO[MusicPlayer.offset(6).Duration]</label2>
                            <property name="TrackNumber">$INFO[MusicPlayer.offset(6).PlaylistPosition]</property>
                            <onclick>Playlist.PlayOffset(6)</onclick>
                            <visible>MusicPlayer.offset(6).Exists</visible>
                        </item>
                        <item id="28">
                            <label>$INFO[MusicPlayer.offset(7).Title]</label>
                            <label2>$INFO[MusicPlayer.offset(7).Duration]</label2>
                            <property name="TrackNumber">$INFO[MusicPlayer.offset(7).PlaylistPosition]</property>
                            <onclick>Playlist.PlayOffset(7)</onclick>
                            <visible>MusicPlayer.offset(7).Exists</visible>
                        </item>
                        <item id="29">
                            <label>$INFO[MusicPlayer.offset(8).Title]</label>
                            <label2>$INFO[MusicPlayer.offset(8).Duration]</label2>
                            <property name="TrackNumber">$INFO[MusicPlayer.offset(8).PlaylistPosition]</property>
                            <onclick>Playlist.PlayOffset(8)</onclick>
                            <visible>MusicPlayer.offset(8).Exists</visible>
                        </item>
                        <item id="30">
                            <label>$INFO[MusicPlayer.offset(9).Title]</label>
                            <label2>$INFO[MusicPlayer.offset(9).Duration]</label2>
                            <property name="TrackNumber">$INFO[MusicPlayer.offset(9).PlaylistPosition]</property>
                            <onclick>Playlist.PlayOffset(9)</onclick>
                            <visible>MusicPlayer.offset(9).Exists</visible>
                        </item>
                        <item id="31">
                            <label>$INFO[MusicPlayer.offset(10).Title]</label>
                            <label2>$INFO[MusicPlayer.offset(10).Duration]</label2>
                            <property name="TrackNumber">$INFO[MusicPlayer.offset(10).PlaylistPosition]</property>
                            <onclick>Playlist.PlayOffset(10)</onclick>
                            <visible>MusicPlayer.offset(10).Exists</visible>
                        </item>
                        <item id="32">
                            <label>$INFO[MusicPlayer.offset(11).Title]</label>
                            <label2>$INFO[MusicPlayer.offset(11).Duration]</label2>
                            <property name="TrackNumber">$INFO[MusicPlayer.offset(11).PlaylistPosition]</property>
                            <onclick>Playlist.PlayOffset(11)</onclick>
                            <visible>MusicPlayer.offset(11).Exists</visible>
                        </item>
                        <item id="33">
                            <label>$INFO[MusicPlayer.offset(12).Title]</label>
                            <label2>$INFO[MusicPlayer.offset(12).Duration]</label2>
                            <property name="TrackNumber">$INFO[MusicPlayer.offset(12).PlaylistPosition]</property>
                            <onclick>Playlist.PlayOffset(12)</onclick>
                            <visible>MusicPlayer.offset(12).Exists</visible>
                        </item>
                        <item id="34">
                            <label>$INFO[MusicPlayer.offset(13).Title]</label>
                            <label2>$INFO[MusicPlayer.offset(13).Duration]</label2>
                            <property name="TrackNumber">$INFO[MusicPlayer.offset(13).PlaylistPosition]</property>
                            <onclick>Playlist.PlayOffset(13)</onclick>
                            <visible>MusicPlayer.offset(13).Exists</visible>
                        </item>
                        <item id="35">
                            <label>$INFO[MusicPlayer.offset(14).Title]</label>
                            <label2>$INFO[MusicPlayer.offset(14).Duration]</label2>
                            <property name="TrackNumber">$INFO[MusicPlayer.offset(14).PlaylistPosition]</property>
                            <onclick>Playlist.PlayOffset(14)</onclick>
                            <visible>MusicPlayer.offset(14).Exists</visible>
                        </item>
                        <item id="36">
                            <label>$INFO[MusicPlayer.offset(15).Title]</label>
                            <label2>$INFO[MusicPlayer.offset(15).Duration]</label2>
                            <property name="TrackNumber">$INFO[MusicPlayer.offset(15).PlaylistPosition]</property>
                            <onclick>Playlist.PlayOffset(15)</onclick>
                            <visible>MusicPlayer.offset(15).Exists</visible>
                        </item>
                        <item id="37">
                            <label>$INFO[MusicPlayer.offset(16).Title]</label>
                            <label2>$INFO[MusicPlayer.offset(16).Duration]</label2>
                            <property name="TrackNumber">$INFO[MusicPlayer.offset(16).PlaylistPosition]</property>
                            <onclick>Playlist.PlayOffset(16)</onclick>
                            <visible>MusicPlayer.offset(16).Exists</visible>
                        </item>
                        <item id="38">
                            <label>$INFO[MusicPlayer.offset(17).Title]</label>
                            <label2>$INFO[MusicPlayer.offset(17).Duration]</label2>
                            <property name="TrackNumber">$INFO[MusicPlayer.offset(17).PlaylistPosition]</property>
                            <onclick>Playlist.PlayOffset(17)</onclick>
                            <visible>MusicPlayer.offset(17).Exists</visible>
                        </item>
                        <item id="39">
                            <label>$INFO[MusicPlayer.offset(18).Title]</label>
                            <label2>$INFO[MusicPlayer.offset(18).Duration]</label2>
                            <property name="TrackNumber">$INFO[MusicPlayer.offset(18).PlaylistPosition]</property>
                            <onclick>Playlist.PlayOffset(18)</onclick>
                            <visible>MusicPlayer.offset(18).Exists</visible>
                        </item>
                        <item id="40">
                            <label>$INFO[MusicPlayer.offset(19).Title]</label>
                            <label2>$INFO[MusicPlayer.offset(19).Duration]</label2>
                            <property name="TrackNumber">$INFO[MusicPlayer.offset(19).PlaylistPosition]</property>
                            <onclick>Playlist.PlayOffset(19)</onclick>
                            <visible>MusicPlayer.offset(19).Exists</visible>
                        </item>
                        <item id="41">
                            <label>$INFO[MusicPlayer.offset(20).Title]</label>
                            <label2>$INFO[MusicPlayer.offset(20).Duration]</label2>
                            <property name="TrackNumber">$INFO[MusicPlayer.offset(20).PlaylistPosition]</property>
                            <onclick>Playlist.PlayOffset(20)</onclick>
                            <visible>MusicPlayer.offset(20).Exists</visible>
                        </item>

                    </content>
                </control>
            </control>

            
            <control type="group">
                <height>64</height>
                <bottom>64</bottom>
                <width>667</width>
                <control type="grouplist" id="9000">
                    <top>64</top>
                    <left>-64</left>
                    <right>-64</right>
                    <height>64</height>
                    <itemgap>16</itemgap>
                    <orientation>horizontal</orientation>
                    <align>center</align>
                    <control type="button" id="1">
                        <description>Repeat</description>
                        <onclick>XBMC.PlayerControl(Repeat)</onclick>
                        <width>48</width>
                        <height>48</height>
                        <label></label>
                        <font>noop</font>
                        <onup>9100</onup>
                        <texturefocus>noop</texturefocus>
                        <texturenofocus>noop</texturenofocus>
                    </control>

                    <control type="group" id="501">
                        <left>-64</left>
                        <width>48</width>
                        <height>48</height>
                        <control type="image" description="repeat-one-nf">
                            <width>48</width>
                            <height>48</height>
                            <texture colordiffuse="ListLabel">osd/repeat-one.png</texture>
                            <visible>Playlist.IsRepeatOne</visible>
                            <visible>!Control.HasFocus(1)</visible>
                        </control>
                        <control type="image" description="repeat-one-fo">
                            <width>48</width>
                            <height>48</height>
                            <texture colordiffuse="$VAR[HighlightColor]">osd/repeat-one.png</texture>
                            <visible>Playlist.IsRepeatOne</visible>
                            <visible>Control.HasFocus(1)</visible>
                        </control>
                        <control type="image" description="repeat-all-nf">
                            <width>48</width>
                            <height>48</height>
                            <texture colordiffuse="ListLabel">osd/repeat-all.png</texture>
                            <visible>Playlist.IsRepeat</visible>
                            <visible>!Control.HasFocus(1)</visible>
                        </control>
                        <control type="image" description="repeat-all-fo">
                            <width>48</width>
                            <height>48</height>
                            <texture colordiffuse="$VAR[HighlightColor]">osd/repeat-all.png</texture>
                            <visible>Playlist.IsRepeat</visible>
                            <visible>Control.HasFocus(1)</visible>
                        </control>
                        <control type="image" description="repeat-off-nf">
                            <width>48</width>
                            <height>48</height>
                            <texture colordiffuse="ListLabel">osd/repeat-off.png</texture>
                            <visible>!Playlist.IsRepeatOne + !Playlist.IsRepeat</visible>
                            <visible>!Control.HasFocus(1)</visible>
                        </control>
                        <control type="image" description="repeat-off-fo">
                            <width>48</width>
                            <height>48</height>
                            <texture colordiffuse="$VAR[HighlightColor]">osd/repeat-off.png</texture>
                            <visible>!Playlist.IsRepeatOne + !Playlist.IsRepeat</visible>
                            <visible>Control.HasFocus(1)</visible>
                        </control>
                        <control type="image" description="repeat-check-fo">
                            <top>42</top>
                            <left>42</left>
                            <width>16</width>
                            <height>16</height>
                            <texture colordiffuse="$VAR[HighlightColor]">osd/minicheck.png</texture>
                            <visible>Playlist.IsRepeat | Playlist.IsRepeatOne</visible>
                            <visible>Control.HasFocus(1)</visible>
                        </control>
                        <control type="image" description="repeat-check-fo">
                            <top>42</top>
                            <left>42</left>
                            <width>16</width>
                            <height>16</height>
                            <texture colordiffuse="ListLabel">osd/minicheck.png</texture>
                            <visible>Playlist.IsRepeat | Playlist.IsRepeatOne</visible>
                            <visible>!Control.HasFocus(1)</visible>
                        </control>
                    </control>

                    <control type="button" id="9001">
                        <description>Playlist</description>
                        <width>48</width>
                        <height>48</height>
                        <label></label>
                        <font>noop</font>
                        <onup>9100</onup>
                        <onclick>Close</onclick>
                        <onclick condition="Player.HasAudio">ActivateWindow(MusicPlaylist)</onclick>
                        <onclick condition="Player.HasVideo">ActivateWindow(VideoPlaylist)</onclick>
                        <texturefocus colordiffuse="$VAR[HighlightColor]">osd/playlist.png</texturefocus>
                        <texturenofocus colordiffuse="ListLabel">osd/playlist.png</texturenofocus>
                    </control>

                    <control type="button" id="12">
                        <description>Skip Back</description>
                        <width>48</width>
                        <height>48</height>
                        <label></label>
                        <font>noop</font>
                        <onup>9100</onup>
                        <texturefocus colordiffuse="$VAR[HighlightColor]" flipx="true">osd/next.png</texturefocus>
                        <texturenofocus colordiffuse="ListLabel" flipx="true">osd/next.png</texturenofocus>
                        <onclick>PlayerControl(Previous)</onclick>
                    </control>

                    <control type="button" id="13">
                        <description>Rewind</description>
                        <width>48</width>
                        <height>48</height>
                        <label></label>
                        <font>noop</font>
                        <onup>9100</onup>
                        <texturefocus colordiffuse="$VAR[HighlightColor]" flipx="true">osd/ff.png</texturefocus>
                        <texturenofocus colordiffuse="ListLabel" flipx="true">osd/ff.png</texturenofocus>
                        <onclick>PlayerControl(Rewind)</onclick>
                        <enable>Player.SeekEnabled</enable>
                        <animation effect="fade" start="100" end="33" time="100" condition="!Player.SeekEnabled">Conditional</animation>
                    </control>

                    <control type="togglebutton" id="14">
                        <description>Play/Pause</description>
                        <width>48</width>
                        <height>48</height>
                        <label></label>
                        <altlabel></altlabel>
                        <font>noop</font>
                        <onup>9100</onup>
                        <texturefocus colordiffuse="$VAR[HighlightColor]">osd/pause.png</texturefocus>
                        <texturenofocus colordiffuse="ListLabel">osd/pause.png</texturenofocus>
                        <usealttexture>Player.Paused | Player.Forwarding | Player.Rewinding</usealttexture>
                        <alttexturefocus colordiffuse="$VAR[HighlightColor]">osd/play.png</alttexturefocus>
                        <alttexturenofocus colordiffuse="ListLabel">osd/play.png</alttexturenofocus>
                        <onclick>PlayerControl(Play)</onclick>
                        <enable>Player.PauseEnabled</enable>
                        <animation effect="fade" start="100" end="33" time="100" condition="!Player.PauseEnabled">Conditional</animation>
                    </control>

                    <control type="button" id="15">
                        <description>Stop</description>
                        <width>48</width>
                        <height>48</height>
                        <label></label>
                        <font>noop</font>
                        <onup>9100</onup>
                        <texturefocus colordiffuse="$VAR[HighlightColor]">osd/stop.png</texturefocus>
                        <texturenofocus colordiffuse="ListLabel">osd/stop.png</texturenofocus>
                        <onclick>PlayerControl(Stop)</onclick>
                        <onclick>Close</onclick>
                    </control>

                    <control type="button" id="16">
                        <description>Fast Forward</description>
                        <width>48</width>
                        <height>48</height>
                        <label></label>
                        <font>noop</font>
                        <onup>9100</onup>
                        <texturefocus colordiffuse="$VAR[HighlightColor]">osd/ff.png</texturefocus>
                        <texturenofocus colordiffuse="ListLabel">osd/ff.png</texturenofocus>
                        <onclick>PlayerControl(Forward)</onclick>
                        <enable>Player.SeekEnabled</enable>
                        <animation effect="fade" start="100" end="33" time="100" condition="!Player.SeekEnabled">Conditional</animation>
                    </control>

                    <control type="button" id="17">
                        <description>Next</description>
                        <width>48</width>
                        <height>48</height>
                        <label></label>
                        <font>noop</font>
                        <onup>9100</onup>
                        <texturefocus colordiffuse="$VAR[HighlightColor]">osd/next.png</texturefocus>
                        <texturenofocus colordiffuse="ListLabel">osd/next.png</texturenofocus>
                        <onclick>PlayerControl(Next)</onclick>
                    </control>

                    <control type="button" id="9002">
                        <description>Visualisation</description>
                        <width>48</width>
                        <height>48</height>
                        <label></label>
                        <font>noop</font>
                        <onup>9100</onup>
                        <onclick>Close</onclick>
                        <onclick condition="Player.HasAudio">ActivateWindow(Visualisation)</onclick>
                        <onclick condition="Player.HasVideo">ActivateWindow(FullscreenVideo)</onclick>
                        <texturefocus colordiffuse="$VAR[HighlightColor]">osd/visualisation.png</texturefocus>
                        <texturenofocus colordiffuse="ListLabel">osd/visualisation.png</texturenofocus>
                    </control>

                    <control type="button" id="6">
                        <description>Random</description>
                        <onclick>XBMC.PlayerControl(Random)</onclick>
                        <width>48</width>
                        <height>48</height>
                        <label></label>
                        <font>noop</font>
                        <onup>9100</onup>
                        <texturefocus colordiffuse="$VAR[HighlightColor]">osd/shuffle.png</texturefocus>
                        <texturenofocus colordiffuse="ListLabel">osd/shuffle.png</texturenofocus>
                    </control>

                    <control type="group" description="shuffle-check">
                        <top>64</top>
                        <right>380</right>
                        <width>48</width>
                        <height>48</height>
                        <control type="image" description="shuffle-check-fo">
                            <top>42</top>
                            <left>-20</left>
                            <width>16</width>
                            <height>16</height>
                            <texture colordiffuse="$VAR[HighlightColor]">osd/minicheck.png</texture>
                            <visible>Playlist.IsRandom</visible>
                            <visible>Control.HasFocus(6)</visible>
                        </control>
                        <control type="image" description="shuffle-check-fo">
                            <top>42</top>
                            <left>-20</left>
                            <width>16</width>
                            <height>16</height>
                            <texture colordiffuse="ListLabel">osd/minicheck.png</texture>
                            <visible>Playlist.IsRandom</visible>
                            <visible>!Control.HasFocus(6)</visible>
                        </control>
                    </control>

                    
                </control>

                
            </control>
        </control>
    </include>
    


    <!-- OSD Controls -->
    <include name="Window_OSD_Left_Music">
        <control type="button" id="1">
            <description>Audio Settings</description>
            <label>$LOCALIZE[486]$INFO[Playlist.Repeat, : ]</label>
            <onclick>XBMC.PlayerControl(Repeat)</onclick>
            <include>Defs_OSDButton</include>
        </control>
        <control type="button" id="2">
            <label>$LOCALIZE[191]$INFO[Playlist.Random, : ]</label>
            <onclick>XBMC.PlayerControl(Random)</onclick>
            <include>Defs_OSDButton</include>
        </control>
        <control type="button" id="3">
            <description>Playlist</description>
            <label>559</label>
            <onclick>Close</onclick>
            <onclick>ActivateWindow(MusicPlaylist)</onclick>
            <include>Defs_OSDButton</include>
        </control>
    </include>
    <include name="Window_OSD_Right_Music">
        <control type="button" id="4">
            <description>Vis</description>
            <label>250</label>
            <onclick>Addon.Default.Set(xbmc.player.musicviz)</onclick>
            <include>Defs_OSDButton</include>
        </control>           
        <control type="button" id="5">
            <description>Presets</description>
            <label>13388</label>
            <onclick>ActivateWindow(musicsettings)</onclick>
            <onclick>XBMC.ActivateWindow(122)</onclick>
            <include>Defs_OSDButton</include>
        </control>
        <control type="button" id="6">
            <description>Lyrics</description>
            <label>24013</label>
            <onclick>Close</onclick>
            <onclick>RunScript(script.cu.lrclyrics)</onclick>
            <enable>System.HasAddon(script.cu.lrclyrics)</enable>
            <include>Defs_OSDButton</include>
        </control>
    </include>
    <include name="Window_OSD_Left_Video">
        <control type="button" id="1">
            <description>Audio Settings</description>
            <label>292</label>
            <onclick>ActivateWindow(124)</onclick>
            <include>Defs_OSDButton</include>
        </control>
        <control type="button" id="2">
            <label>291</label>
            <onclick>ActivateWindow(123)</onclick>
            <include>Defs_OSDButton</include>
        </control>
        <control type="button" id="3">
            <description>Playlist</description>
            <label>$LOCALIZE[287]</label>
            <onclick>Action(ShowSubtitles)</onclick>
            <onup>9302</onup>
            <include>Defs_OSDButton</include>
        </control>
    </include>
    <include name="Window_OSD_Right_Video">
        <control type="button" id="4">
            <description>Extra Info</description>
            <label>31105</label>
            <!-- <onclick>Close</onclick> -->
            <!-- <onclick condition="!Player.Paused">Pause</onclick>
            <onclick condition="VideoPlayer.Content(movies)">RunScript(script.extendedinfo,info=extendedinfo,name=$INFO[VideoPlayer.Title])</onclick>
            <onclick condition="VideoPlayer.Content(episodes)">RunScript(script.extendedinfo,info=extendedtvinfo,name=$INFO[VideoPlayer.TvShowTitle])</onclick> -->
            <onclick condition="VideoPlayer.Content(movies)">RunScript(script.extendedinfo,info=extendedinfo,name=$INFO[VideoPlayer.Title],imdb_id=$INFO[VideoPlayer.IMDBNumber])</onclick>
            <onclick condition="VideoPlayer.Content(episodes)">RunScript(script.extendedinfo,info=extendedtvinfo,name=$INFO[VideoPlayer.TvShowTitle],imdb_id=$INFO[VideoPlayer.IMDBNumber])</onclick>
            <include>Defs_OSDButton</include>
        </control>           
        <control type="button" id="5">
            <description>3d Mode</description>
            <label>31106</label>
            <onclick>StereoMode</onclick>
            <enable>VideoPlayer.IsStereoscopic</enable>
            <include>Defs_OSDButton</include>
        </control>
        <control type="button" id="6">
            <description>Bookmarks</description>
            <label>298</label>
            <onclick>ActivateWindow(125)</onclick>
            <include>Defs_OSDButton</include>
        </control>
    </include>
    <include name="Window_OSD_Right_LiveTV">
        <control type="button" id="4">
            <description>CHANNELS</description>
            <label>19019</label>
            <include>Defs_OSDButton</include>
            <onclick>Close</onclick>
            <onclick>ActivateWindow(pvrosdchannels)</onclick>
        </control>
        <control type="button" id="5">
            <description>EPG</description>
            <label>$LOCALIZE[19030] / $LOCALIZE[19031]</label>
            <onclick>Close</onclick>
            <onclick>ActivateWindow(pvrosdguide)</onclick>
            <include>Defs_OSDButton</include>
        </control>

        <control type="button" id="6">
            <description>TIMELINE</description>
            <include>Defs_OSDButton</include>
            <label>19032</label>
            <onclick>Close</onclick>
            <onclick>ActivateWindow(tvguide,,return)</onclick>
        </control>
    </include>
    <include name="Window_OSD_Controls">
        <control type="button" id="12">
            <description>Skip Back</description>
            <width>48</width>
            <height>48</height>
            <label></label>
            <font>noop</font>
            <texturefocus colordiffuse="$VAR[HighlightColor]" flipx="true">osd/next.png</texturefocus>
            <texturenofocus colordiffuse="LineLabel" flipx="true">osd/next.png</texturenofocus>
            <onclick>PlayerControl(Previous)</onclick>
        </control>

        <control type="button" id="13">
            <description>Rewind</description>
            <width>48</width>
            <height>48</height>
            <label></label>
            <font>noop</font>
            <texturefocus colordiffuse="$VAR[HighlightColor]" flipx="true">osd/ff.png</texturefocus>
            <texturenofocus colordiffuse="LineLabel" flipx="true">osd/ff.png</texturenofocus>
            <onclick>PlayerControl(Rewind)</onclick>
        </control>

        <control type="togglebutton" id="14">
            <description>Play/Pause</description>
            <width>48</width>
            <height>48</height>
            <label></label>
            <altlabel></altlabel>
            <font>noop</font>
            <texturefocus colordiffuse="$VAR[HighlightColor]">osd/pause.png</texturefocus>
            <texturenofocus colordiffuse="LineLabel">osd/pause.png</texturenofocus>
            <usealttexture>Player.Paused | Player.Forwarding | Player.Rewinding</usealttexture>
            <alttexturefocus colordiffuse="$VAR[HighlightColor]">osd/play.png</alttexturefocus>
            <alttexturenofocus colordiffuse="LineLabel">osd/play.png</alttexturenofocus>
            <onclick>PlayerControl(Play)</onclick>
        </control>

        <control type="button" id="15">
            <description>Stop</description>
            <width>48</width>
            <height>48</height>
            <label></label>
            <font>noop</font>
            <texturefocus colordiffuse="$VAR[HighlightColor]">osd/stop.png</texturefocus>
            <texturenofocus colordiffuse="LineLabel">osd/stop.png</texturenofocus>
            <onclick>PlayerControl(Stop)</onclick>
        </control>

        <control type="button" id="16">
            <description>Fast Forward</description>
            <width>48</width>
            <height>48</height>
            <label></label>
            <font>noop</font>
            <texturefocus colordiffuse="$VAR[HighlightColor]">osd/ff.png</texturefocus>
            <texturenofocus colordiffuse="LineLabel">osd/ff.png</texturenofocus>
            <onclick>PlayerControl(Forward)</onclick>
        </control>

        <control type="button" id="17">
            <description>Next</description>
            <width>48</width>
            <height>48</height>
            <label></label>
            <font>noop</font>
            <texturefocus colordiffuse="$VAR[HighlightColor]">osd/next.png</texturefocus>
            <texturenofocus colordiffuse="LineLabel">osd/next.png</texturenofocus>
            <onclick>PlayerControl(Next)</onclick>
        </control>
    </include>
    <include name="Window_OSD">
        <control type="group">
            <!-- <visible>!Window.IsVisible(script-cu-lrclyrics-main.xml) | !Window.IsVisible(MusicVisualisation.xml)</visible> -->
            <animation type="WindowOpen">
                <effect type="slide" start="0,64" end="0" time="175" />
                <effect type="fade" start="0" end="100" time="200" />
            </animation>
			<control type="Slider" id="746">
                <description>Slider</description>
                <width>100%</width>
                <bottom>64</bottom>
                <height>16</height>
				<texturebg colordiffuse="$VAR[HighlightColor2]">osd/progress-bg.png</texturebg>
                <action>seek</action>
            </control>            
            <control type="grouplist" id="100">
                <left>0</left>
                <bottom>8</bottom>
                <height>48</height>
                <width>696</width>
                <itemgap>0</itemgap>
                <orientation>horizontal</orientation>
                <align>left</align>
                <onleft>6</onleft>
                <onright>12</onright>
                <onup>SetProperty(osdinfo,1,home)</onup>
                <ondown condition="IsEmpty(Window(home).Property(osdinfo))">Close</ondown>
                <ondown condition="!IsEmpty(Window(home).Property(osdinfo))">ClearProperty(osdinfo,home)</ondown>
                <include condition="Window.IsVisible(visualisation)">Window_OSD_Left_Music</include>
                <include condition="Window.IsVisible(fullscreenvideo)">Window_OSD_Left_Video</include>
            </control>
            <control type="grouplist" id="101">
                <bottom>8</bottom>
                <width>100%</width>
                <height>48</height>
                <itemgap>16</itemgap>
                <orientation>horizontal</orientation>
                <align>center</align>
                <onleft>3</onleft>
                <onright>4</onright>
                <onup>SetProperty(osdinfo,1,home)</onup>
                <ondown condition="IsEmpty(Window(home).Property(osdinfo))">Close</ondown>
                <ondown condition="!IsEmpty(Window(home).Property(osdinfo))">ClearProperty(osdinfo,home)</ondown>
                <include>Window_OSD_Controls</include>            
            </control>
            <control type="grouplist" id="102">
                <right>0</right>
                <bottom>8</bottom>
                <height>48</height>
                <width>696</width>
                <itemgap>0</itemgap>
                <orientation>horizontal</orientation>
                <align>right</align>
                <onleft>17</onleft>
                <onright>1</onright>
                <onup>SetProperty(osdinfo,1,home)</onup>
                <ondown condition="IsEmpty(Window(home).Property(osdinfo))">Close</ondown>
                <ondown condition="!IsEmpty(Window(home).Property(osdinfo))">ClearProperty(osdinfo,home)</ondown>
                <include condition="Window.IsVisible(visualisation)">Window_OSD_Right_Music</include>
                <include condition="Window.IsVisible(fullscreenvideo) + !VideoPlayer.Content(LiveTV)">Window_OSD_Right_Video</include>
                <include condition="Window.IsVisible(fullscreenvideo) + VideoPlayer.Content(LiveTV)">Window_OSD_Right_LiveTV</include>
            </control>

            <control type="group">
                <visible allowhiddenfocus="true">ControlGroup(9300).HasFocus() | Control.HasFocus(3)</visible>
                <visible>Window.IsVisible(videoosd)</visible>
                <bottom>64</bottom>
                <centerleft>580</centerleft><!-- Me -->
                <width>300</width>
                <height>276</height><!-- Me -->
                <control type="image">
                    <description>background image</description>
                    <left>-24</left>
                    <right>-24</right>
                    <top>-24</top>
                    <bottom>-24</bottom>
                    <bordersize>24</bordersize>
                    <bordertexture border="24">common/24-shadow.png</bordertexture>
                    <texture colordiffuse="DialogBG">common/white.png</texture>
                </control>
                 <control type="grouplist" id="9300">
                    <left>0</left>
                    <right>0</right>
                    <top>0</top>
                    <bottom>0</bottom>
                    <onup>noop</onup>
                    <ondown>3</ondown>
                    <onleft>3</onleft>
                    <onright>3</onright>
                    <itemgap>0</itemgap>
                    <orientation>vertical</orientation>
                    <scrolltime>200</scrolltime>
                    <control type="button" id="9301" description="Download">
                        <width>100%</width>
                        <height>69</height>
                        <include>Defs_OSDButton</include>                         
                        <label>31213</label><!-- ME -->
                        <onclick>ActivateWindow(SubtitleSearch)</onclick>
                    </control>                    
                  <control type="button" id="9304"><!-- ME -->
				       <width>100%</width>
				       <height>69</height>				
				       <include>Defs_OSDButton</include>
				       <label>22006</label>
				       <onclick>SubtitleDelay</onclick>
				  <visible>VideoPlayer.HasSubtitles + VideoPlayer.SubtitlesEnabled</visible>
			    </control>   			
			<control type="button" id="9305"><!-- ME -->
				<width>100%</width>
				<height>69</height>				
				<include>Defs_OSDButton</include>
				<label>31214</label>
				<onclick>CycleSubtitle</onclick>
				<visible>VideoPlayer.HasSubtitles + VideoPlayer.SubtitlesEnabled</visible>
			</control>				                  
                    <control type="togglebutton" id="9302" description="Enable Subs">
                        <width>100%</width>
                        <height>69</height>
                        <include>Defs_OSDButton</include>
                        <label> $LOCALIZE[31216] $INFO[VideoPlayer.SubtitlesLanguage,[UPPERCASE],[/UPPERCASE]]  $LOCALIZE[31215] </label><!-- ME -->                                              
                        <altlabel>$LOCALIZE[31216] $LOCALIZE[31217]</altlabel><!-- ME --> 
                        <onclick>NextSubtitle</onclick>
                        <usealttexture>!VideoPlayer.SubtitlesEnabled</usealttexture>
                    </control>
                </control>
            </control>
        </control>
    </include>
    
</includes>