<?xml version="1.0" encoding="UTF-8"?>
<window>
    <!-- skinsettings -->
    <backgroundcolor>Background</backgroundcolor>
    <defaultcontrol always="true">8001</defaultcontrol>
    <onload condition="IsEmpty(Skin.String(home.mainheadertext))">Skin.SetString(home.mainheadertext,$LOCALIZE[31158])</onload>
    <onload condition="IsEmpty(Skin.String(home.headertext))">Skin.SetString(home.headertext,$LOCALIZE[10000])</onload>
    <onload condition="IsEmpty(Skin.String(home.widgetposters))">Skin.SetString(home.widgetposters,$LOCALIZE[31155])</onload>
    <onunload>RunScript(script.skinshortcuts,type=buildxml&amp;mainmenuID=9000&amp;group=mainmenu|x1101|x1102|x1103|x1104|x1105|x1106|x1107|x1108|x1109|x1110|x1111|x1112|x1113|x1114|x1115|x1116|x1117|x1118|x1119|x1120|powermenu)</onunload>
    <controls>
        <include>Furniture_Background</include>
        <include>Furniture_TopBar</include>
        <include>Furniture_RSS</include>

        <control type="group">
            <include>Animation_SlideIn</include>
            <include>Animation_FadeOut</include>
            <!-- Left List -->
            <control type="group">
                <right>side</right>
                <top>top</top>
                <height>height</height>
                <width>475</width>
                <include name="Object_Line">
                    <param name="width" value="475" />
                    <param name="label" value="31073" />
                </include>
                <control type="grouplist" id="8000">                
                    <itemgap>0</itemgap>
                    <onleft>9000</onleft>
                    <onup>noop</onup>
                    <ondown>noop</ondown>
                    <!-- HOME -->
                    <control type="togglebutton" id="8001">
                        <width>475</width>
                        <align>right</align>
                        <label>10000</label>
                        <altlabel>[COLOR=Selected]$LOCALIZE[10000][/COLOR]</altlabel>
                        <usealttexture>ControlGroup(8000).HasFocus(8001)</usealttexture>
                        <alttexturenofocus colordiffuse="$VAR[HighlightColor]">common/white.png</alttexturenofocus>
                        <include>Defs_OptionButton</include>
                    </control>
                    <!-- BACKGROUND -->
                    <control type="togglebutton" id="8002">
                        <width>475</width>
                        <align>right</align>
                        <label>31020</label>
                        <altlabel>[COLOR=Selected]$LOCALIZE[31020][/COLOR]</altlabel>
                        <usealttexture>ControlGroup(8000).HasFocus(8002)</usealttexture>
                        <alttexturenofocus colordiffuse="$VAR[HighlightColor]">common/white.png</alttexturenofocus>
                        <include>Defs_OptionButton</include>
                    </control>
                    <!-- MUSIC OSD -->
                    <control type="togglebutton" id="8003">
                        <width>475</width>
                        <align>right</align>
                        <label>31121</label>
                        <altlabel>[COLOR=Selected]$LOCALIZE[31121][/COLOR]</altlabel>
                        <usealttexture>ControlGroup(8000).HasFocus(8003)</usealttexture>
                        <alttexturenofocus colordiffuse="$VAR[HighlightColor]">common/white.png</alttexturenofocus>
                        <include>Defs_OptionButton</include>
                    </control>
                    <!-- VIDEO OSD -->
                    <control type="togglebutton" id="8004">
                        <width>475</width>
                        <align>right</align>
                        <label>31005</label>
                        <altlabel>[COLOR=Selected]$LOCALIZE[31005][/COLOR]</altlabel>
                        <usealttexture>ControlGroup(8000).HasFocus(8004)</usealttexture>
                        <alttexturenofocus colordiffuse="$VAR[HighlightColor]">common/white.png</alttexturenofocus>
                        <include>Defs_OptionButton</include>
                    </control>
                    <!-- HEADER -->
                    <control type="togglebutton" id="8007">
                        <width>475</width>
                        <align>right</align>
                        <label>31127</label>
                        <altlabel>[COLOR=Selected]$LOCALIZE[31127][/COLOR]</altlabel>
                        <usealttexture>ControlGroup(8000).HasFocus(8007)</usealttexture>
                        <alttexturenofocus colordiffuse="$VAR[HighlightColor]">common/white.png</alttexturenofocus>
                        <include>Defs_OptionButton</include>
                    </control>
                    <!-- COLORS -->
                    <control type="togglebutton" id="8008">
                        <width>475</width>
                        <align>right</align>
                        <label>31126</label>
                        <altlabel>[COLOR=Selected]$LOCALIZE[31126][/COLOR]</altlabel>
                        <usealttexture>ControlGroup(8000).HasFocus(8008)</usealttexture>
                        <alttexturenofocus colordiffuse="$VAR[HighlightColor]">common/white.png</alttexturenofocus>
                        <include>Defs_OptionButton</include>
                    </control>                   
                    <!-- EXTRAS -->
                    <control type="togglebutton" id="8009">
                        <width>475</width>
                        <align>right</align>
                        <label>31110</label>
                        <altlabel>[COLOR=Selected]$LOCALIZE[31110][/COLOR]</altlabel>
                        <usealttexture>ControlGroup(8000).HasFocus(8009)</usealttexture>
                        <alttexturenofocus colordiffuse="$VAR[HighlightColor]">common/white.png</alttexturenofocus>
                        <include>Defs_OptionButton</include>
                    </control>
                   <!-- Me ADDONS -->                    
                    <control type="togglebutton" id="8098">
                        <width>100%</width>
                        <label>31203</label>
                        <align>right</align>
                        <altlabel>[COLOR=Selected]$LOCALIZE[31203][/COLOR]</altlabel>
                        <usealttexture>ControlGroup(8000).HasFocus(8098)</usealttexture>
                        <alttexturenofocus colordiffuse="$VAR[HighlightColor]">common/white.png</alttexturenofocus>
                        <include>Defs_OptionButton</include>
                    </control>
                    <!-- RESET SKIN -->
                    <control type="togglebutton" id="8099">
                        <width>475</width>
                        <align>right</align>
                        <label>31170</label>
                        <altlabel>[COLOR=Selected]$LOCALIZE[31170][/COLOR]</altlabel>
                        <usealttexture>ControlGroup(8000).HasFocus(8099)</usealttexture>
                        <alttexturenofocus colordiffuse="$VAR[HighlightColor]">common/white.png</alttexturenofocus>
                        <include>Defs_OptionButton</include>
                    </control>                    
                </control>
            </control>
            <!-- Right List -->
            <control type="group">
                <right>505</right>
                <top>top</top>
                <height>height</height>
                <right>side</right>
                <include name="Object_Line">
                    <param name="width" value="1409" />
                    <param name="label" value="$LOCALIZE[33063]" />
                </include>
                <control type="grouplist" id="9000">                
                    <itemgap>0</itemgap>
                    <onright>8000</onright>
                    <!-- HOME -->
                    <!-- Customise Home Menu -->
                    <control type="button" id="8101">
                        <width>100%</width>
                        <align>right</align>
                        <label>31049</label>
                        <onclick>RunScript(script.skinshortcuts,type=manage&amp;group=mainmenu)</onclick>
                        <include>Defs_OptionButton</include>
                        <visible>ControlGroup(8000).HasFocus(8001)</visible>
                    </control>
                    <!-- Fallback Widget -->
                    <control type="button" id="8102">
                        <width>100%</width>
                        <label>31147</label>
                        <label2>$VAR[Label_SkinSetting_FallbackWidget]</label2>                        <onclick>RunScript(script.skinshortcuts,type=shortcuts&amp;grouping=widget&amp;skinList=home.fallbackwidget&amp;skinLabel=home.fallbackwidget.name&amp;skinType=home.fallbackwidget.type)</onclick>
                        <include>Defs_OptionButton</include>
                        <visible>ControlGroup(8000).HasFocus(8001)</visible>
                    </control>
                    <!-- Widget Info Box -->
                    <control type="radiobutton" id="8103">
                        <width>100%</width>
                        <align>right</align>
                        <label>31016</label>
                        <radioposx>40</radioposx>
                        <selected>!Skin.HasSetting(home.hidewidgetbox)</selected>
                        <onclick condition="!Skin.HasSetting(home.hidewidgetbox) + stringcompare(Skin.String(home.widgetposters),$LOCALIZE[31153])">Skin.SetString(home.widgetposters,$LOCALIZE[31154])</onclick>
                        <onclick>Skin.ToggleSetting(home.hidewidgetbox)</onclick>
                        <include>Defs_OptionButton</include>
                        <visible>ControlGroup(8000).HasFocus(8001)</visible>
                    </control>
                    <!-- Widget Posters -->
                    <control type="button" id="8104">
                        <width>100%</width>
                        <label>31150</label>
                        <label2>$INFO[Skin.String(home.widgetposters)]</label2>
                        <radioposx>1350</radioposx>
                        <onclick condition="!stringcompare(Skin.String(home.widgetposters),$LOCALIZE[31166]) + !stringcompare(Skin.String(home.widgetposters),$LOCALIZE[31155]) + !stringcompare(Skin.String(home.widgetposters),$LOCALIZE[31153])">Skin.SetString(home.widgetposters,$LOCALIZE[31166])</onclick>
                        <onclick condition="!stringcompare(Skin.String(home.widgetposters),$LOCALIZE[31155]) + !stringcompare(Skin.String(home.widgetposters),$LOCALIZE[31153]) + !stringcompare(Skin.String(home.widgetposters),$LOCALIZE[31154])">Skin.SetString(home.widgetposters,$LOCALIZE[31155])</onclick>
                        <onclick condition="!stringcompare(Skin.String(home.widgetposters),$LOCALIZE[31166]) + !stringcompare(Skin.String(home.widgetposters),$LOCALIZE[31155]) + !stringcompare(Skin.String(home.widgetposters),$LOCALIZE[31154])">Skin.SetString(home.widgetposters,$LOCALIZE[31154])</onclick>
                        <onclick condition="!stringcompare(Skin.String(home.widgetposters),$LOCALIZE[31166]) + !stringcompare(Skin.String(home.widgetposters),$LOCALIZE[31153]) + !stringcompare(Skin.String(home.widgetposters),$LOCALIZE[31154]) + !Skin.HasSetting(home.hidewidgetbox)">Skin.SetString(home.widgetposters,$LOCALIZE[31153])</onclick>
                        <onclick condition="!stringcompare(Skin.String(home.widgetposters),$LOCALIZE[31166]) + !stringcompare(Skin.String(home.widgetposters),$LOCALIZE[31153]) + !stringcompare(Skin.String(home.widgetposters),$LOCALIZE[31154]) + Skin.HasSetting(home.hidewidgetbox)">Skin.SetString(home.widgetposters,$LOCALIZE[31154])</onclick>
                        <include>Defs_OptionButton</include>
                        <visible>ControlGroup(8000).HasFocus(8001)</visible>
                    </control>
                    <!-- Widget DiscArt -->
                    <control type="radiobutton" id="8105">
                        <width>100%</width>
                        <align>right</align>
                        <label>31156</label>
                        <radioposx>40</radioposx>
                        <enable>!stringcompare(Skin.String(home.widgetposters),$LOCALIZE[31153]) + !stringcompare(Skin.String(home.widgetposters),$LOCALIZE[31154])</enable>
                        <selected>Skin.HasSetting(home.showdiscart)</selected>
                        <onclick>Skin.ToggleSetting(home.showdiscart)</onclick>
                        <include>Defs_OptionButton</include>
                        <visible>ControlGroup(8000).HasFocus(8001)</visible>
                    </control>
                    <!-- Header Icon -->
                    <control type="button" id="8107">
                        <width>100%</width>
                        <label>31151</label>
                        <onclick condition="IsEmpty(Skin.String(home.headericon))">Skin.SetImage(home.headericon,special://skin/extras/icons/)</onclick>
                        <label2>$VAR[Label_SkinSetting_HeaderIcon]</label2>
                        <onclick condition="!IsEmpty(Skin.String(home.headericon))">Skin.Reset(home.headericon)</onclick>
                        <include>Defs_OptionButton</include>
                        <visible>ControlGroup(8000).HasFocus(8001)</visible>
                    </control>
                    <!-- Header Icon Text בחירת שם ליד האייקון בית
                    <control type="button" id="8108">
                        <width>100%</width>
                        <label>31152</label>
                        <label2>$INFO[Skin.String(home.headertext)]</label2>
                        <onclick>Skin.SetString(home.headertext)</onclick>
                        <include>Defs_OptionButton</include>
                        <visible>ControlGroup(8000).HasFocus(8001)</visible>
                    </control>-->
                    <!-- Main Header Text -->
                    <control type="button" id="8109">
                        <width>100%</width>
                        <label>31157</label>
                        <label2>$INFO[Skin.String(home.mainheadertext)]</label2>
                        <onclick>Skin.SetString(home.mainheadertext)</onclick>
                        <include>Defs_OptionButton</include>
                        <visible>ControlGroup(8000).HasFocus(8001)</visible>
                    </control>
                    <!-- Transparent Home Bar -->
                    <control type="radiobutton" id="8110">
                        <width>100%</width>
                        <align>right</align>
                        <label>31172</label>
                        <radioposx>40</radioposx>
                        <selected>Skin.HasSetting(home.transparent)</selected>
                        <onclick>Skin.ToggleSetting(home.transparent)</onclick>
                        <include>Defs_OptionButton</include>
                        <visible>ControlGroup(8000).HasFocus(8001)</visible>
                    </control>
                    <!-- Home Style Ols->
                    <control type="button" id="8111">
                        <width>100%</width>
                        <label>31173</label>
                        <label2>$INFO[Skin.String(home.style)]</label2>
                        <onclick condition="IsEmpty(Skin.String(home.style))">Skin.SetString(home.style,$LOCALIZE[31180])</onclick>
                        <onclick condition="StringCompare(Skin.String(home.style),$LOCALIZE[31180])">Skin.SetString(home.style,$LOCALIZE[31181])</onclick>
                        <onclick condition="StringCompare(Skin.String(home.style),$LOCALIZE[31181])">Skin.SetString(home.style,$LOCALIZE[31182])</onclick>
                        <onclick condition="StringCompare(Skin.String(home.style),$LOCALIZE[31182])">Skin.SetString(home.style,$LOCALIZE[31180])</onclick>
                        <include>Defs_OptionButton</include>
                        <visible>ControlGroup(8000).HasFocus(8001)</visible>
                    </control>-->               
                    <!-- Home Style -->
                    <!--Me The Change אריחים --> 
                    <!-- Home Style -->
                    <control type="button" id="8111">
                        <width>100%</width>
                        <label>31173</label>
                        <label2>$VAR[Label_SkinSetting_HomeStyle]</label2>
                        <onclick>RunScript(script.skin.helper.service,action=setskinsetting,setting=HomeStyle,header=$LOCALIZE[31173])</onclick>
                        <onclick>ReloadSkin()</onclick> 
                        <include>Defs_OptionButton</include>
                        <visible>ControlGroup(8000).HasFocus(8001)</visible>
                    </control>
                    <!--Me רקע אחורי כיתוב הסרט  -->  
                    <control type="button" id="8112">
                        <width>100%</width>
                        <label>31256</label>
                        <label2>$VAR[Label_SkinSetting_WidgetStyle]</label2>
                        <onclick>RunScript(script.skin.helper.service,action=setskinsetting,setting=WidgetStyle,header=$LOCALIZE[31256])</onclick>
                        <include>Defs_OptionButton</include>
                        <visible>ControlGroup(8000).HasFocus(8001)</visible>
                    </control> 

                    <!-- BACKGROUND -->
                    <!-- Fanart -->
                    <control type="radiobutton" id="8201">
                        <width>100%</width>
                        <align>right</align>
                        <label>31021</label>
                        <radioposx>40</radioposx>
                        <selected>!Skin.HasSetting(background.hidefanart)</selected>
                        <onclick>Skin.ToggleSetting(background.hidefanart)</onclick>
                        <include>Defs_OptionButton</include>
                        <visible>ControlGroup(8000).HasFocus(8002)</visible>
                    </control>                     
                     <!-- Replace widget fanart with background -->
                    <control type="radiobutton" id="8202">
                        <width>100%</width>
                        <label>31283</label>
                        <align>right</align>
                        <radioposx>40</radioposx>
                        <selected>Skin.HasSetting(replace.widgetbackground)</selected>
                        <onclick>Skin.ToggleSetting(replace.widgetbackground)</onclick>
                        <include>Defs_OptionButton</include>
                        <visible>ControlGroup(8000).HasFocus(8002)</visible>
                    </control>
                    <!-- Show background video -->
                    <control type="radiobutton" id="8203">
                        <width>100%</width>
                        <align>right</align>
                        <label>31027</label>
                        <radioposx>40</radioposx>
                        <selected>Skin.HasSetting(background.showvideo)</selected>
                        <onclick>Skin.ToggleSetting(background.showvideo)</onclick>
                        <include>Defs_OptionButton</include>
                        <visible>ControlGroup(8000).HasFocus(8002)</visible>
                    </control>
                    <!-- Animate Fanart -->
                    <control type="radiobutton" id="8204">
                        <width>100%</width>
                        <align>right</align>
                        <label>31116</label>
                        <radioposx>40</radioposx>
                        <selected>Skin.HasSetting(background.animate)</selected>
                        <onclick>Skin.ToggleSetting(background.animate)</onclick>
                        <include>Defs_OptionButton</include>
                        <visible>ControlGroup(8000).HasFocus(8002)</visible>
                    </control>                    
                    <!-- Overlay -->
                    <control type="button" id="8205">
                        <width>100%</width>
                        <label>31159</label>
                        <label2>$VAR[Label_SkinSetting_GlobalOverlay]</label2>
                        <onclick condition="IsEmpty(Skin.String(global.background))">Skin.SetImage(global.background)</onclick>
                        <onclick condition="!IsEmpty(Skin.String(global.background))">Skin.Reset(global.background)</onclick>
                        <include>Defs_OptionButton</include>
                        <visible>ControlGroup(8000).HasFocus(8002)</visible>
                    </control>
                    <!-- Fallback Fanart -->
                    <control type="button" id="8206">
                        <width>100%</width>
                        <label>31146</label>
                        <label2>$VAR[Label_SkinSetting_FallbackFanart]</label2>
                        <onclick condition="IsEmpty(Skin.String(background.fallback))">Skin.SetImage(background.fallback)</onclick>
                        <onclick condition="!IsEmpty(Skin.String(background.fallback))">Skin.Reset(background.fallback)</onclick>
                        <include>Defs_OptionButton</include>
                        <visible>ControlGroup(8000).HasFocus(8002)</visible>
                    </control>
                    <!-- Weather Fanart -->
                    <control type="button" id="8207">
                        <width>100%</width>
                        <label>31076</label>
                        <onclick>RunScript(script.image.resource.select,property=weather.fanart&amp;type=resource.images.weatherfanart)</onclick>
                        <label2>$VAR[Label_SkinSetting_WeatherFanart]</label2>
                        <include>Defs_OptionButton</include>
                        <visible>ControlGroup(8000).HasFocus(8002)</visible>
                    </control>
                    <!-- MUSIC OSD -->
                    <control type="button" id="8301" description="Music visualisation">
                        <width>100%</width>
                        <visible>ControlGroup(8000).HasFocus(8003)</visible>
                        <include>Defs_OptionButton</include>
                        <label>31222</label>           
                        <label2>$VAR[Label_SkinSetting_MusicVisualisation]</label2>
                        <onclick>RunScript(script.skin.helper.service,action=setskinsetting,setting=MusicVisualisation,header=$LOCALIZE[31222])</onclick>                     
                    </control>                     
                    <control type="radiobutton" id="8302" description="Show visualisation with slideshow">
                        <visible>ControlGroup(8000).HasFocus(8003)</visible>
                        <width>100%</width>
                        <align>right</align>
                        <radioposx>40</radioposx>
                        <include>Defs_OptionButton</include>
                        <label>31119</label>
                        <selected>Skin.HasSetting(OSDVisualisation.ShowFanart)</selected>
                        <onclick>Skin.ToggleSetting(OSDVisualisation.ShowFanart)</onclick>
                    </control>
                    <control type="radiobutton" id="8303" description="Animate Artist slideshow">
                        <visible>ControlGroup(8000).HasFocus(8003)</visible>
                        <width>100%</width>
                        <radioposx>40</radioposx>
                        <align>right</align>
                        <include>Defs_OptionButton</include>
                        <label>31118</label>
                        <selected>Skin.HasSetting(ArtistSlideshow.Animate)</selected>
                        <onclick>Skin.ToggleSetting(ArtistSlideshow.Animate)</onclick>
                    <!-- Modification Enable -->                        
                        <enable>IsEmpty(Skin.String(musicvis.background)) | [Skin.HasSetting(ArtistSlideShow.Enabled) + StringCompare(Skin.String(musicvis.background),$LOCALIZE[31220])]</enable>
                    </control>
                    <!-- me -->
                    <control type="radiobutton" id="8304" description="Hide playback infos">
                        <visible>ControlGroup(8000).HasFocus(8003)</visible>
                        <width>100%</width>
                        <radioposx>40</radioposx>
                        <align>right</align>
                        <include>Defs_OptionButton</include>
                        <label>31268</label>
                        <selected>Skin.HasSetting(Hide.PlaybackInfos)</selected>
                        <onclick>Skin.ToggleSetting(Hide.PlaybackInfos)</onclick>
                    </control>
                    <!-- ME ביטול כותרת בתצוגת המוזיקה 
                    <control type="radiobutton" id="8305" description="Disable Tile">
                        <visible>ControlGroup(8000).HasFocus(8003)</visible>
                        <width>100%</width>
                        <label>31221</label>
                        <align>right</align>
                        <radioposx>40</radioposx>
                        <include>Defs_OptionButton</include>
                        <onclick>Skin.ToggleSetting(osdmusic.disabletile)</onclick>
                        <selected>Skin.HasSetting(osdmusic.disabletile)</selected>
                    </control>-->
                    <!-- ME ביטול שעון בתצוגת המוזיקה -->                   
                    <control type="radiobutton" id="8305" description="Disable Clock">
                        <visible>ControlGroup(8000).HasFocus(8003)</visible>
                        <width>100%</width>
                        <radioposx>40</radioposx>
                        <align>right</align>
                        <include>Defs_OptionButton</include>
                        <label>31138</label>
                        <onclick>Skin.ToggleSetting(osdmusic.disableclock)</onclick>
                        <selected>!Skin.HasSetting(osdmusic.disableclock)</selected>
                    </control>
                    <!-- ME ביטול תחזית מזג האוויר  בתצוגת המוזיקה -->
                    <control type="radiobutton" id="8306" description="Disable Weather">
                        <visible>ControlGroup(8000).HasFocus(8003)</visible>
                        <width>100%</width>
                        <label>31115</label>
                        <align>right</align>
                        <radioposx>40</radioposx>
                        <onclick>Skin.ToggleSetting(osdmusic.disableweather)</onclick>
                        <selected>!Skin.HasSetting(osdmusic.disableweather)</selected>
                        <enable>!Skin.HasSetting(osdmusic.disableclock)</enable>
                        <include>Defs_OptionButton</include>
                    </control>

                    <!-- VIDEO OSD -->
                    <!-- Show Info -->
                    <control type="radiobutton" id="8401" description="Show Info">
                        <visible>ControlGroup(8000).HasFocus(8004)</visible>
                        <width>100%</width>
                        <align>right</align>
                        <radioposx>40</radioposx>
                        <include>Defs_OptionButton</include>
                        <label>31006</label>
                        <selected>Skin.HasSetting(videoosd.showinfo)</selected>
                        <onclick>Skin.ToggleSetting(videoosd.showinfo)</onclick>
                    </control>
                    <!-- Me video showclearart -->                    
                    <control type="radiobutton" id="8402" description="Show ClearArt">
                        <visible>ControlGroup(8000).HasFocus(8004)</visible>
                        <width>100%</width>
                        <align>right</align>
                        <radioposx>40</radioposx>
                        <include>Defs_OptionButton</include>
                        <label>$LOCALIZE[31205]</label>
                        <selected>Skin.HasSetting(videoosd.showclearart)</selected>
                        <onclick>Skin.ToggleSetting(videoosd.showclearart)</onclick>
                        <enable>Skin.HasSetting(videoosd.showinfo)</enable>
                    </control> 
                    <control type="radiobutton" id="8202">
                        <width>100%</width>
                        <label>31267</label>
                        <align>right</align>
                        <radioposx>40</radioposx>
                        <selected>Skin.HasSetting(background.showvideo)</selected>
                        <onclick>Skin.ToggleSetting(background.showvideo)</onclick>
                        <include>Defs_OptionButton</include>
                        <visible>ControlGroup(8000).HasFocus(8004)</visible>
                    </control>

                    <!-- HEADER -->
                    <!-- Disable Clock -->
                    <control type="radiobutton" id="8701">
                        <width>100%</width>
                        <align>right</align>
                        <label>31138</label>
                        <radioposx>40</radioposx>
                        <onclick>Skin.ToggleSetting(disable.clockheader)</onclick>
                        <selected>!Skin.HasSetting(disable.clockheader)</selected>
                        <include>Defs_OptionButton</include>
                        <visible>ControlGroup(8000).HasFocus(8007)</visible>
                    </control>
                    <!-- Disable Weather -->
                    <control type="radiobutton" id="8702">
                        <width>100%</width>
                        <align>right</align>
                        <label>31115</label>
                        <radioposx>40</radioposx>
                        <onclick>Skin.ToggleSetting(disable.weatherheader)</onclick>
                        <selected>!Skin.HasSetting(disable.weatherheader)</selected>
                        <enable>!Skin.HasSetting(disable.clockheader)</enable>
                        <include>Defs_OptionButton</include>
                        <visible>ControlGroup(8000).HasFocus(8007)</visible>
                    </control>
                    <!-- Disable Header -->
                    <control type="radiobutton" id="8703">
                        <width>100%</width>
                        <align>right</align>
                        <label>31014</label>
                        <radioposx>40</radioposx>
                        <onclick>Skin.ToggleSetting(disable.mainheader)</onclick>
                        <selected>!Skin.HasSetting(disable.mainheader)</selected>
                        <include>Defs_OptionButton</include>
                        <visible>ControlGroup(8000).HasFocus(8007)</visible>
                    </control>
                    <!-- Switch between All/Unwatched media counter -->
                    <control type="radiobutton" id="8704">
                        <width>100%</width>
                        <align>right</align>
                        <radioposx>40</radioposx>
                        <label>31167</label>
                        <enable>!Skin.HasSetting(disable.mainheader)</enable>
                        <onclick>Skin.ToggleSetting(header.mainheadercount)</onclick>
                        <selected>Skin.HasSetting(header.mainheadercount)</selected>
                        <include>Defs_OptionButton</include>
                        <visible>ControlGroup(8000).HasFocus(8007)</visible>
                    </control>
                    <!-- Match header tile to highlight color -->
                    <control type="radiobutton" id="8709">
                        <width>100%</width>
                        <align>right</align>
                        <label>31122</label>
                        <radioposx>40</radioposx>
                        <onclick>Skin.ToggleSetting(header.colormatch)</onclick>
                        <selected>Skin.HasSetting(header.colormatch)</selected>
                        <include>Defs_OptionButton</include>
                        <visible>ControlGroup(8000).HasFocus(8007)</visible>
                    </control>
                    
                    <!-- COLORS -->
                    <!-- Main Color -->
                    <control type="button" id="8801">
                        <width>100%</width>
                        <label>31111</label>
                        <label2>$VAR[Label_SkinSetting_HighlightColor]</label2>
                        <onclick>RunScript(script.skin.helper.service,action=colorpicker,skinstring=HighlightColor)</onclick>
                        <include>Defs_OptionButton</include>
                        <visible>ControlGroup(8000).HasFocus(8008)</visible>
                    </control>
                    <!-- Second Color -->
                    <control type="button" id="8802">
                        <width>100%</width>
                        <label>31112</label>
                        <label2>$VAR[Label_SkinSetting_HighlightColor2]</label2>
                        <onclick>RunScript(script.skin.helper.service,action=colorpicker,skinstring=HighlightColor2)</onclick>
                        <include>Defs_OptionButton</include>
                        <visible>ControlGroup(8000).HasFocus(8008)</visible>
                    </control>                                   
                    <!-- Reset Colors -->
                    <control type="button" id="8803">
                        <width>100%</width>
                        <align>right</align>
                        <label>31113</label>
                        <onclick>Skin.Reset(HighlightColor)</onclick>
                        <onclick>Skin.Reset(HighlightColor2)</onclick>
                        <onclick>Skin.Reset(BackgroundColor)</onclick>
                        <include>Defs_OptionButton</include>
                        <visible>ControlGroup(8000).HasFocus(8008)</visible>
                    </control>
                    <!-- Tile Colors -->
                    <control type="radiobutton" id="8804">
                        <width>100%</width>
                        <align>right</align>
                        <label>31129</label>
                        <radioposx>40</radioposx>
                        <onclick>Skin.ToggleSetting(home.tilecolor)</onclick>
                        <selected>Skin.HasSetting(home.tilecolor)</selected>
                        <include>Defs_OptionButton</include>
                        <visible>ControlGroup(8000).HasFocus(8008)</visible>
                    </control>
                    <control type="radiobutton" id="8805">
                        <width>100%</width>
                        <align>right</align>
                        <label>31140</label>
                        <radioposx>40</radioposx>
                        <onclick>Skin.ToggleSetting(home.tilecolor.nofocus)</onclick>
                        <selected>Skin.HasSetting(home.tilecolor.nofocus)</selected>
                        <include>Defs_OptionButton</include>
                        <enable>Skin.HasSetting(home.tilecolor)</enable>
                        <visible>ControlGroup(8000).HasFocus(8008)</visible>
                    </control>
                    <!-- Home Menu Text Colors -->
                    <control type="radiobutton" id="8806">
                        <width>100%</width>
                        <label>31254</label>
                        <align>right</align>
                        <radioposx>40</radioposx>
                        <onclick>Skin.ToggleSetting(home.textcolor)</onclick>
                        <selected>Skin.HasSetting(home.textcolor)</selected>
                        <include>Defs_OptionButton</include>
                        <visible>ControlGroup(8000).HasFocus(8008)</visible>
                    </control>                    
                    <!-- Home Bar Color -->
                    <control type="button" id="8807">
                        <width>100%</width>
                        <label>$LOCALIZE[31276]</label>
                        <label2>$VAR[Label_SkinSetting_HomeBarColor]</label2>
                        <onclick>RunScript(script.skin.helper.service,action=colorpicker,skinstring=HomeBarColor)</onclick>
                        <include>Defs_OptionButton</include>
                        <visible>ControlGroup(8000).HasFocus(8008)</visible>
                    </control>
                     <!-- Reset Home Bar Color -->
                    <control type="button" id="8808">
                        <width>100%</width>
                        <label>$LOCALIZE[31277]</label>
                        <onclick>Skin.Reset(HomeBarColor)</onclick>
                        <include>Defs_OptionButton</include>
                        <visible>ControlGroup(8000).HasFocus(8008)</visible>
                    </control>
                    <!-- Widget Primary Color שינוי צבע חלון ווידג'ט-->
                    <control type="button" id="8809">
                        <width>100%</width>
                        <label>$LOCALIZE[31278]</label>
                        <label2>$VAR[Label_SkinSetting_WidgetPrimaryColor]</label2>
                        <onclick>RunScript(script.skin.helper.service,action=colorpicker,skinstring=WidgetPrimaryColor)</onclick>
                        <include>Defs_OptionButton</include>
                        <visible>ControlGroup(8000).HasFocus(8008)</visible>
                    </control>   
                     <!-- Reset Widget Primary Color איפוס צבע חלון ווידג'ט-->
                    <control type="button" id="8810">
                        <width>100%</width>
                        <label>$LOCALIZE[31279]</label>
                        <onclick>Skin.Reset(WidgetPrimaryColor)</onclick>
                        <include>Defs_OptionButton</include>
                        <visible>ControlGroup(8000).HasFocus(8008)</visible>
                    </control>                                                                                
                    <!-- Widget Secondary Color -->
                    <control type="button" id="8811">
                        <width>100%</width>
                        <label>$LOCALIZE[31280]</label>
                        <label2>$VAR[Label_SkinSetting_WidgetSecondaryColor]</label2>
                        <onclick>RunScript(script.skin.helper.service,action=colorpicker,skinstring=WidgetSecondaryColor)</onclick>
                        <include>Defs_OptionButton</include>
                        <visible>ControlGroup(8000).HasFocus(8008)</visible>
                    </control>
                     <!-- Reset Widget Secondary Color -->
                    <control type="button" id="8812">
                        <width>100%</width>
                        <label>$LOCALIZE[31281]</label>
                        <onclick>Skin.Reset(WidgetSecondaryColor)</onclick>
                        <include>Defs_OptionButton</include>
                        <visible>ControlGroup(8000).HasFocus(8008)</visible>
                    </control>                      

                    
                    <!-- EXTRAS -->
                    <!-- Kiosk -->
                    <control type="radiobutton" id="8901">
                        <radioposx>40</radioposx>
                        <width>100%</width>
                        <align>right</align>
                        <label>31057</label>
                        <selected>Skin.HasSetting(KioskMode)</selected>
                        <onclick>Skin.ToggleSetting(KioskMode)</onclick>
                        <include>Defs_OptionButton</include>
                        <visible>ControlGroup(8000).HasFocus(8009)</visible>
                    </control>
                    <!-- Media Flags -->
                    <control type="radiobutton" id="8902">
                        <radioposx>40</radioposx>
                        <align>right</align>
                        <width>100%</width>
                        <label>31007</label>
                        <selected>Skin.HasSetting(furniture.showflags)</selected>
                        <onclick>Skin.ToggleSetting(furniture.showflags)</onclick>
                        <include>Defs_OptionButton</include>
                        <visible>ControlGroup(8000).HasFocus(8009)</visible>
                    </control>
                    <!-- Info Line -->
                    <control type="radiobutton" id="8903">
                        <radioposx>40</radioposx>
                        <width>100%</width>
                        <align>right</align>
                        <label>31202</label>
                        <selected>!Skin.HasSetting(furniture.hidehubplot)</selected>
                        <onclick>Skin.ToggleSetting(furniture.hidehubplot)</onclick>
                        <include>Defs_OptionButton</include>
                        <visible>ControlGroup(8000).HasFocus(8009)</visible>
                    </control>
                   <!-- Holiday --> 
	                <control type="radiobutton" id="8904">
	                    <width>100%</width>
	                    <label>31218</label>
	                    <align>right</align>
	                    <radioposx>40</radioposx>
                    	<onclick>Skin.ToggleSetting(holiday)</onclick>
                    	<selected>Skin.HasSetting(holiday)</selected>
                    	<include>Defs_OptionButton</include>
                    	<visible>ControlGroup(8000).HasFocus(8009)</visible>
	                </control>                     
                    <!-- Overlay Plot -->
                    <control type="radiobutton" id="8905">
                        <radioposx>40</radioposx>
                        <align>right</align>
                        <width>100%</width>
                        <label>31008</label>
                        <selected>Skin.HasSetting(furniture.overlayinfo)</selected>
                        <onclick>Skin.ToggleSetting(furniture.overlayinfo)</onclick>
                        <include>Defs_OptionButton</include>
                        <visible>ControlGroup(8000).HasFocus(8009)</visible>
                    </control>
                    <!-- Busy Spinner -->
                    <control type="button" id="8906">
                        <width>100%</width>
                        <label>31160</label>
                        <label2>$VAR[Label_SkinSetting_BusyTexture]</label2>
                        <onclick>RunScript(script.skin.helper.service,action=busytexture)</onclick>
                        <include>Defs_OptionButton</include>
                        <visible>ControlGroup(8000).HasFocus(8009)</visible>
                    </control>
                    <!-- Info Line -->
                    <control type="radiobutton" id="8907">
                        <radioposx>40</radioposx>
                        <align>right</align>
                        <width>100%</width>
                        <label>31165</label>
                        <selected>!Skin.HasSetting(furniture.hidesortinfo)</selected>
                        <onclick>Skin.ToggleSetting(furniture.hidesortinfo)</onclick>
                        <include>Defs_OptionButton</include>
                        <visible>ControlGroup(8000).HasFocus(8009)</visible>
                    </control>                    
                    <!-- Opaque Panels -->
                    <control type="radiobutton" id="8908">
                        <radioposx>40</radioposx>
                        <align>right</align>
                        <width>100%</width>
                        <label>31004</label>
                        <selected>Skin.HasSetting(global.backpanelmode)</selected>
                        <onclick>Skin.ToggleSetting(global.backpanelmode)</onclick>
                        <include>Defs_OptionButton</include>
                        <visible>ControlGroup(8000).HasFocus(8009)</visible>
                    </control>                    
                    <!-- Me Transparency Fanart -->
                    <control type="button" id="8909">
                        <width>100%</width>
                        <label>31211</label>
                        <label2>$VAR[Label_SkinSetting_TransparencyFanart]</label2>                         
                        <onclick>SetProperty(Dialog.1.Label,$LOCALIZE[31180])</onclick>
                        <onclick>SetProperty(Dialog.1.BuiltIn,Skin.Reset(transparencyfanart.name))</onclick>
                        <onclick>SetProperty(Dialog.2.Label,0%)</onclick>
                        <onclick>SetProperty(Dialog.2.BuiltIn,Skin.SetString(transparencyfanart.name,0%))</onclick>
                        <onclick>SetProperty(Dialog.3.Label,5%)</onclick>
                        <onclick>SetProperty(Dialog.3.BuiltIn,Skin.SetString(transparencyfanart.name,5%))</onclick>
                        <onclick>SetProperty(Dialog.4.Label,10%)</onclick>
                        <onclick>SetProperty(Dialog.4.BuiltIn,Skin.SetString(transparencyfanart.name,10%))</onclick>
                        <onclick>SetProperty(Dialog.5.Label,15%)</onclick>
                        <onclick>SetProperty(Dialog.5.BuiltIn,Skin.SetString(transparencyfanart.name,15%))</onclick>
                        <onclick>SetProperty(Dialog.6.Label,20%)</onclick>
                        <onclick>SetProperty(Dialog.6.BuiltIn,Skin.SetString(transparencyfanart.name,20%))</onclick>
                        <onclick>SetProperty(Dialog.7.Label,25%)</onclick>
                        <onclick>SetProperty(Dialog.7.BuiltIn,Skin.SetString(transparencyfanart.name,25%))</onclick>
                        <onclick>SetProperty(Dialog.8.Label,30%)</onclick>
                        <onclick>SetProperty(Dialog.8.BuiltIn,Skin.SetString(transparencyfanart.name,30%))</onclick>
                        <onclick>SetProperty(Dialog.9.Label,35%)</onclick>
                        <onclick>SetProperty(Dialog.9.BuiltIn,Skin.SetString(transparencyfanart.name,35%))</onclick>
                        <onclick>SetProperty(Dialog.10.Label,40%)</onclick>
                        <onclick>SetProperty(Dialog.10.BuiltIn,Skin.SetString(transparencyfanart.name,40%))</onclick>
                        <onclick>SetProperty(Dialog.11.Label,45%)</onclick>
                        <onclick>SetProperty(Dialog.11.BuiltIn,Skin.SetString(transparencyfanart.name,45%))</onclick>
                        <onclick>SetProperty(Dialog.12.Label,50%)</onclick>
                        <onclick>SetProperty(Dialog.12.BuiltIn,Skin.SetString(transparencyfanart.name,50%))</onclick>
                        <onclick>SetProperty(Dialog.13.Label,55%)</onclick>
                        <onclick>SetProperty(Dialog.13.BuiltIn,Skin.SetString(transparencyfanart.name,55%))</onclick>
                        <onclick>SetProperty(Dialog.14.Label,60%)</onclick>
                        <onclick>SetProperty(Dialog.14.BuiltIn,Skin.SetString(transparencyfanart.name,60%))</onclick>
                        <onclick>SetProperty(Dialog.15.Label,65%)</onclick>
                        <onclick>SetProperty(Dialog.15.BuiltIn,Skin.SetString(transparencyfanart.name,65%))</onclick>
                        <onclick>SetProperty(Dialog.16.Label,70%)</onclick>
                        <onclick>SetProperty(Dialog.16.BuiltIn,Skin.SetString(transparencyfanart.name,70%))</onclick>
                        <onclick>SetProperty(Dialog.17.Label,75%)</onclick>
                        <onclick>SetProperty(Dialog.17.BuiltIn,Skin.SetString(transparencyfanart.name,75%))</onclick>
                        <onclick>SetProperty(Dialog.18.Label,80%)</onclick>
                        <onclick>SetProperty(Dialog.18.BuiltIn,Skin.SetString(transparencyfanart.name,80%))</onclick>
                        <onclick>SetProperty(Dialog.19.Label,85%)</onclick>
                        <onclick>SetProperty(Dialog.19.BuiltIn,Skin.SetString(transparencyfanart.name,85%))</onclick>
                        <onclick>SetProperty(Dialog.20.Label,90%)</onclick>
                        <onclick>SetProperty(Dialog.20.BuiltIn,Skin.SetString(transparencyfanart.name,90%))</onclick>
                        <onclick>SetProperty(Dialog.21.Label,95%)</onclick>
                        <onclick>SetProperty(Dialog.21.BuiltIn,Skin.SetString(transparencyfanart.name,95%))</onclick>
                        <onclick>SetProperty(Dialog.22.Label,100%)</onclick>
                        <onclick>SetProperty(Dialog.22.BuiltIn,Skin.SetString(transparencyfanart.name,100%))</onclick>                        
                        <onclick>RunScript(script.toolbox,info=selectdialog,header=$LOCALIZE[31211])</onclick> 
                        <include>Defs_OptionButton</include>
                        <visible>ControlGroup(8000).HasFocus(8009)</visible>
                    </control>                                 
                     <!-- Me Show ClearLogo Video -->
                    <control type="radiobutton" id="8910">
                        <width>100%</width>
                        <label>31195</label>
                        <align>right</align>
                        <radioposx>40</radioposx>
                        <onclick>Skin.ToggleSetting(show.clearlogo)</onclick>
                        <selected>Skin.HasSetting(show.clearlogo)</selected>
                        <include>Defs_OptionButton</include>
                        <visible>ControlGroup(8000).HasFocus(8009)</visible>
                    </control>  
                     <!-- Me clearlogo widgets --> 
                    <control type="radiobutton" id="8911">
                        <width>100%</width>
                        <label>31204</label>
                        <radioposx>40</radioposx>
                        <align>right</align>
                        <selected>Skin.HasSetting(home.showclearlogo)</selected>
                        <onclick>Skin.ToggleSetting(home.showclearlogo)</onclick>
                        <include>Defs_OptionButton</include>
                        <visible>ControlGroup(8000).HasFocus(8009)</visible>
                    </control>
                    <!-- Me Hub Flags -->
                    <control type="radiobutton" id="8912">
                        <radioposx>40</radioposx>
                        <width>100%</width>
                         <align>right</align>
                        <label>31212</label>
                        <selected>Skin.HasSetting(furniture.showhubflags)</selected>
                        <onclick>Skin.ToggleSetting(furniture.showhubflags)</onclick>
                        <include>Defs_OptionButton</include>
                        <visible>ControlGroup(8000).HasFocus(8009)</visible>
                    </control>                                        
	            	<!-- Me Show CDArt Music -->
                    <control type="radiobutton" id="8913">
                        <width>100%</width>
                        <label>31197</label>
                        <align>right</align>
                        <radioposx>40</radioposx>
                        <onclick>Skin.ToggleSetting(show.cdartmusic)</onclick>
                        <selected>Skin.HasSetting(show.cdartmusic)</selected>
                        <include>Defs_OptionButton</include>
                    <visible>ControlGroup(8000).HasFocus(8009)</visible>
                    </control>                   
                    <!-- Me Set CDArt Music Directory -->                    
                    <control type="button" id="8914">
			            <width>100%</width>
			            <label>- $LOCALIZE[31198]</label>
			            <label2>$INFO[Skin.String(musiccdart.location)]</label2>
			            <onclick>Skin.SetPath(musiccdart.location)</onclick>
			            <enable>Skin.HasSetting(show.cdartmusic)</enable>
			            <include>Defs_OptionButton</include>
			        <visible>ControlGroup(8000).HasFocus(8009)</visible>
		            </control>	
                    <!-- Me Set ClearLogo Music -->
                    <control type="radiobutton" id="8915">
                        <width>100%</width>
                        <label>31199</label>
                        <align>right</align>
                        <radioposx>40</radioposx>
                        <onclick>Skin.ToggleSetting(show.clearlogomusic)</onclick>
                        <selected>Skin.HasSetting(show.clearlogomusic)</selected>
                        <include>Defs_OptionButton</include>
                        <visible>ControlGroup(8000).HasFocus(8009)</visible>
                    </control>
                    <!-- Me Set Clearlogo Music Directory -->                    
                    <control type="button" id="8916">
            			<width>100%</width>
            			<label>- $LOCALIZE[31200]</label>
            			<label2>$INFO[Skin.String(artworklocation)]</label2>
            			<onclick>Skin.SetPath(artworklocation)</onclick>
            			<enable>Skin.HasSetting(show.clearlogomusic)</enable>
            			<include>Defs_OptionButton</include>
            			<visible>ControlGroup(8000).HasFocus(8009)</visible>
            		</control>
                    <!-- Customise Shutdown Menu -->
                    <control type="button" id="8917">
                        <width>100%</width>
                        <align>right</align>
                        <label>31183</label>
                        <onclick>RunScript(script.skinshortcuts,type=manage&amp;group=powermenu)</onclick>
                        <include>Defs_OptionButton</include>
                        <visible>ControlGroup(8000).HasFocus(8009)</visible>
                    </control>

                    <!-- Set genre icons -->
                    <control type="button" id="8918">
                        <width>100%</width>
                        <align>left</align>
                        <label>31176</label>
                        <label2>$INFO[Skin.String(genre.icons.name)]</label2>
                        <onclick>RunScript(script.image.resource.select,property=genre.icons&amp;type=resource.images.moviegenreicons)</onclick>
                        <include>Defs_OptionButton</include>
                        <visible>ControlGroup(8000).HasFocus(8009)</visible>
                    </control>

                    <!-- Startup Video -->
                    <control type="button" id="8919">
                        <width>100%</width>
                        <visible>ControlGroup(8000).HasFocus(8009)</visible>
                        <include>Defs_OptionButton</include>
                        <label>31184</label>
                        <label2>$VAR[Label_SkinSetting_StartupVideo]</label2>
                        <onclick condition="IsEmpty(Skin.String(StartupPlaylist))">Skin.SetFile(StartupPlaylist,.mp4|.avi|.mkv|.xvid|.wmv|.mov|.xsp|.mp3|.wma|.flac|.m3u)</onclick>
                        <onclick condition="!IsEmpty(Skin.String(StartupPlaylist))">Skin.Reset(StartupPlaylist)</onclick>
                    </control>	
                    <!-- Change Password -->
                    <control type="button" id="8920">
                        <width>100%</width>
			            <label>31285</label>
		              	<onclick>Skin.SetString(temp)</onclick>
			            <onclick>Skin.SetString(passcode,$VAR[temp_passcode])</onclick>
			            <onclick>Notification(,$LOCALIZE[31286],3000,)</onclick>
			            <onclick>Skin.Reset(temp)</onclick>
			            <include>Defs_OptionButton</include>
			            <visible>ControlGroup(8000).HasFocus(8009)</visible>
		            </control>		        		    
		            <!-- Unlock Password Duration -->
		            <control type="button" id="8921">
		             	<width>100%</width>
			            <label>31287</label>
			            <label2>$VAR[password_time] $LOCALIZE[12391]</label2>
			            <onclick condition="IsEmpty(Skin.String(password_time)) | StringCompare(Skin.String(password_time),5)">Skin.SetString(password_time,10)</onclick>
			            <onclick condition="StringCompare(Skin.String(password_time),10)">Skin.SetString(password_time,30)</onclick>
			            <onclick condition="StringCompare(Skin.String(password_time),30)">Skin.SetString(password_time,1)</onclick>
			            <onclick condition="StringCompare(Skin.String(password_time),1)">Skin.SetString(password_time,5)</onclick>
			            <onclick>AlarmClock(parental,Skin.Reset(mypassword),$VAR[password_time],Silent)</onclick>
			            <include>Defs_OptionButton</include>
			            <visible>ControlGroup(8000).HasFocus(8009)</visible>
		            </control> 
                    <!-- Debug Info 
                    <control type="radiobutton" id="8920">
                        <radioposx>40</radioposx>
                        <align>right</align>
                        <width>100%</width>
                        <label>31269</label>
                        <selected>Skin.HasSetting(Skin.ToggleDebug)</selected>
                        <onclick>Skin.ToggleSetting(Skin.ToggleDebug)</onclick>
                        <onclick>Skin.ToggleDebug</onclick>
                        <include>Defs_OptionButton</include>
                        <visible>ControlGroup(8000).HasFocus(8009)</visible>                        
                    </control>  -->                                                                               
                    <!-- RESET -->
                    <!-- Backup -->
                    <control type="button" id="8997">
                        <width>100%</width>
                        <align>right</align>
                        <label>31161</label>
                        <onclick>RunScript(script.skin.helper.service,action=backup)</onclick>
                        <include>Defs_OptionButton</include>
                        <visible>ControlGroup(8000).HasFocus(8099)</visible>
                    </control>
                    <!-- Restore -->
                    <control type="button" id="8998">
                        <width>100%</width>
                        <align>right</align>
                        <label>31162</label>
                        <onclick>RunScript(script.skin.helper.service,action=restore)</onclick>
                        <include>Defs_OptionButton</include>
                        <visible>ControlGroup(8000).HasFocus(8099)</visible>
                    </control>
                    <!-- Reset Skin to Defaults -->
                    <control type="button" id="8999">
                        <width>100%</width>
                        <align>right</align>
                        <label>31169</label>
                        <onclick>Skin.ResetSettings</onclick>
                        <onclick>Skin.SetString(home.mainheadertext,$LOCALIZE[31158])</onclick>
                        <onclick>Skin.SetString(home.headertext,$LOCALIZE[10000])</onclick>
                        <onclick>Skin.SetString(home.widgetposters,$LOCALIZE[31155])</onclick>
                        <onclick>RunScript(script.skinshortcuts,type=resetall)</onclick>
                        <include>Defs_OptionButton</include>
                        <visible>ControlGroup(8000).HasFocus(8099)</visible>
                    </control>
                    <!-- Me Control ADDONS -->                    
                    <!-- Skin Shortcuts -->
                    <control type="button" id="9101">
                        <width>100%</width>
                        <visible>ControlGroup(8000).HasFocus(8098)</visible>
                        <include>Defs_OptionButton</include>
                        <label>script.skinshortcuts                      הרחבה זו דרושה לצורך פעילות מלאה/תקינה של הסקין</label>
                        <label2>$VAR[StatusSkinShortcuts]</label2>
                        <onclick condition="System.HasAddon(script.skinshortcuts)">Addon.OpenSettings(script.skinshortcuts)</onclick>
                        <onclick condition="!System.HasAddon(script.skinshortcuts)">RunPlugin(plugin://script.skinshortcuts)</onclick>
                    </control>
                    <!-- Extended Info -->
                    <control type="button" id="9102">
                        <width>100%</width>
                        <visible>ControlGroup(8000).HasFocus(8098)</visible>
                        <include>Defs_OptionButton</include>
                        <label>script.extendedinfo                       הרחבה זו דרושה לצורך קבלת מידע על השחקנים, קדמונים ועוד</label>
                        <label2>$VAR[StatusExtendedInfo]</label2>
                        <onclick condition="System.HasAddon(script.extendedinfo)">Addon.OpenSettings(script.extendedinfo)</onclick>
                        <onclick condition="!System.HasAddon(script.extendedinfo)">RunPlugin(plugin://script.extendedinfo)</onclick>
                    </control>
                    <!-- Skin Helper Service -->
                    <control type="button" id="9103">
                        <width>100%</width>
                        <visible>ControlGroup(8000).HasFocus(8098)</visible>
                        <include>Defs_OptionButton</include>
                        <label>script.skin.helper.service             הרחבה זו נדרשת לפעילות מאלה של הסקין, ללא הרחבה זו חלק מהדברים בסקין לא יעבדו</label>
                        <label2>$VAR[StatusSkinHelperService]</label2>
                        <onclick condition="System.HasAddon(script.skin.helper.service)">Addon.OpenSettings(script.skin.helper.service)</onclick>
                        <onclick condition="!System.HasAddon(script.skin.helper.service)">RunPlugin(plugin://script.skin.helper.service)</onclick>
                    </control>
                    
                    <!-- Script Toolbox -->
                    <control type="button" id="9113">
                        <width>100%</width>
                        <visible>ControlGroup(8000).HasFocus(8098)</visible>
                        <include>Defs_OptionButton</include>
                        <label>script.toolbox                          הרחבה זו הכרחית לצורך פעילות תקינה של הסקין - שירות המאשר פונקציונליות ונוחות בהגדרת תפריטים מותאמים אישית</label>
                        <label2>$VAR[StatusScriptToolbox]</label2>
                        <onclick condition="System.HasAddon(script.toolbox)">Addon.OpenSettings(script.toolbox)</onclick>
                        <onclick condition="!System.HasAddon(script.toolbox)">RunPlugin(plugin://script.toolbox)</onclick>
                    </control>                    
                    
                    <!-- Play Album -->
                    <control type="button" id="9104">
                        <width>100%</width>
                        <visible>ControlGroup(8000).HasFocus(8098)</visible>
                        <include>Defs_OptionButton</include>
                        <label>script.playalbum                           הרחבה זו מאפשרת ניגון אלבום מלא ממסך ראשי - מוסיקה</label>
                        <label2>$VAR[StatusPlayAlbum]</label2>
                        <onclick condition="System.HasAddon(script.playalbum)">Addon.OpenSettings(script.playalbum)</onclick>
                        <onclick condition="!System.HasAddon(script.playalbum)">RunPlugin(plugin://script.playalbum)</onclick>
                    </control>     
                    <!-- Global Search -->
                    <control type="button" id="9105">
                        <width>100%</width>
                        <visible>ControlGroup(8000).HasFocus(8098)</visible>
                        <include>Defs_OptionButton</include>
                        <label>script.globalsearch                        הרחבה המאפשרת חיפוש בכל מאגרי המוסיקה והווידאו</label>
                        <label2>$VAR[StatusGlobalSearch]</label2>
                        <onclick condition="System.HasAddon(script.globalsearch)">Addon.OpenSettings(script.globalsearch)</onclick>
                        <onclick condition="!System.HasAddon(script.globalsearch)">RunPlugin(plugin://script.globalsearch)</onclick>
                    </control>                                 
                    <!-- NextUp Notification -->
                    <control type="button" id="9106">
                        <width>100%</width>
                        <visible>ControlGroup(8000).HasFocus(8098)</visible>
                        <include>Defs_OptionButton</include>
                        <label>service.nextup.notification                שירות זה מאפשר צפייה בפרק הבא בסיום פרק</label>
                        <label2>$VAR[StatusNextupNotification]</label2>
                        <onclick condition="System.HasAddon(service.nextup.notification)">Addon.OpenSettings(service.nextup.notification)</onclick>
                        <onclick condition="!System.HasAddon(service.nextup.notification)">RunPlugin(plugin://service.nextup.notification)</onclick>
                    </control>
                    <!-- Artwork Downloader -->
                    <control type="button" id="9107">
                        <width>100%</width>
                        <visible>ControlGroup(8000).HasFocus(8098)</visible>
                        <include>Defs_OptionButton</include>
                        <label>script.artwork.downloader                  הרחבה זו מורידה עטיפות דיסקים, ומידע נוסף</label>
                        <label2>$VAR[StatusArtworkDownloader]</label2>
                        <onclick condition="System.HasAddon(script.artwork.downloader)">Addon.OpenSettings(script.artwork.downloader)</onclick>
                        <onclick condition="!System.HasAddon(script.artwork.downloader)">RunPlugin(plugin://script.artwork.downloader)</onclick>
                    </control>
                    <!-- Artist Slideshow -->
                    <control type="button" id="9108">
                        <width>100%</width>
                        <visible>ControlGroup(8000).HasFocus(8098)</visible>
                        <include>Defs_OptionButton</include>
                        <label>script.artistslideshow                    הרחבה זו מורידה חבילת תמונות אמן/זמר לתוכן המוסיקה המנוגן ומציגה אותו בהשמעה</label>
                        <label2>$VAR[StatusArtistSlideshow]</label2>
                        <onclick condition="System.HasAddon(script.artistslideshow)">Addon.OpenSettings(script.artistslideshow)</onclick>
                        <onclick condition="!System.HasAddon(script.artistslideshow)">RunPlugin(plugin://script.artistslideshow)</onclick>
                    </control>
                    <!-- TV Show Next Aired -->
                    <control type="button" id="9109">
                        <width>100%</width>
                        <visible>ControlGroup(8000).HasFocus(8098)</visible>
                        <include>Defs_OptionButton</include>
                        <label>script.tv.show.next.aired                 הרחבה זו דואגת להשאיר אותך תמיד מעודכן בפרק הבא המופץ (משודר) בסדרות הטלוויזיה שלך
</label>
                        <label2>$VAR[StatusTVShowNextAired]</label2>
                        <onclick condition="System.HasAddon(script.tv.show.next.aired)">Addon.OpenSettings(script.tv.show.next.aired)</onclick>
                        <onclick condition="!System.HasAddon(script.tv.show.next.aired)">RunPlugin(plugin://script.tv.show.next.aired)</onclick>
                    </control>
                    <!-- CU Lyrics -->
                    <control type="button" id="9110">
                        <width>100%</width>
                        <visible>ControlGroup(8000).HasFocus(8098)</visible>
                        <include>Defs_OptionButton</include>
                        <label>script.cu.lrclyrics                       הרחבה זו מאפשרת לקבל את מילות השיר המנוגן</label>
                        <label2>$VAR[StatusCULyrics]</label2>
                        <onclick condition="System.HasAddon(script.cu.lrclyrics)">Addon.OpenSettings(script.cu.lrclyrics)</onclick>
                        <onclick condition="!System.HasAddon(script.cu.lrclyrics)">RunPlugin(plugin://script.cu.lrclyrics)</onclick>
                    </control>
                    <!-- CDArt Manager -->
                    <control type="button" id="9111">
                        <width>100%</width>
                        <visible>ControlGroup(8000).HasFocus(8098)</visible>
                        <include>Defs_OptionButton</include>
                        <label>script.cdartmanager-NG                     הרחבה המורידה חבילת גרפיקה לתצוגה בנגן המוסיקה</label>
                        <label2>$VAR[StatusCDArtManager-NG]</label2>
                        <onclick condition="System.HasAddon(script.cdartmanager-NG)">Addon.OpenSettings(script.cdartmanager-NG)</onclick>
                        <onclick condition="!System.HasAddon(script.cdartmanager-NG)">RunPlugin(plugin://script.cdartmanager-NG)</onclick>
                    </control>                   
                    <!-- Youtube -->
                    <control type="button" id="9112">
                        <width>100%</width>
                        <visible>ControlGroup(8000).HasFocus(8098)</visible>
                        <include>Defs_OptionButton</include>
                        <label>plugin.video.youtube                      הרחבה זו דרושה לצורך צפייה ביוטיוב</label>
                        <label2>$VAR[StatusYoutube]</label2>
                        <onclick condition="System.HasAddon(plugin.video.youtube)">Addon.OpenSettings(plugin.video.youtube)</onclick>
                        <onclick condition="!System.HasAddon(plugin.video.youtube)">RunPlugin(plugin://plugin.video.youtube)</onclick>
                    </control>                    
                    <!-- Program Autocompletion -->
                    <control type="button" id="9113">
                        <width>100%</width>
                        <visible>ControlGroup(8000).HasFocus(8098)</visible>
                        <include>Defs_OptionButton</include>
                        <label>plugin.program.autocompletion</label>
                        <label2>$VAR[StatusProgramAutocompletion]</label2>
                        <onclick condition="System.HasAddon(plugin.program.autocompletion)">Addon.OpenSettings(plugin.program.autocompletion)</onclick>
                        <onclick condition="!System.HasAddon(plugin.program.autocompletion)">RunPlugin(plugin://plugin.program.autocompletion)</onclick>
                    </control>                    
                </control>
            </control>
        </control>
    </controls>

</window>