﻿<?xml version="1.0" encoding="UTF-8" standalone="yes"?>
<addon id="repository.abeksis" name="...[COLOR lime]Abeksis[/COLOR] [COLOR white]Repository[/COLOR]" version="1.0.3" provider-name="Abeksis">
    <extension point="xbmc.addon.repository" name=".Abeksis Repository ">
        <info compressed="false">http://abeksis.com/repo/addons.xml</info>
        <checksum>http://abeksis.com/repo/addons.xml.md5</checksum>
        <datadir zip="true">http://abeksis.com/repo/</datadir>
    </extension>
    <extension point="xbmc.addon.metadata">
        <summary lang="en">Abeksis Repository</summary>
        <summary lang="he">אבקסיס ריפו</summary>
		<description lang="en">Abeksis Repository</description>
		<description lang="he">אבקסיס ריפו, מספק לכם את מיטב ההרחבות הטובות מעולם הקודי, הכל מעודכן וזמין על בבסיס קבוע</description>
        <platform>all</platform>
 		<assets>
 			<icon>resources/icon.png</icon>
 			<fanart>resources/fanart.jpg</fanart>
 			<screenshot>resources/screenshot-01.jpg</screenshot>
 			<screenshot>resources/screenshot-02.jpg</screenshot>
 			<screenshot>resources/screenshot-03.jpg</screenshot>
 			<screenshot>resources/screenshot-04.jpg</screenshot>
 			<screenshot>resources/screenshot-05.jpg</screenshot>
 			<screenshot>resources/screenshot-06.jpg</screenshot>
 			<screenshot>resources/screenshot-07.jpg</screenshot>
 			<screenshot>resources/screenshot-08.jpg</screenshot>
 			<screenshot>resources/screenshot-09.jpg</screenshot>
 			<screenshot>resources/screenshot-10.jpg</screenshot>
 			<screenshot>resources/screenshot-11.jpg</screenshot>
 			<screenshot>resources/screenshot-12.jpg</screenshot>
 			<screenshot>resources/screenshot-13.jpg</screenshot>
 			<screenshot>resources/screenshot-14.jpg</screenshot>
 		</assets>
 		<news>[B]1.0.3[/B][CR]• Preparation for kodi 17, Visual changes. [CR]</news>         
    </extension>
</addon>