<?xml version="1.0" encoding="UTF-8"?>
<includes>
    <variable name="PVRTopLabelColor">
        <value condition="Control.HasFocus(9009)">Highlight</value>
        <value>SideLabel</value>
    </variable>
    <include name="PVRRecordingLayout">
        <itemlayout width="945" height="fivelinelist">
            <control type="image">
                <width>945</width>
                <height>fivelineborder</height>
                <texture colordiffuse="PosterBorder" border="5">common/border-inner.png</texture>
            </control>    
            <include>PVRrecordinglayout</include>
        </itemlayout>
        <focusedlayout width="945" height="fivelinelist">
            <control type="button">
                <visible allowhiddenfocus="true">false</visible>
                <onfocus>ClearProperty(focushub,home)</onfocus>
            </control>
            <control type="group"> 
                <visible>Control.HasFocus(50)</visible>                
                <control type="image">
                    <width>945</width>
                    <height>fivelineborder</height>
                    <texture colordiffuse="$VAR[Highlight6]">common/white.png</texture>
                </control>
                <include>PVRrecordinglayoutfocus</include>
            </control>
            <control type="group">
                <visible>!Control.HasFocus(50)</visible>
                <control type="image">
                    <width>945</width>
                    <height>fivelineborder</height>
                    <texture colordiffuse="PosterBorder" border="5">common/border-inner.png</texture>
                </control>   
                <include>PVRrecordinglayout</include>
            </control>
        </focusedlayout>
    </include>
    <include name="PVRInfoPanel">
        <control type="label">
            <posx>1466</posx>
            <posy>145</posy>
            <width>492</width>
            <align>right</align>
            <font>Font-WidgetCategory</font>
            <label>$INFO[Control.GetLabel(28)]</label>
        </control>
        <control type="group">
            <posx>974</posx>
            <posy>listy</posy>
            <align>right</align>
			
            <control type="image">
                <width>492</width>
                <height>globalh</height>
                <texture colordiffuse="PosterBorder" border="5">common/border-inner.png</texture>
            </control>
            <control type="group">
                <posx>globalpad</posx>
                <posy>globalpad</posy>
                <control type="image">
                    <width>472</width>
                    <height>265</height>
					<texture fallback="special://skin/extras/pvrhub/background.jpg">$INFO[ListItem.Thumb]</texture>
                    <aspectratio align="center" aligny="center">scale</aspectratio>
                    <visible>IsEmpty(ListItem.Thumb)</visible>
                </control>
                         <control type="image">
                    <width>472</width>
                    <height>265</height>
                    <texture>$INFO[ListItem.Thumb]</texture>
                    <aspectratio align="center" aligny="center">keep</aspectratio>
                    <visible>!IsEmpty(ListItem.Thumb)</visible>
                </control>
				<control type="videowindow">
                    <width>472</width>
                    <height>265</height>
      <animation type="Visible">
            <effect type="fade" start="0" end="100" time="250" delay="0" tween="cubic" easing="inout"/>
            <effect type="slide" start="0,48" end="0" center="auto" tween="back" easing="out" time="400" delay="0"/>
        </animation>
		</control>
					                
            </control>
            <control type="group">
                <posx>20</posx>
                <posy>271</posy>
                <control type="label">
                    <posy>10</posy>
                    <width>452</width>
                    <align>right</align>
                    <font>Font-PVRTitle</font>
                    <label>$INFO[ListItem.Title]</label>
                </control>
                <control type="label">
                    <posy>45</posy>
                    <posx>452</posx>
                    <width>452</width>
                    <align>right</align>
                    <font>Font-ListInfo-Small</font>
                    <label>$INFO[ListItem.StartTime]$INFO[ListItem.EndTime, • ,]</label>
                </control>
                <control type="label">
                    <posy>45</posy>
                    <width>205</width>
                    <align>right</align>
                    <font>Font-ListInfo-Small</font>
                    <label>$INFO[ListItem.ChannelName]</label>
                </control>
                <control type="textbox">
                    <posy>112</posy>
                    <width>452</width>
                    <height>230</height>
                    <align>right</align>
                    <font>Font-ListInfo</font>
                    <label>$INFO[ListItem.Plot]</label>
                </control>
                <control type="label">
                    <posy>348</posy>
                    <width>452</width>
                    <align>right</align>
                    <font>Font-ListInfo-Small</font>
                    <label>$INFO[ListItem.NextTitle,[B]$LOCALIZE[209]...[/B] ,]</label>
                </control>
            </control>
        </control>
    </include>
                <control type="image">
                    <left>10</left>
                    <top>10</top>
                    <right>10</right>
                    <bottom>10</bottom>
                    <fadetime>200</fadetime>
                    <texture border="10" colordiffuse="Black">diffuse/pvrinfo.png</texture>
                    <visible>Player.HasVideo</visible>
                </control>
                <control type="videowindow">
                    <left>10</left>
                    <top>10</top>
                    <right>10</right>
                    <bottom>10</bottom>
                    <animation effect="zoom" start="100" end="1" time="0">WindowClose</animation>
                    <visible>Player.HasVideo</visible>
                </control>
    <include name="PVRrecordinglayout">
        <control type="image">
            <posx>22</posx>
            <posy>22</posy>  
            <width>85</width>
            <height>85</height>
            <texture>$VAR[PVRIcon]</texture>
            <aspectratio>keep</aspectratio>
        </control>
        <control type="label">
            <posx>140</posx>
            <posy>15</posy>
            <width>650</width>
						<alian>right</alian>
            <font>Font-PVRTitle</font>
            <label>$INFO[ListItem.Label]</label>
        </control>
        <control type="label">
            <posx>140</posx>
            <posy>50</posy>
            <width>720</width>
						<alian>right</alian>
            <font>Font-ListInfo-Small</font>
            <label>$INFO[ListItem.StartDate]$INFO[ListItem.StartTime,$COMMA  ,]$INFO[ListItem.ChannelName,  $LOCALIZE[31173]  ,]</label>
        </control>
        <control type="group">
            <posx>64r</posx>
            <posy>40</posy>
            <include>WatchedImage</include>
        </control>
    </include>
    <include name="PVRrecordinglayoutfocus">
        <control type="image">
            <posx>22</posx>
            <posy>22</posy>  
            <width>85</width>
            <height>85</height>
            <texture>$VAR[PVRIcon]</texture>
            <aspectratio>keep</aspectratio>
        </control>
        <control type="label">
            <posx>140</posx>
            <posy>15</posy>
            <width>650</width>
            <align>left</align>
            <font>Font-PVRTitle</font>
            <textcolor>Selected</textcolor>
            <label>$INFO[ListItem.Label]</label>
        </control>
        <control type="label">
            <posx>140</posx>
            <posy>50</posy>
            <width>720</width>
						<alian>right</alian>
            <font>Font-ListInfo-Small</font>
            <textcolor>Selected</textcolor>
            <label>$INFO[ListItem.StartDate]$INFO[ListItem.StartTime,$COMMA  ,]$INFO[ListItem.ChannelName,  $LOCALIZE[31173]  ,]</label>
        </control>
		
        <control type="group">
            <posx>64r</posx>
            <posy>40</posy>
            <include>WatchedImage</include>
        </control>
    </include>
    <include name="PVRlistlayout">
        <control type="image">
            <posx>22</posx>
            <posy>22</posy>  
            <width>85</width>
            <height>85</height>
            <texture>$VAR[PVRIcon]</texture>
            <aspectratio>keep</aspectratio>
        </control>
        <control type="label">
            <left>137</left>
            <posy>15</posy>
            <width>70</width>
            <align>right</align>
            <font>Font-PVRTitle</font>
            <label></label>
        </control>
        <control type="progress">
            <posx>140</posx>
            <posy>60</posy>
            <width>80</width>
            <height>15</height>
            <reveal>true</reveal>
            <texturebg>windows/pvr/progress-back.png</texturebg>
            <lefttexture>windows/pvr/progress-leftright.png</lefttexture>
            <midtexture>windows/pvr/progress-mid.png</midtexture>
            <righttexture>windows/pvr/progress-leftright.png</righttexture>
            <info>ListItem.Progress</info>
            <colordiffuse>PanelFG-NF</colordiffuse>
        </control>
        <control type="label">
            <posx>230</posx>
            <posy>15</posy>
            <width>650</width>
            <align>right</align>
            <font>Font-PVRTitle</font>
            <label>$INFO[ListItem.ChannelName]</label>
        </control>
        <control type="label">
            <posx>230</posx>
            <posy>50</posy>
            <width>650</width>
            <align>right</align>
            <font>Font-ListInfo</font>
            <label>$INFO[ListItem.Title]</label>
        </control>
    </include>
    <include name="PVRlistlayoutfocus">
        <control type="image">
            <posx>22</posx>
            <posy>22</posy>  
            <width>85</width>
            <height>85</height>
            <texture>$VAR[PVRIcon]</texture>
            <aspectratio>keep</aspectratio>
        </control>
        <control type="label">
            <left>137</left>
            <posy>15</posy>
            <width>70</width>
            <align>right</align>
            <font>Font-PVRTitle</font>
            <label></label>
            <textcolor>Selected</textcolor>
        </control>
        <control type="progress">
            <posx>140</posx>
            <posy>60</posy>
            <width>80</width>
            <height>15</height>
            <reveal>true</reveal>
            <texturebg>windows/pvr/progress-back.png</texturebg>
            <lefttexture>windows/pvr/progress-leftright.png</lefttexture>
            <midtexture>windows/pvr/progress-mid.png</midtexture>
            <righttexture>windows/pvr/progress-leftright.png</righttexture>
            <info>ListItem.Progress</info>
            <colordiffuse>Selected</colordiffuse>
        </control>
        <control type="label">
            <posx>230</posx>
            <posy>15</posy>
            <width>650</width>
            <align>right</align>
            <font>Font-PVRTitle</font>
            <label>$INFO[ListItem.ChannelName]</label>
            <textcolor>Selected</textcolor>
        </control>
        <control type="label">
            <posx>230</posx>
            <posy>50</posy>
            <width>650</width>
            <align>right</align>
            <font>Font-ListInfo</font>
            <textcolor>Selected</textcolor>
            <label>$INFO[ListItem.Title]</label>
        </control>
    </include>
    <include name="PVRitemlayout">
        <itemlayout width="945" height="fivelinelist">
            <control type="image">
                <width>945</width>
                <height>fivelineborder</height>
                <texture colordiffuse="PosterBorder" border="5">common/border-inner.png</texture>
            </control>        
            <include>PVRlistlayout</include>
        </itemlayout>
    </include>
    <include name="PVRfocusedlayout">
        <focusedlayout width="945" height="fivelinelist">
            <control type="button">
                <visible allowhiddenfocus="true">false</visible>
                <onfocus>ClearProperty(focushub,home)</onfocus>
            </control>
            <control type="group">
                <visible>Control.HasFocus(50) | Control.HasFocus(11) | Control.HasFocus(12) | Control.HasFocus(13)</visible>
                <control type="image">
                    <width>945</width>
                    <height>fivelineborder</height>
                        <texture colordiffuse="$VAR[Highlight6]">common/white.png</texture>
                                        	<visible>!Skin.HasSetting(home.colortilehigh)</visible>

                </control>
				                <control type="image">
                    <width>945</width>
                    <height>fivelineborder</height>
                        <texture colordiffuse="$VAR[HighlightColor]">common/white.png</texture>
                                                            	<visible>Skin.HasSetting(home.colortilehigh)</visible>

                </control>
                <include>PVRlistlayoutfocus</include>
            </control>
            <control type="group">
                <visible>!Control.HasFocus(50) + !Control.HasFocus(11) + !Control.HasFocus(12) + !Control.HasFocus(13)</visible>
                <control type="image">
                    <width>945</width>
                    <height>fivelineborder</height>
                    <texture colordiffuse="PosterBorder" border="5">common/border-inner.png</texture>
                </control>
                <include>PVRlistlayout</include>
            </control>
            
        </focusedlayout>
    </include>
    
    <include name="PVRScrollbar">
        <control type="scrollbar" id="60">
            <visible>!Control.HasFocus(9001)</visible>
            <visible>!ControlGroup(9000).HasFocus()</visible>
            <posx>-8</posx>
            <posy>210</posy>
            <height>690</height>
            <onclick condition="Window.IsVisible(TVChannels)">SetProperty(librarynode,tvchannels,home)</onclick>
            <onclick condition="Window.IsVisible(RadioChannels)">SetProperty(librarynode,radiochannels,home)</onclick>
            <onclick condition="Window.IsVisible(TVGuide)">SetProperty(librarynode,tvguide,home)</onclick>
            <onclick condition="Window.IsVisible(TVSearch)">SetProperty(librarynode,tvsearch,home)</onclick>
            <onclick condition="Window.IsVisible(TVTimers)">SetProperty(librarynode,tvtimers,home)</onclick>
            <onclick condition="Window.IsVisible(TVRecordings)">SetProperty(librarynode,tvrecordings,home)</onclick>
            <onleft condition="!stringcompare(Window(home).Property(previoushub),home)">ActivateWindow($INFO[Window(home).Property(previoushub)])</onleft>
            <onleft condition="stringcompare(Window(home).Property(previoushub),home)">ActivateWindow(3204)</onleft>
            
            <onright>50</onright>
            <animation effect="fade" start="100" end="25" time="400" condition="!Control.HasFocus(60) + !Container.Scrolling">Conditional</animation>
            <animation effect="fade" start="100" end="0" condition="!IntegerGreaterThan(Container.NumPages,1) + !Control.HasFocus(60)">Conditional</animation>
        </control>
    </include>
    <include name="PVRBackButton">
        <control type="button" description="MouseButton">
            <posy>600</posy>
            <posx>102</posx>
            <width>48</width>
            <height>48</height>
            <onclick condition="Window.IsVisible(TVChannels)">SetProperty(librarynode,tvchannels,home)</onclick>
            <onclick condition="Window.IsVisible(RadioChannels)">SetProperty(librarynode,radiochannels,home)</onclick>
            <onclick condition="Window.IsVisible(TVGuide)">SetProperty(librarynode,tvguide,home)</onclick>
            <onclick condition="Window.IsVisible(TVSearch)">SetProperty(librarynode,tvsearch,home)</onclick>
            <onclick condition="Window.IsVisible(TVTimers)">SetProperty(librarynode,tvtimers,home)</onclick>
            <onclick condition="Window.IsVisible(TVRecordings)">SetProperty(librarynode,tvrecordings,home)</onclick>
            <onclick>ActivateWindow($INFO[Window(home).Property(previoushub)])</onclick>
            <texturenofocus flipx="true">common/right-arrow.png</texturenofocus>
            <texturefocus flipx="true">common/right-arrow.png</texturefocus>
            <aspectratio>keep</aspectratio>
            <animation effect="fade" end="75" condition="true">Conditional</animation>
            <animation effect="fade" start="0" end="100" delay="200" time="650" reversible="false">WindowOpen</animation>
            <animation effect="fade" start="0" end="100" delay="200" time="650" reversible="false">Visible</animation>
            <animation effect="fade" start="100" end="0" delay="0" time="0" reversible="false">WindowClose</animation>
            <animation effect="fade" start="100" end="0" delay="0" time="0" reversible="false">Hidden</animation>
            <include>DialogVisibility</include>
            <visible>![ControlGroup(9000).HasFocus() | Window.IsActive(DialogContextMenu.xml)]</visible>
            <visible>!Control.IsVisible(9001)</visible>
            <animation effect="slide" end="horznegpad" start="0" time="200" condition="ControlGroup(9000).HasFocus() | Window.IsActive(DialogContextMenu.xml)">Conditional</animation>
            <visible>!Window.IsVisible(DialogPVRGuideInfo.xml)</visible>
        </control>
    </include>
    <include name="PVRSideMenu">
        <control type="group">
            <animation time="200" start="100" end="0" effect="fade" condition="Window.IsVisible(DialogSelect.xml)">Conditional</animation>
            <include>DefMyNavBar</include>  
            <control type="grouplist" id="9000">
                <onback>9350</onback>
                <visible>!Skin.HasSetting(kioskmode)</visible>
                <onleft condition="!Window.IsVisible(MyPVRGuide.xml)">50</onleft>
                <onleft condition="Window.IsVisible(MyPVRGuide.xml)">10</onleft>
                <include>DefMyNavBarGroupList</include>

                
                
                <control type="button" id="9002" description="View">
                    <description>Group</description>
					<label>שינוי תצוגה</label>
                    <onclick condition="Window.IsVisible(TVChannels)">ActivateWindow(TVGuide)</onclick>
                    <onclick condition="Window.IsVisible(TVChannels)">SetFocus(9002)</onclick>
                    <onclick condition="Window.IsVisible(TVGuide)">ActivateWindow(TVRecordings)</onclick>
                    <onclick condition="Window.IsVisible(TVGuide)">SetFocus(9002)</onclick>
                    <onclick condition="Window.IsVisible(TVRecordings)">ActivateWindow(TVTimers)</onclick>
                    <onclick condition="Window.IsVisible(TVRecordings)">SetFocus(9002)</onclick>
                    <onclick condition="Window.IsVisible(TVTimers)">ActivateWindow(TVChannels)</onclick>
                    <onclick condition="Window.IsVisible(TVTimers)">SetFocus(9002)</onclick>
                    <include>DefNavMenuButton</include>
                </control>
				
								                <control type="button" id="9096">
                    <description>Back to fullscreen</description>
			       <include>DefNavMenuButton2</include>  
                    <label>31158</label>
                    <onclick>fullscreen</onclick>
									   <align>right</align>

                    <visible>Player.HasMedia</visible>
                </control>  
                
                <control type="button" id="28">
                    <description>Group</description>
                    <include>DefNavMenuButton</include>
                </control>
                
                <control type="button" id="3">
                    <description>Sort</description>
                    <include>DefNavMenuButton</include>
                </control>
                
                <control type="togglebutton" id="4">
                    <include>DefNavMenuButton</include>
                    <alttexturefocus>noop</alttexturefocus>
                    <alttexturenofocus>noop</alttexturenofocus>
                    <label>584</label>
                    <altlabel>585</altlabel>
                    <usealttexture>Container.SortDirection(Ascending)</usealttexture>
                </control>
                
                <control type="button" id="2" description="View">
                    <description>Group</description>
                    <include>DefNavMenuButton2</include>
                    <visible>Window.IsVisible(MyPVRGuide.xml)</visible>
                </control>

                <control type="button" id="99">
                    <description>Open Home Jumplist</description>
                    <include>DefNavMenuButton</include>
                    <label>31108</label>
                    <onclick>ActivateWindow(home)</onclick>
                </control>


            </control>
        </control>

    </include>
    
    <include name="PVRSideText">
        <control type="label">
            <align>right</align>
			<include>DefSideLabelCoords</include>
            <label>$VAR[PVRSideLabel]</label>
            <visible>!Control.IsVisible(10)</visible>
            <visible>!ControlGroup(9000).HasFocus()</visible>
            <visible>!Window.IsActive(DialogContextMenu.xml)</visible>
        </control>
    </include>
    
    <include name="PVR9350BACK">
        <control type="button" id="9350">
            <posy>-2000</posy>
            <visible allowhiddenfocus="true">false</visible>
            <onfocus condition="Window.IsVisible(TVChannels)">SetProperty(librarynode,tvchannels,home)</onfocus>
            <onfocus condition="Window.IsVisible(RadioChannels)">SetProperty(librarynode,radiochannels,home)</onfocus>
            <onfocus condition="Window.IsVisible(TVGuide)">SetProperty(librarynode,tvguide,home)</onfocus>
            <onfocus condition="Window.IsVisible(TVSearch)">SetProperty(librarynode,tvsearch,home)</onfocus>
            <onfocus condition="Window.IsVisible(TVTimers)">SetProperty(librarynode,tvtimers,home)</onfocus>
            <onfocus condition="Window.IsVisible(TVRecordings)">SetProperty(librarynode,tvrecordings,home)</onfocus>
            <onfocus>PreviousMenu</onfocus>
        </control>
    </include>
    
    <include name="LiveTVChannelView">
        <control type="group" description="TV Channels group">
            <visible>Control.IsVisible(50)</visible>  
            <include>PVR9350BACK</include>
            <control type="list" id="50" description="TV CHANNELS">     
                <posx>listx</posx>
                <posy>listy</posy>
                <width>945</width>
                <height>700</height>
                <onback>9350</onback>
                <onleft>60</onleft>
                <onright>9000</onright>
                <onup>50</onup>
                <ondown>50</ondown>
                <pagecontrol>60</pagecontrol>
                <viewtype label="19019">list</viewtype>
                <scrolltime>200</scrolltime>
                <orientation>vertical</orientation>
                <include>PVRitemlayout</include>                    
                <include>PVRfocusedlayout</include>
            </control>
            
			<include>PVRInfoPanel</include>
        </control>
    </include>
    
    <include name="EPGNowView">
        <control type="group" description="Now EPG">
            <visible>Control.IsVisible(11)</visible>  
            <include>PVRScrollbar</include>
            <include>PVR9350BACK</include>
            <control type="list" id="11" description="Now EPG">     
                <posx>listx</posx>
                <posy>listy</posy>
                <width>945</width>
                <height>700</height>
                <onback>9350</onback>
                <onleft>60</onleft>
                <onright>9000</onright>
                <onup>50</onup>
                <ondown>50</ondown>
                <pagecontrol>60</pagecontrol>
                <viewtype label="19030">list</viewtype>
                <scrolltime>200</scrolltime>
                <orientation>vertical</orientation>
                <include>PVRitemlayout</include>                    
                <include>PVRfocusedlayout</include>
            </control>
            <include>PVRInfoPanel</include>
        </control>
    </include>
    
    <include name="EPGNextView">
 <control type="group">
                <visible>Control.IsVisible(10)</visible>
                <left>-200</left>
                <right>side</right>
                <top>200</top>
                <height>height</height>
                <include>Animation_Common</include>
                <control type="image">
                    <width>100%</width>
                    <height>100%</height>
                    <texture colordiffuse="PosterBorder">common/white.png</texture>
                </control>
                <control type="epggrid" id="10" description="EPG">     
                    <left>0</left>
                    <top>-70</top>
                    <width>1880</width>
                    <height>560</height>
                    <onback>9000</onback>
                    <viewtype label="19069">list</viewtype>
                    <progresstexture border="5" colordiffuse="bf777777">pvr/progressline.png</progresstexture>
                    <scrolltime tween="quadratic">300</scrolltime>
                    <timeblocks>40</timeblocks>
                    <rulerunit>6</rulerunit>
                    <rulerlayout height="70" width="284">
                        <control type="label" id="2">
                            <posx>0</posx>
                            <posy>30</posy>
                            <width>200</width>
                            <align>left</align>
                            <aligny>top</aligny>
                            <font>Font-OSD</font>
                            <label>$INFO[ListItem.Label]</label>
                            <textcolor>ListLabel</textcolor>
                        </control>
                    </rulerlayout>
                    <channellayout height="70" width="460">
                        <control type="image" id="2">
                            <width>100%</width>
                            <height>67</height>
                            <texture>common/white.png</texture>
                            <colordiffuse>PosterBorder</colordiffuse>
                        </control>
                        <control type="image">
                            <width>100%</width>
                            <height>67</height>
                            <texture colordiffuse="0fffffff">common/selected.png</texture>
                            <aspectratio aligny="top">center</aspectratio>
                            <visible>ListItem.IsPlaying</visible>
                        </control>
                        <control type="label">
                            <posx>90</posx>
                            <width>300</width>
                            <aligny>center</aligny>
                            <height>67</height>
                            <textcolor>ListLabel</textcolor>
                            <label>$INFO[ListItem.ChannelName]</label>
                        </control>
                        <control type="label">
                            <centerleft>45</centerleft>
                            <width>90</width>
                            <align>center</align>
                            <aligny>center</aligny>
                            <height>67</height>
                            <textcolor>ListLabel</textcolor>
                            <label>$INFO[ListItem.ChannelNumber]</label>
                        </control>
                        <control type="image">
                            <top>10</top>
                            <bottom>10</bottom>
                            <right>10</right>
                            <width>50</width>
                            <texture>$INFO[ListItem.Icon]</texture>
                            <aspectratio aligny="center" align="right">keep</aspectratio>
                        </control>
                    </channellayout>
                    <focusedchannellayout height="70" width="460">
                        
                        <control type="image">
                            <width>100%</width>
                            <height>67</height>
                            <texture border="12" colordiffuse="$VAR[HighlightColor]">common/white.png</texture>
                        </control>
                        <control type="image">
                            <width>100%</width>
                            <height>67</height>
                            <texture colordiffuse="1fffffff">common/selected.png</texture>
                            <aspectratio aligny="top">center</aspectratio>
                            <visible>ListItem.IsPlaying</visible>
                        </control>
                        <control type="label">
                            <posx>90</posx>
                            <width>300</width>
                            <aligny>center</aligny>
                            <height>67</height>
                            <selectedcolor>Selected</selectedcolor>
                            <textcolor>Selected</textcolor>
                            <label>$INFO[ListItem.ChannelName]</label>
                        </control>
                        <control type="label">
                            <centerleft>45</centerleft>
                            <width>90</width>
                            <align>center</align>
                            <aligny>center</aligny>
                            <selectedcolor>Selected</selectedcolor>
                            <height>67</height>
                            <textcolor>Selected</textcolor>
                            <label>$INFO[ListItem.ChannelNumber]</label>
                        </control>
                        <control type="image">
                            <top>10</top>
                            <bottom>10</bottom>
                            <right>10</right>
                            <width>50</width>
                            <texture>$INFO[ListItem.Icon]</texture>
                            <aspectratio aligny="center" align="right">keep</aspectratio>
                        </control>
                    </focusedchannellayout>    
                    <itemlayout height="70" width="284">
                        
                        <control type="image" id="2">
                            <width>280</width>
                            <height>67</height>
                            <texture border="5">common/white.png</texture>
                            <colordiffuse>PosterBorder</colordiffuse>
                        </control> 
                        <control type="image" id="2">
                            <width>280</width>
                            <height>67</height>
                            <texture>pvrgenre/$INFO[ListItem.Property(GenreType)].png</texture>
                            <aspectratio>scale</aspectratio>
                            <colordiffuse>5fffffff</colordiffuse>
                        </control> 
                        <control type="image">
                            <posy>17</posy>
                            <posx>8</posx>
                            <width>32</width>
                            <height>32</height>
                            <texture>pvr/timer.png</texture>
                            <colordiffuse>ListLabel</colordiffuse>
                            <visible>ListItem.HasTimer + !ListItem.IsRecording</visible>
                        </control>
                        <control type="image">
                            <posy>17</posy>
                            <posx>8</posx>
                            <width>32</width>
                            <height>32</height>
                            <texture>pvr/recording.png</texture>
                            <colordiffuse>ListLabel</colordiffuse>
                            <visible>ListItem.IsRecording</visible>
                        </control>
                        <control type="label" id="1">
                            <posx>0</posx>
                            <height>66</height>
                            <width>285</width>
                            <textoffsetx>50</textoffsetx>
                            <textcolor>ListLabel</textcolor>
                            <label>$INFO[ListItem.Label]</label>
                            <visible>ListItem.HasTimer | ListItem.IsRecording</visible>
                        </control>
                        <control type="label" id="1">
                            <posx>15</posx>
                            <width>226</width>
                            <height>67</height>
                            <textcolor>ListLabel</textcolor>
                            <textoffsetx>0</textoffsetx>
                            <label>$INFO[ListItem.Label]</label>
                            <visible>!ListItem.HasTimer + !ListItem.IsRecording</visible>
                        </control>
                    </itemlayout>
                    <focusedlayout height="70" width="284">
        
                        <control type="image" id="2">
                            <width>280</width>
                            <height>67</height>
                            <texture border="5">common/white.png</texture>
                            <colordiffuse>$VAR[HighlightColor]</colordiffuse>
                        </control> 
                        
                        <control type="image">
                            <posy>17</posy>
                            <posx>8</posx>
                            <width>32</width>
                            <height>32</height>
                            <texture>pvr/timer.png</texture>
                            <colordiffuse>Selected</colordiffuse>
                            <visible>ListItem.HasTimer + !ListItem.IsRecording</visible>
                        </control>
                        <control type="image">
                            <posy>17</posy>
                            <posx>8</posx>
                            <width>32</width>
                            <height>32</height>
                            <texture>pvr/recording.png</texture>
                            <colordiffuse>Selected</colordiffuse>
                            <visible>ListItem.IsRecording</visible>
                        </control>
                        <control type="label" id="1">
                            <posx>0</posx>
                            <height>66</height>
                            <width>285</width>
                            <textoffsetx>50</textoffsetx>
                            <textcolor>Selected</textcolor>
                            <label>$INFO[ListItem.Label]</label>
                            <visible>ListItem.HasTimer | ListItem.IsRecording</visible>
                        </control>
                        <control type="label" id="1">
                            <posx>15</posx>
                            <width>226</width>
                            <height>67</height>
                            <textcolor>Selected</textcolor>
                            <textoffsetx>0</textoffsetx>
                            <label>$INFO[ListItem.Label]</label>
                            <visible>!ListItem.HasTimer + !ListItem.IsRecording</visible>
                        </control>
                    </focusedlayout>
                
                </control>
                <control type="group">
                    <bottom>0</bottom>
                    <height>180</height>
                    <left>side</left>
                    <right>side</right>
                    <control type="grouplist">
                        <orientation>vertical</orientation>
                        <itemgap>pad</itemgap>
                        <control type="label">
                            <height>36</height>
                            <font>Font-InfoBox-Title</font>
                            <label>$INFO[ListItem.Title]</label>
                        </control>
                        <control type="label">
                            <height>36</height>
                            <font>Font-ListInfo-Small-Bold</font>
                            <label>[UPPERCASE][COLOR=$VAR[HighlightColor2]]$INFO[ListItem.Genre][/COLOR][/UPPERCASE]$INFO[ListItem.StartTime,   ,]$INFO[ListItem.EndTime,  -  ,]</label>
                        </control>
                        <control type="textbox">
                            <height>76</height>
                            <font>Font-ListInfo</font>
                            <label>$INFO[ListItem.Plot]</label>
                        </control>
                    </control>
                </control>
            </control>
    </include>

    <include name="LiveTVTimersView">
        <control type="group" description="TV Timers group">
            <visible>Control.IsVisible(50)</visible>
            <include>PVR9350BACK</include>
            
            <control type="list" id="50" description="TIMERS">     
                <posx>listx</posx>
                <posy>listy</posy>
                <width>945</width>
                <height>700</height>
                <onleft>60</onleft>
                <onright>9000</onright>
                <onback>9350</onback>
                <onup>50</onup>
                <ondown>50</ondown>
                <pagecontrol>60</pagecontrol>
                <viewtype label="19040">list</viewtype>
                <scrolltime>200</scrolltime>
                <orientation>vertical</orientation>
                <include>PVRRecordingLayout</include>
            </control>
            <include>PVRInfoPanel</include>
        </control>
    </include>
    <include name="LiveTVSearchView">
        <control type="group" description="TV Search group">
            <visible>Control.IsVisible(50)</visible>
            <include>PVR9350BACK</include>
            <control type="list" id="50">
                <posx>listx</posx>
                <posy>listy</posy>
                <width>945</width>
                <height>700</height>
                <onleft>60</onleft>
                <onright>9000</onright>
                <onback>9350</onback>
                <onup>50</onup>
                <ondown>50</ondown>
                <pagecontrol>60</pagecontrol>
                <viewtype label="137">list</viewtype>
                <scrolltime>200</scrolltime>
                <orientation>vertical</orientation>
                <include>PVRRecordingLayout</include>
            </control>
            <include>PVRInfoPanel</include>
        </control>
    </include>
</includes>
