<settings>
    <!-- Home Style -->   
        <!-- Home Style -->
    <setting id="HomeStyle" value="beveled" label="$LOCALIZE[31226]" condition="Stringcompare(Skin.CurrentColourTheme,Light)" icon="special://skin/extras/viewthumbs/home_beveled_light.jpg" description=""/>
    <setting id="HomeStyle" value="emptybeveled" label="$LOCALIZE[31271]" condition="Stringcompare(Skin.CurrentColourTheme,Light)" icon="special://skin/extras/viewthumbs/home_emptybeveled_light.jpg" description=""/>
    <setting id="HomeStyle" value="rounded" label="$LOCALIZE[31227]" condition="Stringcompare(Skin.CurrentColourTheme,Light)" icon="special://skin/extras/viewthumbs/home_rounded_light.jpg" description=""/>
    <setting id="HomeStyle" value="emptyrounded" label="$LOCALIZE[31274]" condition="Stringcompare(Skin.CurrentColourTheme,Light)" icon="special://skin/extras/viewthumbs/home_emptyrounded_light.jpg" description=""/>
    <setting id="HomeStyle" value="squared" label="$LOCALIZE[31228]" condition="Stringcompare(Skin.CurrentColourTheme,Light)" icon="special://skin/extras/viewthumbs/home_squared_light.jpg" description=""/>
    <setting id="HomeStyle" value="emptysquared" label="$LOCALIZE[31272]" condition="Stringcompare(Skin.CurrentColourTheme,Light)" icon="special://skin/extras/viewthumbs/home_emptysquared_light.jpg" description=""/>
    <setting id="HomeStyle" value="circle" label="$LOCALIZE[31273]" condition="Stringcompare(Skin.CurrentColourTheme,Light)" icon="special://skin/extras/viewthumbs/home_circle_light.jpg" description=""/>
    <setting id="HomeStyle" value="emptycircle" label="$LOCALIZE[31270]" condition="Stringcompare(Skin.CurrentColourTheme,Light)" icon="special://skin/extras/viewthumbs/home_emptycircle_light.jpg" description=""/>
    <setting id="HomeStyle" value="textintile" label="$LOCALIZE[31181]" condition="Stringcompare(Skin.CurrentColourTheme,Light)" icon="special://skin/extras/viewthumbs/home_textintile_light.jpg" description=""/>
    <setting id="HomeStyle" value="textonly" label="$LOCALIZE[31182]" condition="Stringcompare(Skin.CurrentColourTheme,Light)" icon="special://skin/extras/viewthumbs/home_textonly_light.jpg" description=""/>
       
 <setting id="HomeStyle" value="beveled" label="$LOCALIZE[31226]" condition="Stringcompare(Skin.CurrentColourTheme,SKINDEFAULT)" icon="special://skin/extras/viewthumbs/home_beveled_default.jpg" description=""/>
    <setting id="HomeStyle" value="emptybeveled" label="$LOCALIZE[31271]" condition="Stringcompare(Skin.CurrentColourTheme,SKINDEFAULT)" icon="special://skin/extras/viewthumbs/home_emptybeveled_default.jpg" description=""/>
    <setting id="HomeStyle" value="rounded" label="$LOCALIZE[31227]" condition="Stringcompare(Skin.CurrentColourTheme,SKINDEFAULT)" icon="special://skin/extras/viewthumbs/home_rounded_default.jpg" description=""/>
    <setting id="HomeStyle" value="emptyrounded" label="$LOCALIZE[31274]" condition="Stringcompare(Skin.CurrentColourTheme,SKINDEFAULT)" icon="special://skin/extras/viewthumbs/home_emptyrounded_default.jpg" description=""/>
    <setting id="HomeStyle" value="squared" label="$LOCALIZE[31228]" condition="Stringcompare(Skin.CurrentColourTheme,SKINDEFAULT)" icon="special://skin/extras/viewthumbs/home_squared_default.jpg" description=""/>
    <setting id="HomeStyle" value="emptysquared" label="$LOCALIZE[31272]" condition="Stringcompare(Skin.CurrentColourTheme,SKINDEFAULT)" icon="special://skin/extras/viewthumbs/home_emptysquared_default.jpg" description=""/>
    <setting id="HomeStyle" value="circle" label="$LOCALIZE[31273]" condition="Stringcompare(Skin.CurrentColourTheme,SKINDEFAULT)" icon="special://skin/extras/viewthumbs/home_circle_default.jpg" description=""/>
    <setting id="HomeStyle" value="emptycircle" label="$LOCALIZE[31270]" condition="Stringcompare(Skin.CurrentColourTheme,SKINDEFAULT)" icon="special://skin/extras/viewthumbs/home_emptycircle_default.jpg" description=""/>
    <setting id="HomeStyle" value="textintile" label="$LOCALIZE[31181]" condition="Stringcompare(Skin.CurrentColourTheme,SKINDEFAULT)" icon="special://skin/extras/viewthumbs/home_textintile_default.jpg" description=""/>
    <setting id="HomeStyle" value="textonly" label="$LOCALIZE[31182]" condition="Stringcompare(Skin.CurrentColourTheme,SKINDEFAULT)" icon="special://skin/extras/viewthumbs/home_textonly_default.jpg" description=""/>
    <setting id="HomeStyle" value="icontiles" label="$LOCALIZE[31275]" condition="Stringcompare(Skin.CurrentColourTheme,SKINDEFAULT)" icon="special://skin/extras/viewthumbs/home_icontiles_default.jpg" description=""/>
    	
    <!-- Widget Style  Light-->
    <setting id="WidgetStyle" value="beveledwidget" label="$LOCALIZE[31257]" condition="Stringcompare(Skin.CurrentColourTheme,Light)" icon="special://skin/extras/viewthumbs/widget_beveled_light.jpg" description=""/>
    <setting id="WidgetStyle" value="roundedwidget" label="$LOCALIZE[31258]" condition="Stringcompare(Skin.CurrentColourTheme,Light)" icon="special://skin/extras/viewthumbs/widget_rounded_light.jpg" description=""/>
    <setting id="WidgetStyle" value="squaredwidget" label="$LOCALIZE[31259]" condition="Stringcompare(Skin.CurrentColourTheme,Light)" icon="special://skin/extras/viewthumbs/widget_squared_light.jpg" description=""/>
    
    <setting id="WidgetStyle" value="beveledwidget" label="$LOCALIZE[31257]" condition="Stringcompare(Skin.CurrentColourTheme,SKINDEFAULT)" icon="special://skin/extras/viewthumbs/widget_beveled_default.jpg" description=""/>
    <setting id="WidgetStyle" value="roundedwidget" label="$LOCALIZE[31258]" condition="Stringcompare(Skin.CurrentColourTheme,SKINDEFAULT)" icon="special://skin/extras/viewthumbs/widget_rounded_default.jpg" description=""/>
    <setting id="WidgetStyle" value="squaredwidget" label="$LOCALIZE[31259]" condition="Stringcompare(Skin.CurrentColourTheme,SKINDEFAULT)" icon="special://skin/extras/viewthumbs/widget_squared_default.jpg" description=""/>
    
    <!-- Music Visualisation -->
    <setting id="MusicVisualisation" value="fanart" label="Fanart" condition="Stringcompare(Skin.CurrentColourTheme,Light)" icon="special://skin/extras/viewthumbs/music_fanart_light.jpg" description=""/>
    <setting id="MusicVisualisation" value="artistslideshow" label="$LOCALIZE[31220]" condition="Stringcompare(Skin.CurrentColourTheme,Light)" icon="special://skin/extras/viewthumbs/music_artistslideshow_light.jpg" description=""/>
    <setting id="MusicVisualisation" value="albumswall" label="$LOCALIZE[31219]" condition="Stringcompare(Skin.CurrentColourTheme,Light)" icon="special://skin/extras/viewthumbs/music_albumswall_light.jpg" description=""/>
    <setting id="MusicVisualisation" value="none" label="$LOCALIZE[31189]" condition="Stringcompare(Skin.CurrentColourTheme,Light)" icon="special://skin/extras/viewthumbs/music_none_light.jpg" description=""/>
    
    <setting id="MusicVisualisation" value="fanart" label="Fanart" condition="Stringcompare(Skin.CurrentColourTheme,SKINDEFAULT)" icon="special://skin/extras/viewthumbs/music_fanart_default.jpg" description=""/>
    <setting id="MusicVisualisation" value="artistslideshow" label="$LOCALIZE[31220]" condition="Stringcompare(Skin.CurrentColourTheme,SKINDEFAULT)" icon="special://skin/extras/viewthumbs/music_artistslideshow_default.jpg" description=""/>
    <setting id="MusicVisualisation" value="albumswall" label="$LOCALIZE[31219]" condition="Stringcompare(Skin.CurrentColourTheme,SKINDEFAULT)" icon="special://skin/extras/viewthumbs/music_albumswall_default.jpg" description=""/>
    <setting id="MusicVisualisation" value="none" label="$LOCALIZE[31189]" condition="Stringcompare(Skin.CurrentColourTheme,SKINDEFAULT)" icon="special://skin/extras/viewthumbs/music_none_default.jpg" description=""/>
</settings>
