<?xml version="1.0" encoding="UTF-8" standalone="yes"?>
<addon id="plugin.video.tdbwizard" 
	     name="[COLOR grey].[COLOR whitesmoke]TDB[/COLOR] [COLOR lightskyblue]Wizard[/COLOR]" 
	     version="9.16" 
	     provider-name="Team TDB">
  <requires>
  	<import addon="xbmc.python" version="2.1.0"/>
	<import addon="plugin.video.youtube"  optional="true"/>
	<import addon="script.module.requests" version="2.9.1"/>
  </requires>
  <extension point="xbmc.python.pluginsource" library="default.py">
        <provides>executable</provides>
  </extension>
  <extension point="xbmc.service" library="service.py" start="startup">
  </extension> 
  <extension point="xbmc.addon.metadata">
    <platform>all</platform>
    <summary lang="en">[COLOR whitesmoke]TDB[/COLOR] [COLOR lightskyblue]Wizard[/COLOR] - [COLOR whitesmoke]TEAM TDB[/COLOR]</summary>
    <description lang="en">TDB WIZARD is the home of TEAM TDB. A group of likewise build makers with a passion for Kodi. Here you can get all of our builds plus many other great features. TEAM TDB Includes, TDB Wizard, LeeTV, DoneRight, Kodi Heaven, Mystic and Kiddo.</description>
    <disclaimer lang="en"></disclaimer>
    <language></language>
    <platform>all</platform>
    <license>GNU GENERAL PUBLIC LICENSE. Version 2, June 1991</license>
    <forum>http://www.tdbwizard.co.uk/forum</forum>
    <website>http://www.tdbwizard.co.uk</website>
    <email>tdbwizard@gmail.com</email>
  </extension>
</addon>