﻿<?xml version="1.0" encoding="UTF-8" standalone="yes"?>
<addon id="resource.images.skinbackgrounds.vibe2.he" name="Skin Backgrounds - The Vibe2 backgrounds (Hebrew)" version="1.0.0" provider-name="Adir Abutbul, Benny Buchnik">
	<extension point="kodi.resource.images" compile="false" type="skinbackgrounds" />
	<requires>
		<import addon="kodi.resource" version="1.0.0"/>
	</requires>
	<extension point="xbmc.addon.metadata">
		<summary lang="en">Skin backgrounds Pack - The Vibe2 Design</summary>
		<description lang="en">Skin backgrounds Pack - The Vibe2 Design</description>
		<summary lang="he">חבילת רקעים - סגנון וייב</summary>
		<description lang="he">חבילת רקעים - סגנון וייב</description>
		<platform>all</platform>
	</extension>
</addon>
