<?xml version="1.0" encoding="UTF-8"?>
<addon id="skin.eminence.heb" version="1.3" name="Eminence He" provider-name="jurialmunkey">
    <requires>
        <import addon="xbmc.gui" version="5.3.0"/>
        <import addon="service.skin.widgets" version="0.0.29"/>
        <import addon="service.library.data.provider" version="0.0.7"/>
        <import addon="script.favourites" version="6.0.1"/>
        <import addon="script.globalsearch" version="3.0.4"/>
        <import addon="script.eminencefunctions" version="0.0.1"/>
    </requires>
    <extension
    point="xbmc.gui.skin"
    defaultthemename="textures.xbt"
    debugging="false"
    effectslowdown="1">
        <res width="1920" height="1080" aspect="16:9" default="true" folder="1080i" />
    </extension>
    <extension point="xbmc.addon.metadata">
        <platform>all</platform>
        <summary lang="en">Created by jurialmunkey</summary>
        <summary lang="he">נוצר על ידי jurialmunkey/Abeksis</summary>
        <description lang="he">ערכת הנושא מציגה תצוגה מרהיבה, בסגנון אריחים על מכשירים כדוגמת הטלוויזיה ומאפשרת לכם ניווט נוח בין מגוון הקטגוריות, סרטים, מוזיקה, מזג אוויר, סדרות, ערוצי טלוויזיה ועוד.  יישור לימין והתאמה לעברית בוצעו על ידי אבי אבקסיס ( Abeksis ).</description>
        <description lang="en">Eminence is a skin that seeks simplicity, functionality, and customisability with a modern look</description>
    </extension>
</addon>