<?xml version="1.0" encoding="UTF-8"?>
<addon id="plugin.video.RoiD" version="2017.02.06" name="RoiD" provider-name="RoiD">
  <requires>
   <import addon="xbmc.python" version="2.14.0"/>
   <import addon="script.module.simplejson" />
   <import addon="script.module.six" />
   <import addon="script.module.requests" />
   <import addon="script.module.livestreamer" />
   <import addon="repository.RoiD" />
  </requires>
  <extension 
    point="xbmc.python.pluginsource"
    library="default.py">
   <provides>video</provides>
  </extension>
  <extension point="xbmc.addon.metadata">
    <summary>ערוצים לצפייה ישירה הנאספים ברשת</summary>
    <description>שלום לכולם
ההרחבה RoiD מכילה ערוצים לצפייה ישירה הנאספים ברשת.

הבהרה חשובה!!!
מפתח התוסף לא משדר לא מאחסן ולא מארח שידורים או תומך בכך, אין המפתח נותן אחריות על הקישורים אלא מעתיקם מאתרים ברשת, ערוצי הטלוויזיה בתוסף נאספים במאמץ רב על מנת שתוכלו להנות ולצפות בתוכן שכבר נמצא ברחבי הרשת באמצעות Kodi.
</description>
	<disclaimer>The author does not host or distribute any of the content displayed by this addon. The author does not have any affiliation with the content provider.</disclaimer>
    <license>GNU GENERAL PUBLIC LICENSE. Version 2, June 1991</license>
    <platform>all</platform>
  </extension>
</addon>