<?xml version="1.0" encoding="UTF-8" standalone="yes"?>
<addon id="plugin.program.repotools" name="הרחבות בקליק" version="1.1.9" provider-name="kodi senyor">
	<requires>
		<import addon="xbmc.python" version="2.1.0"/>
	    <import addon="script.module.addon.common" />
	</requires>
	<extension point="xbmc.python.pluginsource" library="default.py">
		<provides>executable</provides>
	</extension>
	<extension point="xbmc.addon.metadata">
		<summary></summary>
		<description>easy addons install (special thanks to tomer haimovitch)</description>
		<platform>all</platform>
	</extension>
</addon>