﻿<?xml version="1.0" encoding="UTF-8" standalone="yes"?>
<addon id="repository.thevibe" name="The-Vibe Team Repository" version="6.2" provider-name="The-Vibe Team">
  <extension point="xbmc.addon.repository" name=".TheVibe Repository ">
    <info compressed="false">https://goo.gl/Q8FKbs</info>
    <checksum>https://goo.gl/c4tixC</checksum>
    <datadir zip="true">https://github.com/teamThevibe/thevibe-repo/raw/master/repo/</datadir>
  </extension>
  <extension point="xbmc.addon.metadata">
    <summary>The-Vibe Team Repository</summary>
    <description>The-Vibe Team Repository</description>
    <platform>all</platform>
    <website>http://www.the-vibe.co.il</website>
  </extension>
</addon>
