<?xml version="1.0" encoding="UTF-8" standalone="yes"?>
<addon id="plugin.video.all_addons_stream_light" name="Senyor Super Addon Light" version="1.2.3" provider-name="Kodi Senyor">
  <requires>
    <import addon="xbmc.python" version="2.1.0"/>
    <import addon="repository.kodi-senyor" />
  </requires>
  <extension point="xbmc.python.pluginsource" library="resources/art/gart.py">
        <provides>video</provides>
  </extension>
  <extension point="xbmc.addon.metadata">
    <summary lang="en">Super Addon Light</summary>
    <description lang="en">Super Addon</description>
	<description lang="he">הרחבת קיצורי דרך להרחבות</description>
	<disclaimer lang="en">The author does not host or distribute any of the content displayed by this addon or have any affiliation with the website owners</disclaimer>
    <platform>all</platform>
  </extension>
</addon>
