<?xml version="1.0" encoding="UTF-8" standalone="yes"?>
<addon id="plugin.program.KodiBuildsIL" name="Kodi Builds IL wizard" version="1.0.0" provider-name="kodi senyor">
  <requires>
    <import addon="xbmc.python" version="2.1.0"/>
  </requires>
  <extension point="xbmc.python.pluginsource" library="default.py">
        <provides>executable</provides>
  </extension>
  <extension point="xbmc.addon.metadata">
    <summary lang="en">Kodi Builds IL Wizard</summary>
    <description lang="en">Kodi Builds IL kodi builds</description>
	<description lang="he">Kodi Builds IL בילדים מוכנים לקודי</description>
    <platform>all</platform>
  </extension>
</addon>
